nazov_en;kategoria_navrh;kuchyna;tazko_dostupnych;suroviny_na_nahradu;pocet_ingrediencii;zdroj;zdroj_url;themealdb_id;kategoria_tmdb;ingrediencie;uz_mam
Antiguan Breakfast (Chop Up and ‘Saltfish’);Raňajky;;0;;8;TheMealDB;https://www.themealdb.com/meal/53430;53430;Breakfast;Egg Plants, Callaloo, Pumpkin, Garlic, Onion, Butter, Salt, Black Pepper;nie
Bread omelette;Raňajky;India;0;;3;TheMealDB;https://www.themealdb.com/meal/53076;53076;Breakfast;Bread, Egg, Salt;nie
Breakfast Potatoes;Raňajky;Canadian;0;;9;TheMealDB;https://www.themealdb.com/meal/52965;52965;Breakfast;Potatoes, Olive Oil, Bacon, Garlic Clove, Maple Syrup, Parsley, Salt, Pepper, Allspice;nie
Dutch poffertjes (mini pancakes);Raňajky;Netherlands;0;;9;TheMealDB;https://www.themealdb.com/meal/53379;53379;Breakfast;Flour, Buckwheat Flour, Eggs, Butter, Milk, Yeast, vanilla sugar, Butter, Icing Sugar;nie
English Breakfast;Raňajky;British;0;;7;TheMealDB;https://www.themealdb.com/meal/52895;52895;Breakfast;Sausages, Bacon, Mushrooms, Tomatoes, Black Pudding, Eggs, Bread;nie
Flija Layered Pancake / Crepe;Raňajky;;0;;12;TheMealDB;https://www.themealdb.com/meal/53413;53413;Breakfast;Flour, Water, Salt, Melted Butter, Vegetable Oil, Greek Yogurt, Melted Butter, Vegetable Oil, Clotted Cream, Melted Butter, Sour Cream, Olive Oil;nie
Fruit and Cream Cheese Breakfast Pastries;Raňajky;United States;0;;8;TheMealDB;https://www.themealdb.com/meal/52957;52957;Breakfast;Cream Cheese, Sugar, Vanilla Extract, Flour, Puff Pastry, Strawberries, Raspberries, Blackberries;nie
Full English Breakfast;Raňajky;British;0;;8;TheMealDB;https://www.themealdb.com/meal/52896;52896;Breakfast;Sausages, Bacon, Mushrooms, Tomatoes, Black Pudding, Eggs, Bread, Baked Beans;nie
Grits;Raňajky;;0;;3;TheMealDB;https://www.themealdb.com/meal/53450;53450;Breakfast;Grits, Salt, Water;nie
Jamaican Cornmeal Porridge;Raňajky;Jamaican;0;;8;TheMealDB;https://www.themealdb.com/meal/53363;53363;Breakfast;Water, Coconut Milk, Fine Yellow Cornmeal, Vanilla Extract, Ground Cinnamon, Ground Nutmeg, Ground Allspice, Sweetened Condensed Milk;nie
Oatmeal pancakes;Raňajky;Venezuela;0;;10;TheMealDB;https://www.themealdb.com/meal/53331;53331;Breakfast;Egg, Milk, Sugar, Baking Powder, Salt, Vanilla Extract, Ground Oats, Butter, Sugar Syrup, Strawberries;nie
Rømmegrøt – Norwegian Sour Cream Porridge;Raňajky;Norway;0;;7;TheMealDB;https://www.themealdb.com/meal/53118;53118;Breakfast;Full fat sour cream, Flour, Milk, Salt, Sugar, Cinnamon, Butter;nie
Salmon Eggs Eggs Benedict;Raňajky;United States;0;;9;TheMealDB;https://www.themealdb.com/meal/52962;52962;Breakfast;Eggs, White Wine Vinegar, English Muffins, Butter, Smoked Salmon, Lemon Juice, White Wine Vinegar, Egg, Unsalted Butter;nie
Ugali – Kenyan cornmeal;Raňajky;Kenyan;0;;2;TheMealDB;https://www.themealdb.com/meal/53114;53114;Breakfast;Water, White Cornmeal;nie
Yemeni Lahsa (Elite Shakshuka);Raňajky;Saudi Arabian;0;;7;TheMealDB;https://www.themealdb.com/meal/53225;53225;Breakfast;Egg, Onion, Tomato, Olive Oil, Allspice, Black Pepper, Liquid Cheese;nie
Home-made Mandazi;Raňajky;Kenyan;1;polohrubá múka s kypriacim → hladká múka + prášok do pečiva;4;TheMealDB;https://www.themealdb.com/meal/52967;52967;Breakfast;Self-raising Flour, Sugar, Eggs, Milk;nie
Smoked Haddock Kedgeree;Raňajky;India;1;údená treska jednoškvrnná → údená makrela;12;TheMealDB;https://www.themealdb.com/meal/52964;52964;Breakfast;Butter, Onion, Cardamom, Turmeric, Cinnamon Stick, Bay Leaf, Basmati Rice, Chicken Stock, Smoked Haddock, Eggs, Parsley, Lemon;nie
Torrijas;Raňajky;;1;suché sherry → suché biele víno + kvapka brandy;10;TheMealDB;https://www.themealdb.com/meal/53415;53415;Breakfast;Orange, Lemon, Whole Milk, Sugar, Cinnamon Stick, Dry sherry, Baguette, Olive Oil, Eggs, Honey;nie
Torrijas with sherry;Raňajky;Spanish;2;smotana 48 % → smotana na šľahanie 33 % + 1 PL masla na 100 ml | créme fraiche → kyslá smotana 16 %;9;TheMealDB;https://www.themealdb.com/meal/53165;53165;Breakfast;Egg, Double Cream, Milk, Golden Caster Sugar, Sweet Sherry, Bread, Olive Oil, Icing Sugar, Creme Fraiche;nie
 Bubble & Squeak;Hlavné jedlo;British;0;;6;TheMealDB;https://www.themealdb.com/meal/52885;52885;Pork;Butter, Bacon, Onion, Garlic Clove, Brussels Sprouts, Potatoes;nie
15-minute chicken & halloumi burgers;Hlavné jedlo;United States;0;;11;TheMealDB;https://www.themealdb.com/meal/53085;53085;Chicken;Chicken Breasts, Oil, Hotsauce, Lemon Juice, Buns, Cheese, Cabbage, Mayonnaise, Sour Cream, Lettuce, Red Pepper;nie
Acaraje black-eyed pea fritters with shrimp filling;Hlavné jedlo;;0;;18;TheMealDB;https://www.themealdb.com/meal/53483;53483;Seafood;Black Eyed Peas, Garlic, Green Chilli, Red Onions, Plain Flour, Salt, Chilli Powder, Baking Powder, Vegetable Oil, Red Onions, Ginger, Garlic, Red Chilli, Raw tiger prawns, Vegetable Oil, Plum Tomatoes, Coriander, Lime;nie
Achiote Oil (Aceite Achiotado) Recipe;Hlavné jedlo;;0;;2;TheMealDB;https://www.themealdb.com/meal/53527;53527;Miscellaneous;Vegetable Oil, Achiote Seeds;nie
Air fryer patatas bravas;Hlavné jedlo;Spanish;0;;8;TheMealDB;https://www.themealdb.com/meal/53158;53158;Vegetarian;Potatoes, Olive Oil, Onion, Garlic, Paprika, Tomato Puree, Tinned Tomatos, Basil Leaves;nie
Ají de Aguacate Recipe (Colombian Spicy Avocado Sauce);Hlavné jedlo;;0;;9;TheMealDB;https://www.themealdb.com/meal/53525;53525;Miscellaneous;Avocado, Habanero Pepper, Egg, Lime, Salt, Vinegar, Onion, Scallions, Cilantro;nie
Algerian Flafla (Bell Pepper Salad);Hlavné jedlo;Algerian;0;;7;TheMealDB;https://www.themealdb.com/meal/53288;53288;Vegetarian;Green Pepper, Olive Oil, Red Onions, Garlic, Salt, Pepper, Plum Tomatoes;nie
Algerian Kefta (Meatballs);Hlavné jedlo;Algerian;0;;8;TheMealDB;https://www.themealdb.com/meal/53281;53281;Beef;Ground Beef, Garlic, Onion, Salt, Pepper, Plum Tomatoes, Parsley, Water;nie
Amok Trey – Cambodian Fish Curry;Hlavné jedlo;;0;;12;TheMealDB;https://www.themealdb.com/meal/53495;53495;Seafood;Fish fillet, Coconut Milk, Red Curry Paste, Fish Sauce, Brown Sugar, Chicken Stock, Egg, Kaffir Lime Leaves, Vegetable Oil, Banana Leaves, Cilantro, Lime;nie
Arepa Pabellón;Hlavné jedlo;Venezuela;0;;8;TheMealDB;https://www.themealdb.com/meal/53334;53334;Beef;Corn Arepa Filled With Mozarella Cheese, Fried Ripe Bananas, Black Beans, Pico De Gallo Sauce, Shredded Meat, Tomato, Salt, Pepper;nie
Arepa pelua;Hlavné jedlo;Venezuela;0;;12;TheMealDB;https://www.themealdb.com/meal/53329;53329;Beef;Beef, Onion, Red Pepper, Garlic, Cumin, Oregano, Paprika, Beef Stock, Water, Salt, Cheese, Extra Virgin Olive Oil;nie
Asado;Hlavné jedlo;Argentina;0;;4;TheMealDB;https://www.themealdb.com/meal/53133;53133;Beef;Mixed Beef Cuts, Chorizo, Morcilla, Salt;nie
Aubergine & hummus grills;Hlavné jedlo;Turkish;0;;9;TheMealDB;https://www.themealdb.com/meal/53278;53278;Vegetarian;Aubergine, Vegetable Oil, Bread, Hummus, Walnuts, Parsley, Cherry Tomatoes, Lemon, Extra Virgin Olive Oil;nie
Aubergine couscous salad;Hlavné jedlo;Turkish;0;;8;TheMealDB;https://www.themealdb.com/meal/53267;53267;Vegetarian;Aubergine, Olive Oil, Couscous, Vegetable Stock, Cherry Tomatoes, Mint, Goats Cheese, Lemon;nie
Aussie Burgers;Hlavné jedlo;Australian;0;;5;TheMealDB;https://www.themealdb.com/meal/53099;53099;Beef;Lean Minced Steak, Cooked Beetroot, Naan Bread, Rocket, Soured cream and chive dip;nie
Avocado dip with new potatoes;Hlavné jedlo;Australian;0;;9;TheMealDB;https://www.themealdb.com/meal/53107;53107;Vegetarian;Avocado, Natural Yoghurt, Lime, Lemon, Baby New Potatoes, Olive Oil, Hot Chilli Powder, Cumin Seeds, Tortillas;nie
BBQ Pork Sloppy Joes;Hlavné jedlo;United States;0;;13;TheMealDB;https://www.themealdb.com/meal/52995;52995;Pork;Potatoes, Red Onions, Garlic, Lime, Bread, Pork, Barbeque Sauce, Hotsauce, Tomato Ketchup, Sugar, Vegetable Oil, Salt, Pepper;nie
Bahia-style Moqueca prawn stew;Hlavné jedlo;;0;;13;TheMealDB;https://www.themealdb.com/meal/53481;53481;Seafood;Raw King Prawns, Lime juice, Garlic, Coconut Oil, Spring Onions, Onion, Red Pepper, Chilli Flakes, Paprika, Plum Tomatoes, Coconut Milk, Coriander, Rice;nie
Baingan Bharta;Hlavné jedlo;India;0;;9;TheMealDB;https://www.themealdb.com/meal/52807;52807;Vegetarian;Aubergine, Onion, Tomatoes, Garlic, Green Chilli, Red Chilli Powder, Oil, Coriander Leaves, salt;nie
Baked salmon with fennel & tomatoes;Hlavné jedlo;British;0;;7;TheMealDB;https://www.themealdb.com/meal/52959;52959;Seafood;Fennel, Parsley, Lemon, Cherry Tomatoes, Olive Oil, Salmon, Black Olives;nie
Bang bang prawn salad;Hlavné jedlo;Vietnamese;0;;8;TheMealDB;https://www.themealdb.com/meal/53239;53239;Seafood;Rice Noodles, Peanut Butter, Coconut Milk, sweet chilli sauce, Spring Onions, Cucumber, Bean Sprouts, Prawns;nie
Bangladeshi fish curry with daikon;Hlavné jedlo;;0;;12;TheMealDB;https://www.themealdb.com/meal/53451;53451;Seafood;White Fish, Daikon Radish, Vegetable Oil, Garlic, Onion, Salt, Ground Turmeric, Ground Coriander, Chilli Powder, Green Chilli, Coriander Leaves, Lime;nie
Barbecue pork buns;Hlavné jedlo;Vietnamese;0;;10;TheMealDB;https://www.themealdb.com/meal/53242;53242;Pork;Sugar, White Bread Mix, Sunflower Oil, Bacon, Ginger, Garlic, Soy Sauce, Clear Honey, Tomato Puree, Egg;nie
Barramundi with Moroccan spices;Hlavné jedlo;Australian;0;;9;TheMealDB;https://www.themealdb.com/meal/53103;53103;Seafood;barramundi, Ground Cumin, Coriander, Paprika, Chili Powder, Garlic Clove, Lemon, Olive Oil, Coriander;nie
Beef Asado;Hlavné jedlo;Filipino;0;;14;TheMealDB;https://www.themealdb.com/meal/53071;53071;Beef;Beef, Beef Stock Concentrate, Tomato Puree, Water, Soy Sauce, White Wine Vinegar, Pepper, Bay Leaf, Lemon, Tomato Sauce, Butter, Olive Oil, Onion, Garlic;nie
Beef Banh Mi Bowls with Sriracha Mayo, Carrot & Pickled Cucumber;Hlavné jedlo;Vietnamese;0;;8;TheMealDB;https://www.themealdb.com/meal/52997;52997;Beef;Rice, Onion, Lime, Garlic Clove, Cucumber, Carrots, Ground Beef, Soy Sauce;nie
Beef Bourguignon;Hlavné jedlo;France;0;;15;TheMealDB;https://www.themealdb.com/meal/52904;52904;Beef;Goose Fat, Beef Shin, Bacon, Challots, Chestnut Mushroom, Garlic Clove, Bouquet Garni, Tomato Puree, Red Wine, Celeriac, Olive Oil, Thyme, Rosemary, Bay Leaf, Cardamom;nie
Beef Brisket Pot Roast;Hlavné jedlo;United States;0;;11;TheMealDB;https://www.themealdb.com/meal/52812;52812;Beef;Beef Brisket, Salt, Onion, Garlic, Thyme, Rosemary, Bay Leaves, beef stock, Carrots, Mustard, Potatoes;nie
Beef Caldereta;Hlavné jedlo;Filipino;0;;14;TheMealDB;https://www.themealdb.com/meal/53070;53070;Beef;Beef, Beef Stock, Soy Sauce, Water, Green Pepper, Red Pepper, Potatoes, Carrots, Tomato Puree, Peanut Butter, Chilli Powder, Onion, Garlic, Olive Oil;nie
Beef Empanadas;Hlavné jedlo;Uruguayan;0;;18;TheMealDB;https://www.themealdb.com/meal/53317;53317;Beef;Lard, Water, Salt, All purpose flour, Tomato, Garlic, Red Onions, Spring Onions, Sirloin steak, Dried Oregano, Paprika, Red Pepper Flakes, Parsley, Salt, Pepper, Egg, Egg Wash, Chimichurri sauce;nie
Beef Mandi;Hlavné jedlo;India;0;;12;TheMealDB;https://www.themealdb.com/meal/53359;53359;Beef;Basmati Rice, Beef Stock, Onion, Garlic, Green Chilli, Tomato, Salt, Oil, Turmeric Powder, Cardamom, Cloves, Bay Leaf;nie
Beef Mechado;Hlavné jedlo;Filipino;0;;12;TheMealDB;https://www.themealdb.com/meal/53068;53068;Beef;Garlic, Onion, Beef, Tomato Puree, Water, Olive Oil, Lemon, Potatoes, Soy Sauce, Black Pepper, Bay Leaves, Salt;nie
Beef Sunday Roast;Hlavné jedlo;British;0;;8;TheMealDB;https://www.themealdb.com/meal/52824;52824;Beef;Beef, Broccoli, Potatoes, Carrots, plain flour, Eggs, milk, sunflower oil;nie
Beef and Mustard Pie;Hlavné jedlo;British;0;;15;TheMealDB;https://www.themealdb.com/meal/52874;52874;Beef;Beef, Plain Flour, Rapeseed Oil, Red Wine, Beef Stock, Onion, Carrots, Thyme, Mustard, Egg Yolks, Puff Pastry, Green Beans, Butter, Salt, Pepper;nie
Beef and Oyster pie;Hlavné jedlo;British;0;;15;TheMealDB;https://www.themealdb.com/meal/52878;52878;Beef;Beef, Olive Oil, Shallots, Garlic, Bacon, Thyme, Bay Leaf, Stout, Beef Stock, Corn Flour, Oysters, Plain Flour, Salt, Butter, Eggs;nie
Beef pumpkin Stew;Hlavné jedlo;;0;;13;TheMealDB;https://www.themealdb.com/meal/53469;53469;Beef;Beef, All purpose flour, Butter, Onion, Garlic, Beef Stock, Pumpkin Puree, Worcestershire Sauce, Kosher Salt, Black Pepper, Potatoes, Carrots, Thyme;nie
Beetroot & red cabbage sauerkraut;Hlavné jedlo;Polish;0;;5;TheMealDB;https://www.themealdb.com/meal/53307;53307;Vegetarian;Beetroot, Red Cabbage, Onion, Caraway Seed, Sea Salt;nie
Beetroot Soup (Borscht);Hlavné jedlo;Ukrainian;0;;7;TheMealDB;https://www.themealdb.com/meal/53078;53078;Vegetarian;Beetroot, Olive Oil, Chicken Stock Cube, Water, Potatoes, Cannellini Beans, Dill;nie
Beetroot latkes;Hlavné jedlo;Ukrainian;0;;12;TheMealDB;https://www.themealdb.com/meal/53313;53313;Vegetarian;Rapeseed Oil, Greek Yogurt, Mint, Rocket, Cherry Tomatoes, Beetroot, Egg, Plain Flour, Garlic, Caraway Seed, Ground Cumin, Lemon;nie
Belgian Meatballs in Liège Syrup Sauce;Hlavné jedlo;;0;;20;TheMealDB;https://www.themealdb.com/meal/53463;53463;Beef;Minced Beef, Minced Pork, Onion, Garlic, Egg, Breadcrumbs, Mustard, Parsley, Salt, Pepper, Oil, Onion, Butter, Brown Sugar, White Wine Vinegar, Mustard, Sirop De Liège, Beef Stock, Bay Leaf, Beer;nie
Belgian Stoemp;Hlavné jedlo;;0;;12;TheMealDB;https://www.themealdb.com/meal/53468;53468;Pork;Sausages, Potatoes, Savoy Cabbage, Garlic, Parsley, Onion, Unsalted Butter, Beer, Whole Milk, Nutmeg, Pepper, Salt;nie
Belgian Waterzooi Chicken;Hlavné jedlo;;0;;15;TheMealDB;https://www.themealdb.com/meal/53466;53466;Chicken;Chicken Legs, Chicken Breast, Water, Carrots, Leek, Celery, Potatoes, Garlic, Rosemary, Cream, Bay Leaf, Unsalted Butter, Egg Yolks, Pepper, Salt;nie
Bengali Chicken Curry with Potatoes;Hlavné jedlo;;0;;12;TheMealDB;https://www.themealdb.com/meal/53453;53453;Chicken;Olive Oil, Onion, Ginger Garlic Paste, Tomato, Cayenne Pepper, Curry Powder, Garam Masala, Ground Turmeric, Ground Cumin, Chicken Breast, Red Potatoes, Cilantro;nie
Big Mac;Hlavné jedlo;United States;0;;14;TheMealDB;https://www.themealdb.com/meal/53013;53013;Beef;Minced Beef, Olive Oil, Sesame Seed Burger Buns, Onion, Iceberg Lettuce, Cheese, Dill Pickles, Mayonnaise, White Wine Vinegar, Pepper, Mustard, Onion Salt, Garlic Powder, Paprika;nie
Bigos (Hunters Stew);Hlavné jedlo;Polish;0;;20;TheMealDB;https://www.themealdb.com/meal/53018;53018;Pork;Bacon, Kielbasa, Pork, Flour, Garlic, Onion, Mushrooms, Cabbage, Sauerkraut, Red Wine, Bay Leaf, Basil, Marjoram, Paprika, Caraway Seed, Hotsauce, Beef Stock, Tomato Puree, Diced Tomatoes, Worcestershire Sauce;nie
Bigos (Polish hunter's stew);Hlavné jedlo;Polish;0;;16;TheMealDB;https://www.themealdb.com/meal/53300;53300;Beef;White Cabbage, Beef Stock, Mushrooms, Lard, German Sausages, Bacon, Onion, Beef, Prunes, Bay Leaf, Cloves, Peppercorns, Juniper Berries, Allspice Berries, Red Wine, Tomato Puree;nie
Bistek;Hlavné jedlo;Filipino;0;;8;TheMealDB;https://www.themealdb.com/meal/53069;53069;Beef;Beef, Soy Sauce, Lemon, Garlic, Onion, Olive Oil, Water, Salt;nie
Bitterballen (Dutch meatballs);Hlavné jedlo;Netherlands;0;;12;TheMealDB;https://www.themealdb.com/meal/52979;52979;Beef;Butter, Flour, Beef Stock, Onion, Parsley, Beef, Salt, Pepper, Nutmeg, Flour, Eggs, Breadcrumbs;nie
Black Beans Hotpot;Hlavné jedlo;;0;;11;TheMealDB;https://www.themealdb.com/meal/53536;53536;Vegetarian;Black Beans, Onion, Green Pepper, Red Pepper, Celery, Garlic, Ground Cumin, Oregano, Salt, Black Pepper, Water;nie
Black bean & meat stew - feijoada;Hlavné jedlo;;0;;10;TheMealDB;https://www.themealdb.com/meal/53482;53482;Beef;Black Beans, Bacon, Pork Back Ribs, Chorizo, Pork Shoulder, Onion, Garlic, Chilli Flakes, Oil, Bay Leaf;nie
Bolita di Keshi;Hlavné jedlo;;0;;4;TheMealDB;https://www.themealdb.com/meal/53438;53438;Miscellaneous;Cheddar Cheese, Feta, Eggs, Cornstarch;nie
Boxty Breakfast;Hlavné jedlo;Irish;0;;11;TheMealDB;https://www.themealdb.com/meal/53036;53036;Pork;Potatoes, Spring Onions, Plain Flour, Egg White, Milk, Bicarbonate Of Soda, Butter, Vegetable Oil, Cherry Tomatoes, Bacon, Egg;nie
Braised Beef Chilli;Hlavné jedlo;Mexican;0;;17;TheMealDB;https://www.themealdb.com/meal/52826;52826;Beef;Beef, Onions, Garlic, Olive oil, Chorizo, Cumin, Allspice, Cloves, Cinnamon stick, Bay Leaves, Oregano, Ancho Chillies, Balsamic Vinegar, Plum Tomatoes, Tomato Ketchup, Dark Brown Sugar, Borlotti Beans;nie
Braised stuffed cabbage;Hlavné jedlo;Polish;0;;11;TheMealDB;https://www.themealdb.com/meal/53305;53305;Vegetarian;Cabbage Leaves, Olive Oil, Onion, Rosemary, Celery, Basmati Rice, Cooked Chestnut, Cranberry, Vegetable Stock, Balsamic Vinegar, Clear Honey;nie
Breaded Steak Recipe (Lomo de Res Apanado);Hlavné jedlo;;0;;10;TheMealDB;https://www.themealdb.com/meal/53533;53533;Beef;Beef, Alinos Sauce, All purpose flour, Breadcrumbs, Ground Cumin, Eggs, Salt, Black Pepper, Parsley, Oil;nie
Brown Stew Chicken;Hlavné jedlo;Jamaican;0;;13;TheMealDB;https://www.themealdb.com/meal/52940;52940;Chicken;Chicken, Tomato, Onions, Garlic Clove, Red Pepper, Carrots, Lime, Thyme, Allspice, Soy Sauce, Cornstarch, Coconut Milk, Vegetable Oil;nie
Brun Lapskaus (Norwegian Beef Vegetable Stew);Hlavné jedlo;Norway;0;;11;TheMealDB;https://www.themealdb.com/meal/53126;53126;Beef;Olive Oil, Beef, Onion, Beef Stock, Swede, Celery, Carrots, Parsley, Potatoes, Leek, Parsley;nie
Bryndzové Halušky;Hlavné jedlo;Slovakia;0;;7;TheMealDB;https://www.themealdb.com/meal/53190;53190;Pork;Potatoes, Plain Flour, Egg, Salt, Bryndza cheese, Bacon, Chives;áno
Cabbage Soup (Shchi);Hlavné jedlo;Russian;0;;11;TheMealDB;https://www.themealdb.com/meal/53077;53077;Vegetarian;Unsalted Butter, Onion, Cabbage, Carrots, Celery, Bay Leaf, Vegetable Stock, Potatoes, Tomatoes, Sour Cream, Dill;nie
Cabbage with Ground Beef;Hlavné jedlo;;0;;15;TheMealDB;https://www.themealdb.com/meal/53488;53488;Beef;Olive Oil, Ground Beef, Onion, Carrots, Red Pepper, Tomato Puree, Garlic, Salt, Black Pepper, Smoked Paprika, Ground Cumin, Cabbage, Apple Cider Vinegar, Water, Parsley;nie
Cajun spiced fish tacos;Hlavné jedlo;Mexican;0;;12;TheMealDB;https://www.themealdb.com/meal/52819;52819;Seafood;cajun, cayenne pepper, white fish, vegetable oil, flour tortilla, avocado, little gem lettuce, Spring Onions, salsa, sour cream, lemon, garlic;nie
Callaloo Jamaican Style;Hlavné jedlo;Jamaican;0;;10;TheMealDB;https://www.themealdb.com/meal/52939;52939;Miscellaneous;Kale, Bacon, Garlic, Onion, Paprika, Thyme, Tomato, Red Pepper, Banana, Vegetable Oil;nie
Camaro Grelhado Com Molho Cru (Grilled Prawns with Green Onion Sauce);Hlavné jedlo;;0;;7;TheMealDB;https://www.themealdb.com/meal/53428;53428;Seafood;Prawns, Garlic, Spring Onions, Ground Cumin, Salt, White Vinegar, Water;nie
Cambodian Stir-fried Morning Glory with Pork, Fermented Soybeans, and Garlic;Hlavné jedlo;;0;;8;TheMealDB;https://www.themealdb.com/meal/53418;53418;Pork;Morning Glory, Minced Pork, Soya Bean, Garlic, Oil, Fish Sauce, Sugar, Chilli;nie
Carbonada Criolla;Hlavné jedlo;Argentina;0;;9;TheMealDB;https://www.themealdb.com/meal/53141;53141;Beef;Beef, Onion, Carrots, Potatoes, Pumpkin, Dried Apricots, Beef Stock, Salt, Pepper;nie
Carrot and Bean Fritters;Hlavné jedlo;;0;;11;TheMealDB;https://www.themealdb.com/meal/53576;53576;Vegetarian;Carrots, Canned Beans, Garlic, Flour, Breadcrumbs, Thyme, Parsley, Salt, Pepper, Thyme, Oil;nie
Cassava pizza;Hlavné jedlo;Venezuela;0;;8;TheMealDB;https://www.themealdb.com/meal/53330;53330;Pork;Casabe, Tomato Sauce, Chorizo, Turkey Ham, Sweetcorn, Green Olives, Paprika, Mozzarella;nie
Cevapi Sausages;Hlavné jedlo;Croatian;0;;12;TheMealDB;https://www.themealdb.com/meal/53055;53055;Beef;Minced Beef, Minced Pork, Onion, Garlic, Parsley, Paprika, Baking Powder, Breadcrumbs, Water, Vegetable Stock Cube, Salt, Pepper;nie
Chakchouka ;Hlavné jedlo;Tunisian;0;;11;TheMealDB;https://www.themealdb.com/meal/52969;52969;Miscellaneous;Tomatoes, Olive Oil, Onion, Red Pepper, Green Pepper, Garlic, Cumin, Paprika, Salt, Chili Powder, Eggs;nie
Chick-Fil-A Sandwich;Hlavné jedlo;United States;0;;14;TheMealDB;https://www.themealdb.com/meal/53016;53016;Chicken;Chicken Breast, Pickle Juice, Egg, Milk, Flour, Icing Sugar, Paprika, Salt, Black Pepper, Garlic Powder, Celery Salt, Cayenne Pepper, Olive Oil, Sesame Seed Burger Buns;nie
Chicken & chorizo rice pot;Hlavné jedlo;Spanish;0;;12;TheMealDB;https://www.themealdb.com/meal/53161;53161;Chicken;Oil, Chicken, Onion, Red Pepper, Garlic, Chorizo, Tomato Puree, Thyme, White Wine, Chicken Stock, Rice, Parsley;nie
Chicken & mushroom Hotpot;Hlavné jedlo;British;0;;11;TheMealDB;https://www.themealdb.com/meal/52846;52846;Chicken;Butter, Onion, Mushrooms, Plain Flour, Chicken Stock Cube, Nutmeg, Mustard Powder, Chicken, Sweetcorn, Potatoes, Butter;nie
Chicken Basquaise;Hlavné jedlo;France;0;;19;TheMealDB;https://www.themealdb.com/meal/52934;52934;Chicken;Chicken, Butter, Olive Oil, Red Onions, Red Pepper, Chorizo, Sun-Dried Tomatoes, Garlic, Basmati Rice, Tomato Puree, Paprika, Bay Leaves, Thyme, Chicken Stock, Dry White Wine, Lemons, Black Olives, Salt, Pepper;nie
Chicken Congee;Hlavné jedlo;Chinese;0;;9;TheMealDB;https://www.themealdb.com/meal/52956;52956;Chicken;Chicken, Salt, Pepper, Ginger Cordial, Ginger, Spring Onions, Rice, Water, Coriander;nie
Chicken Enchilada Casserole;Hlavné jedlo;Mexican;0;;4;TheMealDB;https://www.themealdb.com/meal/52765;52765;Chicken;Enchilada sauce, shredded Monterey Jack cheese, corn tortillas, chicken breasts;nie
Chicken Fried Rice;Hlavné jedlo;Chinese;0;;14;TheMealDB;https://www.themealdb.com/meal/53367;53367;Chicken;Chicken Thighs, Salt, Canola Oil, Egg, Onion, Garlic, Ground Ginger, Carrots, Peas, Jasmine Rice, Scallions, Chinese five spice powder, Soy Sauce, Sesame Seed Oil;nie
Chicken Handi;Hlavné jedlo;India;0;;16;TheMealDB;https://www.themealdb.com/meal/52795;52795;Chicken;Chicken, Onion, Tomatoes, Garlic, Ginger paste, Vegetable oil, Cumin seeds, Coriander seeds, Turmeric powder, Chilli powder, Green chilli, Yogurt, Cream, fenugreek, Garam masala, Salt;nie
Chicken Karaage;Hlavné jedlo;Japanese;0;;9;TheMealDB;https://www.themealdb.com/meal/52831;52831;Chicken;Chicken, Ginger, Garlic, Soy sauce, Sake, Granulated sugar, Potato starch, Vegetable oil, Lemon;nie
Chicken Liver Pate Recipe;Hlavné jedlo;;0;;9;TheMealDB;https://www.themealdb.com/meal/53455;53455;Chicken;Chicken Liver, Bacon, Garlic, Onion, Ground Mustard, Salt, Pepper, Milk, Sherry;nie
Chicken Lollipop;Hlavné jedlo;;0;;6;TheMealDB;https://www.themealdb.com/meal/53565;53565;Chicken;Chicken Wings, Black Pepper, Paprika, Garlic, Salt, Cornstarch;nie
Chicken Mandi;Hlavné jedlo;India;0;;15;TheMealDB;https://www.themealdb.com/meal/53358;53358;Chicken;Chicken, Basmati Rice, Water, Onion, Garlic, Green Chilli, Salt, Oil, Turmeric Powder, Coriander, Cardamom, Cloves, Cinnamon, Pepper, Bay Leaf;nie
Chicken Marengo;Hlavné jedlo;France;0;;7;TheMealDB;https://www.themealdb.com/meal/52920;52920;Chicken;Olive Oil, Mushrooms, Chicken Legs, Passata, Chicken Stock Cube, Black Olives, Parsley;nie
Chicken Quinoa Greek Salad;Hlavné jedlo;Greek;0;;11;TheMealDB;https://www.themealdb.com/meal/53011;53011;Chicken;Quinoa, Butter, Red Chilli, Garlic, Chicken Breast, Olive Oil, Black Olives, Red Onions, Feta, Mint, Lemon;nie
Chicken Shawarma with homemade garlic herb yoghurt sauce;Hlavné jedlo;Saudi Arabian;0;;14;TheMealDB;https://www.themealdb.com/meal/53218;53218;Chicken;Chicken Breast, Garlic, Ground Coriander, Ground Cumin, Ground Cardomom, Cayenne Pepper, Smoked Paprika, Salt, Lemon Juice, Olive Oil, Greek Yogurt, Garlic, Cumin, Lemon Juice;nie
Chicken in Orange Sauce Recipe (Pollo a la Naranja);Hlavné jedlo;;0;;12;TheMealDB;https://www.themealdb.com/meal/53531;53531;Chicken;Chicken Legs, Olive Oil, Butter, Onion, Red Pepper, Garlic, Salt, Black Pepper, Chicken Stock, Orange Juice, Brown Sugar, Cilantro;nie
Chicken wings with cumin, lemon & garlic;Hlavné jedlo;Turkish;0;;6;TheMealDB;https://www.themealdb.com/meal/53261;53261;Chicken;Chicken Wings, Garlic, Lemon, Cumin Seeds, Olive Oil, Honey;nie
Chilean Empanada;Hlavné jedlo;;0;;16;TheMealDB;https://www.themealdb.com/meal/53514;53514;Pork;Butter, Onion, Garlic, Dried Oregano, Cumin, Salt, Black Pepper, Ground Pork, Raisins, Black Olives, Eggs, Water, Shortening, All purpose flour, Salt, Eggs;nie
Chilli ginger lamb chops;Hlavné jedlo;Turkish;0;;7;TheMealDB;https://www.themealdb.com/meal/53265;53265;Lamb;Garlic, Ginger, Lemon Juice, Olive Oil, Chili Powder, Cumin, Lamb Loin Chops;nie
Chinese Orange Chicken;Hlavné jedlo;Chinese;0;;20;TheMealDB;https://www.themealdb.com/meal/53365;53365;Chicken;Orange, Orange Juice, Soy Sauce, Water, Rice Vinegar, Cornstarch, Sesame Seed Oil, Sugar, Chicken Thighs, Egg, Salt, Black Pepper, Cornstarch, All purpose flour, Vegetable Oil, Garlic, Shallots, Scallions, Sesame Seed, Rice;nie
Chinese Tomato Egg Stir Fry;Hlavné jedlo;Chinese;0;;10;TheMealDB;https://www.themealdb.com/meal/53372;53372;Vegetarian;Plum Tomatoes, Vegetable Oil, Eggs, Sesame Seed Oil, Chicken Bouillon Powder, Sugar, Pepper, Salt, Spring Onions, Jasmine Rice;nie
Chivito uruguayo;Hlavné jedlo;Uruguayan;0;;10;TheMealDB;https://www.themealdb.com/meal/53063;53063;Beef;Beef Brisket, Bread, Lettuce, Tomato, Ham, Mozzarella, Bacon, Egg, Onion, Pepper;nie
Choripán;Hlavné jedlo;Argentina;0;;3;TheMealDB;https://www.themealdb.com/meal/53136;53136;Pork;Chorizo, Crusty Bread, Chimichurri sauce;áno
Chorizo & chickpea soup;Hlavné jedlo;Spanish;0;;7;TheMealDB;https://www.themealdb.com/meal/53168;53168;Pork;Tinned Tomatos, Chorizo, Savoy Cabbage, Chilli Flakes, Chickpeas, Chicken Stock, Crusty Bread;nie
Chorizo, potato & cheese omelette;Hlavné jedlo;Spanish;0;;6;TheMealDB;https://www.themealdb.com/meal/53159;53159;Pork;Potatoes, Olive Oil, Chorizo, Egg, Parsley, Cheddar Cheese;nie
Chtitha Batata (Algerian Potato Stew);Hlavné jedlo;Algerian;0;;12;TheMealDB;https://www.themealdb.com/meal/53283;53283;Vegetarian;Garlic, Red Chilli, Ground Cumin, Paprika, Black Pepper, Cayenne Pepper, Salt, Olive Oil, New Potatoes, Tomato Puree, Water, Salt;nie
Chuletas de Cerdo a la Criolla (Pork Chops in Creole Sauce);Hlavné jedlo;;0;;10;TheMealDB;https://www.themealdb.com/meal/53528;53528;Pork;Pork Chops, Vegetable Oil, Garlic, Mustard, Ground Cumin, Tomato, Onions, Cilantro, Salt, Black Pepper;nie
Classic Tourtière;Hlavné jedlo;Canadian;0;;15;TheMealDB;https://www.themealdb.com/meal/53343;53343;Beef;Canola Oil, Onion, Garlic, Ground Beef, Ground Pork, Dried Leaves Of Summer Savoury, Salt, Pepper, Ground Clove, Ground Nutmeg, Bay Leaf, Beef Stock, Russet Potato, Shortcrust Pastry, Egg;nie
Clear Soup with Semolina Dumplings;Hlavné jedlo;;0;;8;TheMealDB;https://www.themealdb.com/meal/53446;53446;Miscellaneous;Semolina, Butter, Egg, Salt, Nutmeg, Oil, Beef Stock, Parsley;nie
Coddled pork with cider;Hlavné jedlo;Irish;0;;10;TheMealDB;https://www.themealdb.com/meal/53037;53037;Pork;Butter, Pork Chops, Bacon, Potatoes, Carrots, Swede, Cabbage, Bay Leaf, Cider, Chicken Stock;nie
Codfish deviled eggs;Hlavné jedlo;;0;;9;TheMealDB;https://www.themealdb.com/meal/53561;53561;Seafood;Eggs, Mayonnaise, Mustard, Pepper, Salt, Paprika, Chives, Black Pepper, Codfish Bulljaw;nie
Conch Fritters;Hlavné jedlo;;0;;14;TheMealDB;https://www.themealdb.com/meal/53505;53505;Seafood;Conchs, Green Pepper, Red Pepper, Onion, Chilli, Lime, Garlic, Black Pepper, Salt, Basil, Red Pepper Flakes, Egg, All purpose flour, Vegetable Oil;nie
Conch Stew;Hlavné jedlo;;0;;15;TheMealDB;https://www.themealdb.com/meal/53512;53512;Seafood;Conchs, Onion, Green Pepper, Red Pepper, Scallions, Salt, Black Pepper, Seasoning, Coconut, Flour, Chilli, All purpose flour, Vegetable Oil, Salt, Water;nie
Coq au vin;Hlavné jedlo;France;0;;18;TheMealDB;https://www.themealdb.com/meal/52832;52832;Chicken;Olive Oil, Bacon, Shallots, Chicken Legs, Chicken Thighs, Chicken Breasts, Garlic, Brandy, Red Wine, Chicken Stock, tomato puree, thyme, Rosemary, bay leaves, parsley, chestnut mushroom, plain flour, butter;áno
Corned Beef Hash;Hlavné jedlo;British;0;;7;TheMealDB;https://www.themealdb.com/meal/53096;53096;Beef;Unsalted Butter, Onion, Corned Beef, Potatoes, Kosher Salt, Black Pepper, Freshly Chopped Parsley;nie
Corned Beef and Cabbage;Hlavné jedlo;Irish;0;;4;TheMealDB;https://www.themealdb.com/meal/52998;52998;Beef;Beef Brisket, Small Potatoes, Carrots, Cabbage;nie
Corned Beef and Cabbage – Jamaican Style;Hlavné jedlo;Jamaican;0;;11;TheMealDB;https://www.themealdb.com/meal/53350;53350;Beef;Olive Oil, Cabbage, Green Pepper, Onion, Garlic, Corned Beef, Plum Tomatoes, Thyme, Tomato Ketchup, Salt, Pepper;nie
Cottage Cheese And Feta Stuffed Peppers;Hlavné jedlo;;0;;7;TheMealDB;https://www.themealdb.com/meal/53490;53490;Vegetarian;Red Pepper, Feta, Cottage Cheese, Chives, Parsley, Salt, Lemon Juice;nie
Creamy Aji green sauce;Hlavné jedlo;;0;;8;TheMealDB;https://www.themealdb.com/meal/53480;53480;Vegetarian;Coriander, Jalapeno, Spring Onions, Garlic, White Wine Vinegar, Lime, Cumin, Mayonnaise;nie
Crispy Eggplant;Hlavné jedlo;Filipino;0;;7;TheMealDB;https://www.themealdb.com/meal/53072;53072;Vegetarian;Egg Plants, Breadcrumbs, Sesame Seed, Eggs, Salt, Pepper, Vegetable Oil;nie
Crispy fried fish with ginger and fermented soybeans (trey chien chuon);Hlavné jedlo;;0;;9;TheMealDB;https://www.themealdb.com/meal/53419;53419;Seafood;Ginger, Fish fillet, Tempura Flour, Oil, Garlic, Soya Bean, Sugar, Water, Spring Onions;nie
Croatian Bean Stew;Hlavné jedlo;Croatian;0;;7;TheMealDB;https://www.themealdb.com/meal/53058;53058;Beef;Cannellini Beans, Vegetable Oil, Tomatoes, Challots, Garlic, Parsley, Chorizo;nie
Croatian lamb peka;Hlavné jedlo;Croatian;0;;13;TheMealDB;https://www.themealdb.com/meal/53056;53056;Beef;Potatoes, Courgettes, Carrots, Green Pepper, Aubergine, Onion, Lamb Shoulder, Garlic Sauce, Tomato Puree, Olive Oil, Thyme, White Wine, Pepper;nie
Crock Pot Chicken Baked Tacos;Hlavné jedlo;Mexican;0;;14;TheMealDB;https://www.themealdb.com/meal/52830;52830;Chicken;Chicken Breasts, Vinaigrette Dressing, Cumin, Smoked Paprika, Garlic, Refried Beans, Hard Taco Shells, Shredded Mexican Cheese, Grape Tomatoes, Jalapeno, Avocado, Green Salsa, Sour Cream, Milk;nie
Cuban Sandwich;Hlavné jedlo;;0;;15;TheMealDB;https://www.themealdb.com/meal/53547;53547;Pork;Pork Chops, Kosher Salt, Vegetable Oil, Orange, Lime, Dried Oregano, Ground Black Pepper, Garlic Powder, Dijon Mustard, Mayonnaise, Cuban Bread, Unsalted Butter, Swiss Cheese, Deli Ham, Dill Pickles;nie
Cucumber & fennel salad;Hlavné jedlo;Polish;0;;7;TheMealDB;https://www.themealdb.com/meal/53309;53309;Vegetarian;Cucumber, Sugar, Fennel Bulb, Sour Cream, Lemon, White Wine Vinegar, Dill;nie
Cumberland Pie;Hlavné jedlo;British;0;;15;TheMealDB;https://www.themealdb.com/meal/53098;53098;Beef;Celery, Onion, Carrots, Bay Leaves, Thyme, Vegetable Oil, Butter, Flour, Tomato Puree, Worcestershire Sauce, Beef Stock Cubes, Feather blade beef, Potatoes, Mature Cheddar, Parmesan Cheese;nie
Dal fry;Hlavné jedlo;India;0;;16;TheMealDB;https://www.themealdb.com/meal/52785;52785;Vegetarian;Toor dal, Water, Salt, Turmeric, Ghee, Chopped tomatoes, Cumin seeds, Mustard Seeds, Bay Leaf, Green Chilli, Ginger, Cilantro, Red Pepper, Salt, Sugar, Garam Masala;nie
Duck Confit;Hlavné jedlo;France;0;;6;TheMealDB;https://www.themealdb.com/meal/52907;52907;Miscellaneous;Sea Salt, Bay Leaf, Garlic, Thyme, Duck Legs, White Wine;nie
Easy Spanish chicken;Hlavné jedlo;Spanish;0;;12;TheMealDB;https://www.themealdb.com/meal/53143;53143;Chicken;Extra Virgin Olive Oil, Onion, Chorizo, Red Pepper, Yellow Pepper, sweet smoked paprika, Garlic, Tinned Tomatos, Green Olives, Butter Beans, Chicken Thighs, Parsley;nie
Easy White Bean Soup;Hlavné jedlo;;0;;13;TheMealDB;https://www.themealdb.com/meal/53486;53486;Vegetarian;Cannellini Beans, Onions, Vegetable Oil, Red Pepper, Tomato Puree, Carrots, Water, Dried Mint, Thyme, Summer Savoury, Black Pepper, Salt, Parsley;nie
Egg Drop Soup;Hlavné jedlo;Chinese;0;;10;TheMealDB;https://www.themealdb.com/meal/52955;52955;Vegetarian;Chicken Stock, Salt, Sugar, Pepper, Sesame Seed Oil, Peas, Mushrooms, Cornstarch, Water, Spring Onions;nie
Eggplant Adobo;Hlavné jedlo;Filipino;0;;10;TheMealDB;https://www.themealdb.com/meal/53073;53073;Vegetarian;Egg Plants, Sugar, Salt, Pepper, Garlic, Olive Oil, Ground Pork, Rice Vinegar, Soy Sauce, Bay Leaf;nie
Egyptian Fatteh;Hlavné jedlo;Egyptian;0;;15;TheMealDB;https://www.themealdb.com/meal/53031;53031;Beef;Beef, Onion, Chicken Stock Cube, Tomatoes, Garlic Clove, Tomato Puree, Rice, Noodles, Butter, Olive Oil, Pita Bread, Cumin, White Wine Vinegar, Salt, Pepper;nie
Empanadas;Hlavné jedlo;Argentina;0;;12;TheMealDB;https://www.themealdb.com/meal/53134;53134;Beef;All purpose flour, Butter, Water, Salt, Ground Beef, Onion, Egg, Green Olives, Cumin, Paprika, Salt, Pepper;nie
Empanadas Fritas de Queso;Hlavné jedlo;;0;;7;TheMealDB;https://www.themealdb.com/meal/53518;53518;Vegetarian;All purpose flour, Baking Powder, Salt, Lard, Milk, Egg, Swiss Cheese;nie
Extra crispy chicken wings;Hlavné jedlo;;0;;7;TheMealDB;https://www.themealdb.com/meal/53557;53557;Chicken;Chicken Wings, Salt, Black Pepper, Garlic Powder, Turmeric, Oil, Cassava;nie
Ezme;Hlavné jedlo;Turkish;0;;13;TheMealDB;https://www.themealdb.com/meal/53254;53254;Vegetarian;Tomato, Romano Pepper, Green Chilli, Onion, Garlic, Parsley, Red Pepper Paste, Tomato Puree, Pomegranate Molasses, Pul Biber, Sumac, Dried Mint, Extra Virgin Olive Oil;nie
Falafel;Hlavné jedlo;Turkish;0;;8;TheMealDB;https://www.themealdb.com/meal/53266;53266;Vegetarian;Sunflower Oil, Onion, Garlic, Chickpeas, Ground Cumin, Ground Coriander, Parsley, Egg;nie
Fasoliyyeh Bi Z-Zayt (Syrian Green Beans with Olive Oil);Hlavné jedlo;Syrian;0;;5;TheMealDB;https://www.themealdb.com/meal/53092;53092;Vegan;Green Beans, Olive Oil, Salt, Garlic, Cilantro;nie
Fašírky;Hlavné jedlo;Slovakia;0;;15;TheMealDB;https://www.themealdb.com/meal/53188;53188;Pork;Ground Pork, Onion, Garlic, Bread, Milk, Egg, Salt, Black Pepper, Marjoram, Mustard, Parsley, Flour, Egg, Breadcrumbs, Vegetable Oil;nie
Fish Soup (Ukha);Hlavné jedlo;Russian;0;;9;TheMealDB;https://www.themealdb.com/meal/53079;53079;Seafood;Olive Oil, Onion, Carrots, Fish Stock, Water, Potatoes, Bay Leaf, Cod, Salmon;nie
Fish fofos;Hlavné jedlo;Portuguese;0;;12;TheMealDB;https://www.themealdb.com/meal/53043;53043;Seafood;Haddock, Potatoes, Green Chilli, Coriander, Cumin Seeds, Pepper, Garlic, Ginger, Flour, Eggs, Breadcrumbs, Vegetable Oil;nie
Flemish Hutsepot;Hlavné jedlo;;0;;14;TheMealDB;https://www.themealdb.com/meal/53464;53464;Pork;Floury Potatoes, Carrots, Turnips, Leek, Sausages, Onion, Garlic, Bay Leaf, Thyme, Chicken Stock, Mustard, Unsalted Butter, Salt, Pepper;nie
French Lentils With Garlic and Thyme;Hlavné jedlo;France;0;;9;TheMealDB;https://www.themealdb.com/meal/52815;52815;Miscellaneous;Olive Oil, Onion, Garlic, Carrots, French Lentils, Thyme, Bay Leaf, Salt, Celery;nie
French Onion Chicken with Roasted Carrots & Mashed Potatoes;Hlavné jedlo;United States;0;;12;TheMealDB;https://www.themealdb.com/meal/52996;52996;Chicken;Chicken Breasts, Carrots, Potatoes, Onion, Beef Stock, Mozzarella, Sour Cream, Butter, Sugar, Vegetable Oil, Salt, Pepper;nie
Fried calamari;Hlavné jedlo;Spanish;0;;7;TheMealDB;https://www.themealdb.com/meal/53178;53178;Seafood;Squid, Plain Flour, Capers, Garlic, Mayonnaise, Vegetable Oil, Lemon;nie
Frikadeller - Danish Meatballs;Hlavné jedlo;;0;;10;TheMealDB;https://www.themealdb.com/meal/53553;53553;Pork;Onion, Garlic, Minced Pork, All purpose flour, Oats, Milk, Egg, Salt, Ground Black Pepper, Butter;nie
Frog Legs Recipe in Garlic Butter;Hlavné jedlo;;0;;8;TheMealDB;https://www.themealdb.com/meal/53465;53465;Miscellaneous;Frogs Legs, Milk, Olive Oil, Garlic, Butter, Parsley, Salt, Pepper;nie
Ful Medames;Hlavné jedlo;Egyptian;0;;6;TheMealDB;https://www.themealdb.com/meal/53025;53025;Vegetarian;Broad Beans, Parsley, Olive Oil, Lemons, Garlic Clove, Cumin;nie
Gallo pinto;Hlavné jedlo;;0;;9;TheMealDB;https://www.themealdb.com/meal/53541;53541;Vegetarian;Black Beans, Rice, Onion, Pepper, Cilantro, Salsa Lizano, Salt, Cumin, Pepper;nie
Gambas al ajillo;Hlavné jedlo;Spanish;0;;5;TheMealDB;https://www.themealdb.com/meal/53144;53144;Seafood;Raw King Prawns, Garlic Clove, Olive Oil, Cayenne Pepper, Parsley;nie
Garides Saganaki;Hlavné jedlo;Greek;0;;8;TheMealDB;https://www.themealdb.com/meal/52764;52764;Seafood;Raw king prawns, Olive oil, Chopped onion, Freshly chopped parsley, White wine, Chopped tomatoes, Minced garlic, Cubed Feta cheese;nie
General Tsos Chicken;Hlavné jedlo;Chinese;0;;20;TheMealDB;https://www.themealdb.com/meal/52951;52951;Chicken;Chicken Breast, Plain Flour, Egg, Starch, Baking Powder, Salt, Onion Salt, Garlic Powder, Water, Chicken Stock, Duck Sauce, Soy Sauce, Honey, Rice Vinegar, Sesame Seed Oil, Gochujang, Starch, Garlic, Spring Onions, Ginger;nie
Gigantes Plaki;Hlavné jedlo;Greek;0;;10;TheMealDB;https://www.themealdb.com/meal/53012;53012;Vegetarian;Butter Beans, Olive Oil, Onion, Garlic Clove, Tomato Puree, Tomatoes, Sugar, Dried Oregano, Cinnamon, Chopped Parsley;nie
Golabki (cabbage roll);Hlavné jedlo;Polish;0;;10;TheMealDB;https://www.themealdb.com/meal/53021;53021;Beef;Cabbage, Butter, Onion, Ground Beef, Ground Pork, Rice, Garlic, Salt, Black Pepper, Tomato Puree;nie
Griddled aubergines with sesame dressing;Hlavné jedlo;Turkish;0;;9;TheMealDB;https://www.themealdb.com/meal/53274;53274;Vegetarian;Aubergine, Olive Oil, Greek Yogurt, Tahini Paste, Garlic, Lemon, Coriander, Parsley, Mint;nie
Grilled Portuguese sardines;Hlavné jedlo;Portuguese;0;;7;TheMealDB;https://www.themealdb.com/meal/53041;53041;Seafood;Sardines, Olive Oil, Garlic, Paprika, Lemon, Rosemary, Red Chilli;nie
Grilled aubergines with spicy chickpeas & walnut sauce;Hlavné jedlo;Turkish;0;;13;TheMealDB;https://www.themealdb.com/meal/53255;53255;Vegetarian;Olive Oil, Onion, Red Chilli, Ginger, Ground Cumin, Chickpeas, Tomato, Lemon, Aubergine, Greek Yogurt, Garlic Clove, Walnuts, Coriander;nie
Grilled corn with garlic mayo & grated cheese;Hlavné jedlo;;0;;6;TheMealDB;https://www.themealdb.com/meal/53478;53478;Vegetarian;Corn On The Cob, Garlic, Mayonnaise, Parmesan, Coriander, Lime;nie
Grilled eggplant with coconut milk;Hlavné jedlo;Filipino;0;;6;TheMealDB;https://www.themealdb.com/meal/53074;53074;Vegetarian;Egg Plants, Coconut Milk, Lemon Juice, Salt, Red Pepper Flakes, Onions;nie
Ham croquetas;Hlavné jedlo;Spanish;0;;11;TheMealDB;https://www.themealdb.com/meal/53179;53179;Pork;Plain Flour, Egg, Breadcrumbs, Sunflower Oil, Extra Virgin Olive Oil, Leek, jamón ibérico, Plain Flour, Vegetable Stock, Milk, Nutmeg;nie
Honey Balsamic Chicken with Crispy Broccoli & Potatoes;Hlavné jedlo;United States;0;;10;TheMealDB;https://www.themealdb.com/meal/52993;52993;Chicken;Potatoes, Broccoli, Garlic, Chicken Breast, Balsamic Vinegar, Honey, Chicken Stock, Butter, Vegetable Oil, Olive Oil;nie
Honey Teriyaki Salmon;Hlavné jedlo;Japanese;0;;5;TheMealDB;https://www.themealdb.com/meal/52773;52773;Seafood;Salmon, Olive oil, Soy Sauce, Sake, Sesame Seed;nie
Hot and Sour Soup;Hlavné jedlo;Chinese;0;;15;TheMealDB;https://www.themealdb.com/meal/52954;52954;Pork;Mushrooms, Wood Ear Mushrooms, Tofu, Pork, Chicken Stock, Salt, Sugar, Sesame Seed Oil, Pepper, Hotsauce, Vinegar, Soy Sauce, Cornstarch, Water, Spring Onions;nie
Imam bayildi with BBQ lamb & tzatziki;Hlavné jedlo;Turkish;0;;13;TheMealDB;https://www.themealdb.com/meal/53253;53253;Lamb;Aubergine, Olive Oil, Onion, Garlic, Cinnamon, Tomato, Parsley, Lamb Loin Chops, Paprika, Lemon, Greek Yogurt, Cucumber, Mint;nie
Irish stew;Hlavné jedlo;Irish;0;;13;TheMealDB;https://www.themealdb.com/meal/52781;52781;Beef;whole wheat, lamb loin chops, olive oil, shallots, Carrots, turnips, celeriac, charlotte potatoes, white wine, caster sugar, fresh thyme, oregano, chicken stock;nie
Jamaican Beef Patties;Hlavné jedlo;Jamaican;0;;20;TheMealDB;https://www.themealdb.com/meal/52938;52938;Beef;Plain Flour, Salt, Curry Powder, Butter, Water, Minced Beef, Allspice, Black Pepper, Vegetable Oil, Onions, Red Pepper, Garlic, Thyme, Salt, Tomato Ketchup, Water, Onions, Egg, Water, Water;nie
Jamaican Instant Pot Rice and Beans;Hlavné jedlo;Jamaican;0;;12;TheMealDB;https://www.themealdb.com/meal/53352;53352;Vegetarian;Olive Oil, Onion, Garlic, Spring Onions, Rice, Coconut Milk, Water, Salt, Allspice, Black Pepper, Kidney Beans, Thyme;nie
Jamon & wild garlic croquetas;Hlavné jedlo;Spanish;0;;9;TheMealDB;https://www.themealdb.com/meal/53145;53145;Pork;Wild Garlic Leaves, Milk, Olive Oil, Flour, manchego, jamón ibérico, Egg, Breadcrumbs, Vegetable Oil;nie
Japanese Katsudon;Hlavné jedlo;Japanese;0;;10;TheMealDB;https://www.themealdb.com/meal/53034;53034;Pork;Vegetable Oil, Onion, Pork, Vegetable Stock, Soy Sauce, Mirin, Sugar, Eggs, Sushi Rice, Chives;nie
Jerk chicken with rice & peas;Hlavné jedlo;Jamaican;0;;20;TheMealDB;https://www.themealdb.com/meal/52937;52937;Chicken;Chicken Thighs, Lime, Spring Onions, Ginger, Garlic, Onion, Red Chilli, Thyme, Lime, Soy Sauce, Vegetable Oil, Brown Sugar, Allspice, Basmati Rice, Coconut Milk, Spring Onions, Thyme, Garlic, Allspice, Kidney Beans;nie
Jiggs Dinner;Hlavné jedlo;Canadian;0;;8;TheMealDB;https://www.themealdb.com/meal/53335;53335;Beef;Beef, Yellow Split Peas, Cabbage, Carrots, Turnips, Potatoes, Butter, Black Pepper;nie
Kadu Borani;Hlavné jedlo;;0;;10;TheMealDB;https://www.themealdb.com/meal/53398;53398;Vegetarian;Squash, Onion, Green Chilli, Oil, Turmeric, Garlic, Sugar, Salt, Water, Yogurt;nie
Kafteji;Hlavné jedlo;Tunisian;0;;9;TheMealDB;https://www.themealdb.com/meal/52971;52971;Vegetarian;Potatoes, Olive Oil, Green Pepper, Onions, Ras el hanout, Pumpkin, Eggs, Salt, Pepper;nie
Kapsalon;Hlavné jedlo;Netherlands;0;;8;TheMealDB;https://www.themealdb.com/meal/52769;52769;Lamb;Fries, Doner Meat, Garlic sauce, Hotsauce, Lettuce, Tomato, Cucumber, Gouda cheese;nie
Karbonader (Lean Beef Patties) with Caramelized Onions;Hlavné jedlo;Norway;0;;9;TheMealDB;https://www.themealdb.com/meal/53125;53125;Beef;Onion, Butter, Ground Beef, Salt, Pepper, Nutmeg, Cornstarch, Water, Butter;nie
Kaspressknödel - Cheese Dumplings;Hlavné jedlo;;0;;10;TheMealDB;https://www.themealdb.com/meal/53445;53445;Vegetarian;Bread, Cheese, Eggs, Salt, Parsley, Potatoes, Flour, Milk, Onion, Butter;nie
Katsu Chicken curry;Hlavné jedlo;Japanese;0;;16;TheMealDB;https://www.themealdb.com/meal/52820;52820;Chicken;chicken breast, plain flour, egg, breadcrumbs, vegetable oil, sunflower oil, onions, garlic, carrot, plain flour, curry powder, chicken stock, honey, soy sauce, bay leaf, garam masala;áno
Kentucky Fried Chicken;Hlavné jedlo;United States;0;;17;TheMealDB;https://www.themealdb.com/meal/52813;52813;Chicken;Chicken, Oil, Egg White, Flour, Brown Sugar, Salt, paprika, onion salt, chili powder, black pepper, celery salt, sage, garlic powder, allspice, oregano, basil, marjoram;nie
Kenyan Beef Curry;Hlavné jedlo;Kenyan;0;;14;TheMealDB;https://www.themealdb.com/meal/53112;53112;Beef;Water, Sirloin Steak tips, Garlic Clove, Ground Ginger, Oil, Red Onions, Tomato, Paprika, Black Pepper, Curry Powder, Tomato Puree, Salt, Chilli, Cilantro;nie
Khmer Banh Xeo – Cambodian Savory Pancake;Hlavné jedlo;;0;;10;TheMealDB;https://www.themealdb.com/meal/53502;53502;Pork;Rice Flour, Cornstarch, Coconut Milk, Water, Ground Turmeric, Pork belly slices, Bean Sprouts, Onion, Vegetable Oil, Fish Sauce;nie
Kidney Bean Curry;Hlavné jedlo;India;0;;11;TheMealDB;https://www.themealdb.com/meal/52868;52868;Vegetarian;Vegetable Oil, Onion, Garlic, Ginger, Coriander, Cumin, Paprika, Garam Masala, Chopped Tomatoes, Kidney Beans, Basmati Rice;nie
Koshari;Hlavné jedlo;Egyptian;0;;8;TheMealDB;https://www.themealdb.com/meal/53027;53027;Vegetarian;Brown Lentils, Rice, Coriander, Macaroni, Chickpeas, Onion, Salt, Vegetable Oil;nie
Kung Pao Chicken;Hlavné jedlo;Chinese;0;;13;TheMealDB;https://www.themealdb.com/meal/52945;52945;Chicken;Sake, Soy Sauce, Sesame Seed Oil, Corn Flour, Water, Chicken, Chilli Powder, Rice Vinegar, Brown Sugar, Spring Onions, Garlic Clove, Water Chestnut, Peanuts;nie
Kung Po Prawns;Hlavné jedlo;Chinese;0;;12;TheMealDB;https://www.themealdb.com/meal/52946;52946;Seafood;Prawns, Soy Sauce, Tomato Puree, Corn Flour, Caster Sugar, Sunflower Oil, Peanuts, Chilli, Brown Sugar, Garlic Clove, Water Chestnut, Ginger;nie
Lakra me Mish Cabbage and Meat Stew;Hlavné jedlo;;0;;11;TheMealDB;https://www.themealdb.com/meal/53412;53412;Beef;Beef, Cabbage, Paprika, Tomato Puree, Red Pepper, Onion, Chilli Flakes, Salt, Pepper, Olive Oil, Boiling Water;nie
Lakror me Kungull Summer Squash Pie;Hlavné jedlo;;0;;5;TheMealDB;https://www.themealdb.com/meal/53407;53407;Vegetarian;Squash, Eggs, Flour, Baking Powder, Olive Oil;nie
Laksa King Prawn Noodles;Hlavné jedlo;Malaysian;0;;10;TheMealDB;https://www.themealdb.com/meal/52821;52821;Seafood;Olive Oil, Red Chilli, Thai red curry paste, vegetable stock cube, coconut milk, fish sauce, rice noodles, lime, king prawns, coriander;nie
Lamb and Potato pie;Hlavné jedlo;British;0;;9;TheMealDB;https://www.themealdb.com/meal/52877;52877;Lamb;Lamb Shoulder, Flour, Vegetable Oil, Onion, Carrots, Vegetable Stock, Potatoes, Shortcrust Pastry, Eggs;nie
Lao Naem Khao;Hlavné jedlo;;0;;17;TheMealDB;https://www.themealdb.com/meal/53427;53427;Pork;Jasmine Rice, Coconut, Oil, Sour Pork Sausage, Pickled Garlics, Lime, Fish Sauce, Sugar, Onion, Shallots, Spring Onions, Cilantro, Hot Mint, Mint, Roasted Peanut, Vegetables, Lettuce;nie
Lemongrass beef stew with noodles;Hlavné jedlo;Thai;0;;13;TheMealDB;https://www.themealdb.com/meal/53211;53211;Beef;Ginger, Garlic Clove, Lemongrass Stalks, Coriander Leaves, Red Chilli, Vegetable Oil, Beef, Soy Sauce, Five Spice Powder, Brown Sugar, Beef Stock, Rice Noodles, Lime;nie
Liegeoise Salad;Hlavné jedlo;;0;;11;TheMealDB;https://www.themealdb.com/meal/53467;53467;Vegetarian;Potatoes, Green Beans, Eggs, Bacon, Onion, Olive Oil, White Wine Vinegar, Mustard, Parsley, Pepper, Salt;nie
Locro;Hlavné jedlo;Argentina;0;;11;TheMealDB;https://www.themealdb.com/meal/53146;53146;Miscellaneous;Dried white corn, Dried white beans, Pumpkin, Potatoes, Beef, Pork, Chorizo, Onion, Paprika, Salt, Pepper;nie
Ma Po Tofu;Hlavné jedlo;Chinese;0;;17;TheMealDB;https://www.themealdb.com/meal/52947;52947;Beef;Tofu, Minced Beef, Sesame Seed Oil, Doubanjiang, Fermented Black Beans, Pepper, Salt, Sichuan pepper, Soy Sauce, Water, Olive Oil, Scallions, Spring Onions, Garlic, Ginger, Water, Cornstarch;nie
Madombi: Dumplings from Botswana;Hlavné jedlo;;0;;5;TheMealDB;https://www.themealdb.com/meal/53472;53472;Miscellaneous;Warm Water, Sugar, Yeast, All purpose flour, Salt;nie
Matambre a la Pizza;Hlavné jedlo;Argentina;0;;7;TheMealDB;https://www.themealdb.com/meal/53140;53140;Beef;Beef Flank Steak, Tomato Sauce, Mozzarella, Oregano, Green Olives, Salt, Pepper;nie
Matar Paneer;Hlavné jedlo;India;0;;12;TheMealDB;https://www.themealdb.com/meal/52865;52865;Vegetarian;Sunflower Oil, Paneer, Ginger, Cumin, Turmeric, Coriander, Green Chilli, Tomato, Peas, Garam Masala, Coriander, Naan Bread;nie
Mbuzi Choma (Roasted Goat);Hlavné jedlo;Kenyan;0;;7;TheMealDB;https://www.themealdb.com/meal/52968;52968;Goat;Goat Meat, Corn Flour, Tomatoes, Salt, Onion, Green Chilli, Coriander Leaves;nie
Mediterranean Pasta Salad;Hlavné jedlo;Italian;0;;9;TheMealDB;https://www.themealdb.com/meal/52777;52777;Seafood;mozzarella balls, baby plum tomatoes, fresh basil, farfalle, extra virgin olive oil, Green Olives, tuna, salt, pepper;nie
Migas;Hlavné jedlo;Spanish;0;;4;TheMealDB;https://www.themealdb.com/meal/53086;53086;Miscellaneous;Bread, Olive Oil, Garlic, Pork;nie
Milanesa;Hlavné jedlo;Argentina;0;;7;TheMealDB;https://www.themealdb.com/meal/53135;53135;Beef;Beef Cutlet, Egg, Breadcrumbs, Parsley, Garlic, Salt, Pepper;nie
Minced Beef Pie;Hlavné jedlo;British;0;;10;TheMealDB;https://www.themealdb.com/meal/52876;52876;Beef;Vegetable Oil, Minced Beef, Onion, Tomato Puree, Plain Flour, Mushrooms, Beef Stock, Worcestershire Sauce, Shortcrust Pastry, Egg Yolks;nie
Mini chilli beef pies;Hlavné jedlo;Australian;0;;13;TheMealDB;https://www.themealdb.com/meal/53109;53109;Beef;Ready rolled shortcrust pastry, Sunflower Oil, Onion, Hot Chilli Powder, Ground Cumin, Minced Beef, Tomato Puree, Beef Stock, Ground Cinnamon, Kidney Beans, Potatoes, Sour Cream, Chopped Chive;nie
Moroccan Carrot Soup;Hlavné jedlo;Moroccan;0;;8;TheMealDB;https://www.themealdb.com/meal/53047;53047;Vegetarian;Carrots, Onion, Garlic Clove, Cumin, Coriander, Olive Oil, Garam Masala, Lemon Juice;nie
Moussaka;Hlavné jedlo;Greek;0;;8;TheMealDB;https://www.themealdb.com/meal/53006;53006;Beef;Beef, Aubergine, Greek Yogurt, Egg, Parmesan, Tomato, Tomato Puree, Potatoes;nie
Mulukhiyah;Hlavné jedlo;Egyptian;0;;7;TheMealDB;https://www.themealdb.com/meal/53029;53029;Beef;Mulukhiyah, Onion, Beef, Salt, Water, Garlic Clove, Olive Oil;nie
Muraba-E-Kadu (Pumpkin Jam);Hlavné jedlo;;0;;4;TheMealDB;https://www.themealdb.com/meal/53403;53403;Miscellaneous;Pumpkin, Orange, Sugar, Cardamom;nie
Mushroom & Chestnut Rotolo;Hlavné jedlo;British;0;;12;TheMealDB;https://www.themealdb.com/meal/52864;52864;Vegetarian;Mushrooms, Chestnuts, Challots, Garlic, Rosemary, Wild Mushrooms, Soy Sauce, White Wine, Lasagne Sheets, Breadcrumbs, Sage, Truffle Oil;nie
Mutabbaq;Hlavné jedlo;Saudi Arabian;0;;15;TheMealDB;https://www.themealdb.com/meal/53223;53223;Miscellaneous;Mincemeat, Garlic, Ginger, Egg, Tomato, Spring Onions, Filo Pastry, Melted Butter, Salt, Paprika, Cumin, Allspice, Turmeric, Black Pepper, Sugar;nie
Napa Cabbage with Dried Shrimp;Hlavné jedlo;Chinese;0;;11;TheMealDB;https://www.themealdb.com/meal/53377;53377;Seafood;Dried Shrimp, Boiling Water, Napa Cabbage, Peanut Oil, Scallions, Ginger, Soy Sauce, Water, Cornstarch, Kosher Salt, Pepper;nie
Nom Banh Chok – Cambodian Noodle Soup;Hlavné jedlo;;0;;12;TheMealDB;https://www.themealdb.com/meal/53497;53497;Chicken;Water, Chicken Thighs, Garlic, Vegetable Oil, Fish Sauce, Salt, Sugar, Rice Noodles, Bean Sprouts, Mint, Lime, Red Chilli;nie
Num Pang – Cambodian Baguette Sandwich;Hlavné jedlo;;0;;13;TheMealDB;https://www.themealdb.com/meal/53501;53501;Chicken;Baguette, Chicken Thighs, Soy Sauce, Honey, Vegetable Oil, Carrots, Daikon Radish, Rice Vinegar, Sugar, Mayonnaise, Sriracha, Cilantro Leaves, Cucumber;nie
Nutty Chicken Curry;Hlavné jedlo;India;0;;9;TheMealDB;https://www.themealdb.com/meal/52851;52851;Chicken;Red Chilli, Ginger, Garlic, Coriander, Sunflower Oil, Chicken Breasts, Peanut Butter, Chicken Stock, Greek Yogurt;nie
Open-faced Sandwich With Potato;Hlavné jedlo;;0;;9;TheMealDB;https://www.themealdb.com/meal/53554;53554;Pork;New Potatoes, Bacon, Mayonnaise, Chives, Rye Bread, Red Onions, All purpose flour, Vegetable Oil, Sea Salt;nie
Osso Buco alla Milanese;Hlavné jedlo;Italian;0;;18;TheMealDB;https://www.themealdb.com/meal/52810;52810;Miscellaneous;Veal, Flour, Olive Oil, Butter, Onion, Carrots, Celery, Fennel, Garlic, Orange Zest, Marjoram, Bay Leaf, Dry White Wine, Chicken Stock, Tomatoes, Parsley, Garlic, Lemon Zest;nie
Pa Amb Tomaquet (Bread with Tomato);Hlavné jedlo;;0;;5;TheMealDB;https://www.themealdb.com/meal/53417;53417;Vegetarian;Bread, Garlic, Tomato, Extra Virgin Olive Oil, Sea Salt;nie
Pad Thai;Hlavné jedlo;Thai;0;;13;TheMealDB;https://www.themealdb.com/meal/53191;53191;Seafood;Rice Noodles, Lime, Cayenne Pepper, Muscovado Sugar, Fish Sauce, Vegetable Oil, Tiger Prawns, Spring Onions, Bean Sprouts, Peanuts, Coriander, Lime, sweet chilli sauce;áno
Padron peppers;Hlavné jedlo;Spanish;0;;2;TheMealDB;https://www.themealdb.com/meal/53150;53150;Vegan;Olive Oil, Padron peppers;nie
Pan-fried hake, white bean & chorizo broth;Hlavné jedlo;Spanish;0;;12;TheMealDB;https://www.themealdb.com/meal/53152;53152;Seafood;Dried white beans, Garlic, Bay Leaves, Thyme, Olive Oil, Bread, Chorizo, Onion, Paprika, Chicken Stock, Parsley, Hake;nie
Papas Chorreadas Recipe (Potatoes with Cream and Cheese Sauce);Hlavné jedlo;;0;;14;TheMealDB;https://www.themealdb.com/meal/53534;53534;Miscellaneous;Red Potatoes, Chicken Stock Cube, Water, Butter, Vegetable Oil, Tomato, Scallions, Garlic Powder, Cumin, Salt, Pepper, Whipping Cream, Cilantro, Mozzarella;nie
Papaya salad;Hlavné jedlo;;0;;8;TheMealDB;https://www.themealdb.com/meal/53573;53573;Vegetarian;Green Papaya, Lemon Juice, Salt, Carrots, Cherry Tomatoes, Spring Onions, Roasted Peanut, Garlic;nie
Pastel de Choclo;Hlavné jedlo;;0;;16;TheMealDB;https://www.themealdb.com/meal/53520;53520;Chicken;Eggs, Onions, Garlic, Salt, Paprika, Black Pepper, Ground Beef, Chicken, Raisins, Green Olives, Sweetcorn, Basil, Butter, Milk, Sugar, Salt;nie
Pastel de Papas (Chilean Potato Pie);Hlavné jedlo;;0;;15;TheMealDB;https://www.themealdb.com/meal/53517;53517;Beef;Potatoes, Butter, Salt, Eggs, Vegetable Oil, Onion, Garlic, Tomato, Tomato Puree, Ground Beef, Panquehue Cheese, Parsley, Cayenne Pepper, Salt, Black Pepper;nie
Paszteciki (Polish Pasties);Hlavné jedlo;Polish;0;;12;TheMealDB;https://www.themealdb.com/meal/53017;53017;Beef;Flour, Salt, Egg, Egg, Butter, Butter, Onion, Swede, Beef Brisket, Eggs, Salt, Pepper;nie
Patatas bravas;Hlavné jedlo;Spanish;0;;11;TheMealDB;https://www.themealdb.com/meal/53172;53172;Vegetarian;Olive Oil, Onion, Garlic, Tinned Tomatos, Tomato Puree, Paprika, Chilli Powder, Sugar, Parsley, Potatoes, Olive Oil;áno
Pate Chinois;Hlavné jedlo;Canadian;0;;10;TheMealDB;https://www.themealdb.com/meal/52930;52930;Beef;Potatoes, Butter, Milk, Minced Beef, Onion, Creamed Corn, Paprika, Parsley, Salt, Pepper;nie
Picadillo de Vainicas (Green Beans Picadillo);Hlavné jedlo;;0;;9;TheMealDB;https://www.themealdb.com/meal/53539;53539;Beef;Green Beans, Flank Steak, Onion, Pepper, Garlic, Thyme, Salt, Black Pepper, Water;nie
Piri-piri chicken and slaw;Hlavné jedlo;Portuguese;0;;17;TheMealDB;https://www.themealdb.com/meal/53039;53039;Chicken;Chicken, Red Chilli, Garlic, Ginger, Dried Oregano, Coriander, Paprika, Red Wine Vinegar, Oil, Red Onions, Carrots, Beetroot, Cabbage, Mayonnaise, Greek Yogurt, Red Wine Vinegar, Cumin Seeds;nie
Pisto con huevos;Hlavné jedlo;Spanish;0;;12;TheMealDB;https://www.themealdb.com/meal/53160;53160;Vegetarian;Olive Oil, Onion, Garlic Clove, Mixed peppers, Oregano, Thyme, Bay Leaves, Courgettes, Aubergine, Tomato, Egg, Parsley;nie
Pizza Express Margherita;Hlavné jedlo;Italian;0;;11;TheMealDB;https://www.themealdb.com/meal/53014;53014;Miscellaneous;Water, Sugar, Yeast, Plain Flour, Salt, Olive Oil, Passata, Mozzarella, Oregano, Basil, Black Pepper;áno
Pollo en Salsa;Hlavné jedlo;;0;;11;TheMealDB;https://www.themealdb.com/meal/53540;53540;Chicken;Chicken Thighs, Oregano, Cumin, Salt, Pepper, Achiote Paste, Garlic, Onion, Tomato, Red Pepper, Chicken Stock;nie
Pomegranate salad;Hlavné jedlo;Polish;0;;10;TheMealDB;https://www.themealdb.com/meal/53297;53297;Vegetarian;Olive Oil, Lemon Juice, Honey, Thyme, Baby Lettuce Leaves, Cherry Tomatoes, Spring Onions, Red Chilli, Pomegranate, Feta;nie
Pork & sauerkraut goulash;Hlavné jedlo;Polish;0;;12;TheMealDB;https://www.themealdb.com/meal/53301;53301;Pork;Lard, Onion, Cumin Seeds, Pork Shoulder, Garlic, Plain Flour, Paprika, Beef Stock, Bay Leaves, White Sauerkraut, Whipping Cream, Sour Cream;nie
Pork Cassoulet;Hlavné jedlo;France;0;;16;TheMealDB;https://www.themealdb.com/meal/52847;52847;Pork;Goose Fat, Pork, Onion, Garlic, Carrots, Fennel Seeds, Red Wine Vinegar, Vegetable Stock, Tomato Puree, Rosemary, Parsley, Haricot Beans, Breadcrumbs, Oil, Bread, Broccoli;nie
Pork rib bortsch;Hlavné jedlo;Polish;0;;15;TheMealDB;https://www.themealdb.com/meal/53306;53306;Pork;Pork Back Ribs, Bay Leaves, Dried white beans, Carrots, Onion, Garlic Clove, Red Pepper, Red Chilli, Beetroot, Potatoes, Tomato Puree, White Cabbage, Parsley, Dill, Sour Cream;nie
Porotos Granados (Chilean Bean Stew);Hlavné jedlo;;0;;9;TheMealDB;https://www.themealdb.com/meal/53521;53521;Miscellaneous;Olive Oil, Onion, Butternut Squash, Great Northern Beans, Lima Beans, Chicken Stock, Sweetcorn, Basil, Banana Pepper;nie
Portuguese barbecued pork (Febras assadas);Hlavné jedlo;Portuguese;0;;9;TheMealDB;https://www.themealdb.com/meal/53044;53044;Pork;Pork, White Wine, Paprika, Lemon, Lemon Juice, Olive Oil, Mayonnaise, Potatoes, Vegetable Oil;nie
Portuguese prego with green piri-piri;Hlavné jedlo;Portuguese;0;;14;TheMealDB;https://www.themealdb.com/meal/53042;53042;Beef;Garlic, Beef Fillet, Olive Oil, Vinegar, Parsley, Ciabatta, Rocket, Basil Leaves, Parsley, Jalapeno, Vinegar, Spring Onions, Garlic, Caster Sugar;nie
Potato Moussaka Recipe;Hlavné jedlo;;0;;20;TheMealDB;https://www.themealdb.com/meal/53489;53489;Beef;Vegetable Oil, Ground Beef, Onion, Garlic, Tomato Sauce, Tomato Puree, Salt, Black Pepper, Summer Savoury, Water, Potatoes, Carrots, Milk, Dried Mint, Butter, Flour, Salt, Egg Yolks, Feta, Ground Nutmeg;nie
Potato Salad (Olivier Salad);Hlavné jedlo;Russian;0;;10;TheMealDB;https://www.themealdb.com/meal/53081;53081;Vegetarian;Potatoes, Carrots, Salt, White Wine Vinegar, Eggs, Sausages, Dill, Peas, Onions, Mayonnaise;nie
Poulet Roti a l'Algerienne (Algerian Roast Chicken);Hlavné jedlo;Algerian;0;;10;TheMealDB;https://www.themealdb.com/meal/53280;53280;Chicken;Water, Onion, Olive Oil, Balsamic Vinegar, Dijon Mustard, Garlic, Black Pepper, Cayenne Pepper, Salt, Chicken;nie
Poutine;Hlavné jedlo;Canadian;0;;4;TheMealDB;https://www.themealdb.com/meal/52804;52804;Miscellaneous;Vegetable Oil, Beef Gravy, Potatoes, Cheese Curds;nie
Prahok Ktis – Pork and Coconut Dip;Hlavné jedlo;;0;;11;TheMealDB;https://www.themealdb.com/meal/53499;53499;Pork;Ground Pork, Coconut Milk, Prahok, Vegetable Oil, Garlic, Shallots, Chilli, Brown Sugar, Fish Sauce, Lime, Cilantro;nie
Prawn & noodle salad with crispy shallots;Hlavné jedlo;Vietnamese;0;;15;TheMealDB;https://www.themealdb.com/meal/53244;53244;Seafood;Rice Noodles, Prawns, Red Onions, Red Chilli, Cucumber, Coriander, Mint, Roasted Peanut, Lime, Brown Sugar, Fish Sauce, Garlic, Shallots, Vegetable Oil, Flour;nie
Prawns with Romesco sauce;Hlavné jedlo;Spanish;0;;11;TheMealDB;https://www.themealdb.com/meal/53174;53174;Seafood;Red Pepper, Garlic Clove, Red Chilli, Tomato, Shelled Hazelnuts, Almonds, Parsley, Bread, Olive Oil, Red Wine Vinegar, Tiger Prawns;nie
Provençal Omelette Cake;Hlavné jedlo;France;0;;13;TheMealDB;https://www.themealdb.com/meal/52921;52921;Vegetarian;Eggs, Olive Oil, Courgettes, Spring Onions, Red Pepper, Garlic Clove, Red Chilli, Cream Cheese, Milk, Chives, Basil, Rocket, Parmesan;nie
Quick salt & pepper squid;Hlavné jedlo;Australian;0;;6;TheMealDB;https://www.themealdb.com/meal/53108;53108;Seafood;Squid, Oil, Chinese five spice powder, Sesame Seed Oil, Coriander, sweet chilli sauce;nie
Ramen Noodles with Boiled Egg;Hlavné jedlo;Chinese;0;;8;TheMealDB;https://www.themealdb.com/meal/53383;53383;Miscellaneous;Noodles, Water, Egg, Soy Sauce, Chilli Sauce, Spring Onions, Salt, Pepper;nie
Rappie Pie;Hlavné jedlo;Canadian;0;;7;TheMealDB;https://www.themealdb.com/meal/52933;52933;Chicken;Butter, Onions, Chicken Stock, Chicken Breast, Potatoes, Salt, Black Pepper;nie
Raspeballer (Norwegian Potato Dumplings);Hlavné jedlo;Norway;0;;14;TheMealDB;https://www.themealdb.com/meal/53124;53124;Pork;Pork knuckle, Sausages, Potatoes, Red Potatoes, Flour, All purpose flour, Salt, Bouillon Cubes, Freshly Chopped Parsley, Swede, Carrots, Cream, Butter, Nutmeg;nie
Ratatouille;Hlavné jedlo;France;0;;10;TheMealDB;https://www.themealdb.com/meal/52908;52908;Vegetarian;Aubergine, Courgettes, Yellow Pepper, Tomato, Olive Oil, Basil, Onion, Garlic Clove, Red Wine Vinegar, Sugar;áno
Recheado Masala Fish;Hlavné jedlo;India;0;;14;TheMealDB;https://www.themealdb.com/meal/52809;52809;Seafood;Mackerel, Red Chilli, Ginger, Garlic, Pepper, Cumin, Turmeric, Cinnamon stick, Cloves, Cardamom, Sugar, Tamarind ball, Vinegar, Oil;nie
Red Peas Soup;Hlavné jedlo;Jamaican;0;;15;TheMealDB;https://www.themealdb.com/meal/52941;52941;Beef;Kidney Beans, Carrots, Spring Onions, Thyme, Onion, Black Pepper, Red Pepper, Garlic Clove, Allspice, Beef, Water, Potatoes, Plain Flour, Water, Coconut Milk;nie
Red curry chicken kebabs;Hlavné jedlo;Thai;0;;7;TheMealDB;https://www.themealdb.com/meal/53204;53204;Chicken;Chicken Breasts, Thai Red Curry Paste, Coconut Milk, Red Pepper, Courgettes, Red Onions, Lime;nie
Red onion pickle;Hlavné jedlo;Norway;0;;6;TheMealDB;https://www.themealdb.com/meal/53115;53115;Vegan;Red Onions, Sea Salt, Cider Vinegar, Granulated Sugar, Black Pepper, Bay Leaves;nie
Ribollita;Hlavné jedlo;Italian;0;;14;TheMealDB;https://www.themealdb.com/meal/52811;52811;Vegetarian;Olive Oil, Onion, Carrots, Celery, Garlic, Cannellini Beans, Canned tomatoes, Water, Rosemary, Thyme, Kale, Wholegrain Bread, Red Onions, Parmesan;nie
Rigatoni with fennel sausage sauce;Hlavné jedlo;Italian;0;;17;TheMealDB;https://www.themealdb.com/meal/52783;52783;Lamb;olive oil, Italian fennel sausages, onion, fennel bulb, smoky paprika, garlic, fennel seeds, red wine, chopped tomatoes, caster sugar, pitted black olives, rigatoni, pecorino, anchovy fillet, garlic, olive oil, basil leaves;nie
Roast aubergine with goat's cheese & toasted flatbread;Hlavné jedlo;Turkish;0;;11;TheMealDB;https://www.themealdb.com/meal/53273;53273;Vegetarian;Aubergine, Extra Virgin Olive Oil, Cherry Tomatoes, Pita Bread, Balsamic Vinegar, Mint, Shallots, Shallots, Red Chilli, Goats Cheese, Rocket;nie
Roasted Eggplant With Tahini, Pine Nuts, and Lentils;Hlavné jedlo;United States;0;;15;TheMealDB;https://www.themealdb.com/meal/52816;52816;Vegetarian;Olive Oil, Carrots, Celery, Onion, Garlic, Brown Lentils, Bay Leaves, Water, Salt, Apple Cider Vinegar, Pepper, Egg Plants, Rosemary, Pine nuts, Parsley;nie
Ropa Veija;Hlavné jedlo;;0;;18;TheMealDB;https://www.themealdb.com/meal/53545;53545;Beef;Flank Steak, Kosher Salt, Vegetable Oil, Red Pepper, Yellow Pepper, Onion, Garlic, Tomato Puree, Smoked Paprika, Cumin, Dried Oregano, Dry White Wine, Tinned Tomatos, Bay Leaf, Pimento Stuffed Olives, Rice, Black Beans, Cilantro;nie
Rosemary braised red cabbage with kabanos;Hlavné jedlo;Ukrainian;0;;10;TheMealDB;https://www.themealdb.com/meal/53315;53315;Pork;Red Cabbage, Olive Oil, Butter, Red Onions, Red Wine Vinegar, Brown Sugar, Red Chilli, Rosemary, Bramley Apples, Kabanos Sausages;nie
Rosol (Polish Chicken Soup);Hlavné jedlo;Polish;0;;13;TheMealDB;https://www.themealdb.com/meal/53020;53020;Chicken;Chicken Legs, Onions, Carrots, Leek, Celery, Cabbage, Cloves, Allspice, Bay Leaf, Parsley, Dill, Pepper, Salt;nie
Roti john;Hlavné jedlo;Malaysian;0;;8;TheMealDB;https://www.themealdb.com/meal/53052;53052;Beef;Minced Beef, Onion, Eggs, Chilli, Baguette, Salt, Pepper, Mayonnaise;nie
Salmon Avocado Salad;Hlavné jedlo;British;0;;8;TheMealDB;https://www.themealdb.com/meal/52960;52960;Seafood;Salmon, Avocado, Cucumber, Spinach, Mint, Lime, Honey, Olive Oil;nie
Salmon Prawn Risotto;Hlavné jedlo;Italian;0;;11;TheMealDB;https://www.themealdb.com/meal/52823;52823;Seafood;butter, onion, rice, white wine, vegetable stock, lemon, King Prawns, salmon, asparagus, black pepper, Parmesan;nie
Salmon noodle wraps;Hlavné jedlo;Vietnamese;0;;7;TheMealDB;https://www.themealdb.com/meal/53248;53248;Seafood;Rice Noodles, Spring Onions, Petit Pois, Chilli, Coriander, Lime, Salmon;nie
Salt & pepper squid;Hlavné jedlo;Vietnamese;0;;14;TheMealDB;https://www.themealdb.com/meal/53233;53233;Seafood;Corn Flour, Plain Flour, Black Pepper, Szechuan Peppercorns, Sunflower Oil, Squid, Spring Onions, Green Chilli, Red Chilli, Cucumber, Red Onions, Rice Vinegar, Caster Sugar, Fish Sauce;nie
Samlar Kari – Khmer Red Curry;Hlavné jedlo;;0;;14;TheMealDB;https://www.themealdb.com/meal/53498;53498;Chicken;Vegetable Oil, Chicken Thighs, Onion, Garlic, Ginger, Red Curry Paste, Coconut Milk, Chicken Stock, Fish Sauce, Brown Sugar, Bamboo Shoot, Red Pepper, Basil, Lime;nie
Satee;Hlavné jedlo;;0;;11;TheMealDB;https://www.themealdb.com/meal/53443;53443;Beef;Onion, Garlic, Lemons, Sugar, Soy Sauce, Salt, Ground Coriander, Oil, Beef, Oil, Soy Sauce;nie
Sauerkraut pierogi;Hlavné jedlo;Polish;0;;12;TheMealDB;https://www.themealdb.com/meal/53296;53296;Vegetarian;Sunflower Oil, Shallots, Sauerkraut, Hispi (sweetheart) Cabbage, Egg, Vegetable Oil, Plain Flour, Vegetable Oil, Shallots, Plain Flour, Butter, Sour Cream;nie
Sauerkraut pierogii;Hlavné jedlo;Ukrainian;0;;12;TheMealDB;https://www.themealdb.com/meal/53314;53314;Vegetarian;Sunflower Oil, Shallots, Sauerkraut, Hispi (sweetheart) Cabbage, Egg, Vegetable Oil, Plain Flour, Vegetable Oil, Shallots, Plain Flour, Butter, Sour Cream;nie
Sea bass with sizzled ginger, chilli & spring onions;Hlavné jedlo;Vietnamese;0;;7;TheMealDB;https://www.themealdb.com/meal/53247;53247;Seafood;Sea Bass Fillets, Sunflower Oil, Ginger, Garlic Clove, Red Chilli, Spring Onions, Soy Sauce;nie
Seafood fideuà;Hlavné jedlo;Spanish;0;;14;TheMealDB;https://www.themealdb.com/meal/52836;52836;Seafood;Mussels, Prawns, Saffron, Vermicelli Pasta, Olive Oil, Onions, Garlic, Paprika, Monkfish, Baby Squid, Fish Stock, Tomatoes, Lemon, Parsley;nie
Seafood rice;Hlavné jedlo;Spanish;0;;8;TheMealDB;https://www.themealdb.com/meal/53167;53167;Seafood;Olive Oil, Leek, Chorizo, Turmeric, Rice, Fish Stock, Peas, Frozen Seafood mix;nie
Seswaa;Hlavné jedlo;;0;;6;TheMealDB;https://www.themealdb.com/meal/53470;53470;Beef;Beef, Onion, Bay Leaf, Salt, Black Pepper, Water;nie
Shakshouka;Hlavné jedlo;Saudi Arabian;0;;6;TheMealDB;https://www.themealdb.com/meal/53215;53215;Miscellaneous;Tomato, Extra Virgin Olive Oil, Egg, Garlic Clove, Black Pepper, Salt;nie
Shakshuka;Hlavné jedlo;Egyptian;0;;9;TheMealDB;https://www.themealdb.com/meal/52963;52963;Vegetarian;Olive Oil, Red Onions, Red Chilli, Garlic, Coriander, Cherry Tomatoes, Caster Sugar, Eggs, Feta;nie
Shakshuka Feta Cheese;Hlavné jedlo;Saudi Arabian;0;;12;TheMealDB;https://www.themealdb.com/meal/53219;53219;Miscellaneous;Egg, Tomato Sauce, Olive Oil, Shallots, Celery, Garlic, Spinach, Feta, Red Pepper, Ground Cumin, Salt, Black Pepper;nie
Shawarma;Hlavné jedlo;Egyptian;0;;15;TheMealDB;https://www.themealdb.com/meal/53028;53028;Chicken;Chicken Thighs, Coriander, Cumin, Cardamom, Cayenne Pepper, Paprika, Lemon Juice, Olive Oil, Greek Yogurt, Garlic Clove, Cumin, Lemon Juice, Lettuce, Tomato, Pita Bread;nie
Shawarma chuck roast wrap;Hlavné jedlo;Saudi Arabian;0;;12;TheMealDB;https://www.themealdb.com/meal/53217;53217;Beef;Chuck Roast, Beef Stock, Lemon Juice, Ground Cumin, Paprika, Salt, Ground Ginger, Turmeric, Cayenne Pepper, Ground Cinnamon, Ground Coriander, Ground Clove;nie
Shopska Salad;Hlavné jedlo;;0;;8;TheMealDB;https://www.themealdb.com/meal/53491;53491;Vegetarian;Cucumber, Tomatoes, Red Onions, Green Pepper, Salt, Olive Oil, Feta, Parsley;nie
Sichuan Eggplant;Hlavné jedlo;Chinese;0;;13;TheMealDB;https://www.themealdb.com/meal/53374;53374;Vegetarian;Egg Plants, Peanut Oil, Chicken Stock, Sugar, Soy Sauce, Chilli Bean Paste, Sichuan Pepper, Ginger, Garlic, Cornstarch, Apple Cider Vinegar, Scallions, Cilantro;nie
Sichuan Style Stir-Fried Chinese Long Beans;Hlavné jedlo;Chinese;0;;8;TheMealDB;https://www.themealdb.com/meal/53371;53371;Vegetarian;Chinese Long Beans, Peanut Oil, Dried Chillies, Sichuan Pepper, Salt, Sugar, Sesame Seed Oil, Soy Sauce;nie
Silken Tofu with Sesame Soy Sauce;Hlavné jedlo;Chinese;0;;5;TheMealDB;https://www.themealdb.com/meal/53369;53369;Vegetarian;Silken Tofu, Soy Sauce, Chinese Sesame Sauce, Scallions, Sesame Seed;nie
Singapore Noodles with Shrimp;Hlavné jedlo;Chinese;0;;18;TheMealDB;https://www.themealdb.com/meal/53368;53368;Seafood;Sesame Seed Oil, Soy Sauce, Seasoned Rice Vinegar, Vermicelli Rice Noodles, Egg, Ground Ginger, Garlic, Carrots, Jalapeno, Onion, Salt, Ham, Napa Cabbage, Scallions, Red Pepper, Curry Powder, Shrimp, Cilantro Leaves;nie
Skillet Apple Pork Chops with Roasted Sweet Potatoes & Zucchini;Hlavné jedlo;United States;0;;10;TheMealDB;https://www.themealdb.com/meal/52994;52994;Pork;Potatoes, Apples, Garlic, Lemon, Pork, Zucchini, Chicken Stock, Vegetable Oil, Sugar, Butter;nie
Sledz w Oleju (Polish Herrings);Hlavné jedlo;Polish;0;;6;TheMealDB;https://www.themealdb.com/meal/53023;53023;Seafood;Herring, Onion, Olive Oil, Allspice, Pepper, Bay Leaf;nie
Slow-cooked, Wadadli-spiced Cubano pork belly;Hlavné jedlo;;0;;15;TheMealDB;https://www.themealdb.com/meal/53432;53432;Pork;Olive Oil, Coriander, Parsley, Oregano, Mint, Red Chilli, Green Chilli, Orange, Lime, Grapefruit, Garlic, Ground Cumin, Ground Allspice, Salt, Black Pepper;nie
Slow-roasted ham with lemon, garlic & sage;Hlavné jedlo;Polish;0;;7;TheMealDB;https://www.themealdb.com/meal/53302;53302;Pork;Garlic, Lemon, Salt, Black Pepper, Vegetable Oil, Pork Shoulder, Dry White Wine;nie
Smoky Lentil Chili with Squash;Hlavné jedlo;British;0;;19;TheMealDB;https://www.themealdb.com/meal/52784;52784;Vegetarian;Olive Oil, Onion, Leek, Garlic, Cumin, Coriander, Smoked Paprika, Cinnamon, Chili Powder, Cocoa, Dried Oregano, Diced Tomatoes, Water, Carrots, Brown Lentils, Sea Salt, Squash, Cashews, Apple Cider Vinegar;nie
Smoky chicken skewers;Hlavné jedlo;Turkish;0;;8;TheMealDB;https://www.themealdb.com/meal/53264;53264;Chicken;Chicken Thighs, Olive Oil, Fennel Seeds, Ground Cumin, sweet smoked paprika, Garlic, Red Wine Vinegar, Smoky Aïoli;nie
Soy-Glazed Meatloaves with Wasabi Mashed Potatoes & Roasted Carrots;Hlavné jedlo;United States;0;;11;TheMealDB;https://www.themealdb.com/meal/52992;52992;Beef;Potatoes, Carrots, Scallions, Garlic, Bread, Garlic Powder, Soy Sauce, Ground Beef, Vegetable Oil, Sugar, Butter;nie
Spaghetti Bolognese;Hlavné jedlo;Italian;0;;12;TheMealDB;https://www.themealdb.com/meal/52770;52770;Beef;onions, olive oil, garlic, lean minced beef, mushrooms, dried oregano, tomatoes, hot beef stock, tomato puree, worcestershire sauce, spaghetti, parmesan;nie
Spaghetti with Spanish flavours;Hlavné jedlo;Spanish;0;;6;TheMealDB;https://www.themealdb.com/meal/53177;53177;Pork;Chorizo, Spaghetti, Parsley, Red Pepper, Olive Oil, Parmesan Cheese;nie
Spanish Chicken;Hlavné jedlo;Spanish;0;;7;TheMealDB;https://www.themealdb.com/meal/53164;53164;Chicken;Chicken Thighs, Onion, Paprika, Lemon, Parsley, Chicken Stock, Olive Oil;nie
Spanish Tortilla;Hlavné jedlo;Spanish;0;;10;TheMealDB;https://www.themealdb.com/meal/52872;52872;Vegetarian;Onion, Olive Oil, Butter, Potatoes, Garlic, Eggs, Parsley, Baguette, Vine Tomatoes, Olive Oil;nie
Spanish beans with chicken & chorizo;Hlavné jedlo;Spanish;0;;10;TheMealDB;https://www.themealdb.com/meal/53181;53181;Chicken;Pinto Beans, Onion, Paprika, Thyme, Bay Leaves, Parsley, Chicken Thighs, Jersey Royal Potatoes, Chorizo, Spinach;nie
Spanish chicken pie;Hlavné jedlo;Spanish;0;;9;TheMealDB;https://www.themealdb.com/meal/53155;53155;Chicken;Potatoes, Paprika, Olive Oil, Onion, Garlic, Tinned Tomatos, Chicken, Roasted pepper, Green Olives;nie
Spanish rice & prawn one-pot;Hlavné jedlo;Spanish;0;;9;TheMealDB;https://www.themealdb.com/meal/53184;53184;Seafood;Onion, Red Pepper, Green Pepper, Chorizo, Garlic, Olive Oil, Basmati Rice, Tinned Tomatos, Prawns;nie
Spanish tomato bread with jamón Serrano;Hlavné jedlo;Spanish;0;;7;TheMealDB;https://www.themealdb.com/meal/53176;53176;Pork;Tomato, Garlic, Olive Oil, Salt, Pepper, Baguette, Serrano Ham;nie
Spanish-style slow-cooked lamb shoulder & beans;Hlavné jedlo;Spanish;0;;14;TheMealDB;https://www.themealdb.com/meal/53175;53175;Lamb;Lamb Shoulder, Olive Oil, Onion, Carrots, Garlic Bulb, Chicken Stock, Butter Beans, Roasted pepper, Black Olives, Parsley, Garlic, Hot smoked paprika, Olive Oil, Rosemary;nie
Spiced smoky barbecued chicken;Hlavné jedlo;Australian;0;;11;TheMealDB;https://www.themealdb.com/meal/53105;53105;Chicken;Garlic, Lemon, Curry Powder, Chilli Flakes, Olive Oil, Chicken Thighs, Rosemary, Rosemary, Thyme, Thyme, Bay Leaves;nie
Spiced tortilla;Hlavné jedlo;Spanish;0;;8;TheMealDB;https://www.themealdb.com/meal/53142;53142;Vegetarian;Sunflower Oil, Onion, Red Chilli, Curry Powder, Cherry Tomatoes, Potatoes, Coriander, Egg;nie
Spicy Arrabiata Penne;Hlavné jedlo;Italian;0;;8;TheMealDB;https://www.themealdb.com/meal/52771;52771;Vegetarian;penne rigate, olive oil, garlic, chopped tomatoes, red chilli flakes, italian seasoning, basil, Parmigiano-Reggiano;nie
Spicy Thai prawn noodles;Hlavné jedlo;Thai;0;;11;TheMealDB;https://www.themealdb.com/meal/53209;53209;Seafood;Rice Noodles, Sesame Seed Oil, Egg, Red Chilli, Ginger, Prawns, Soy Sauce, Coriander, Mint, Lime, Peanuts;nie
Spinach & Ricotta Cannelloni;Hlavné jedlo;Italian;0;;15;TheMealDB;https://www.themealdb.com/meal/52849;52849;Vegetarian;Olive Oil, Garlic, Caster Sugar, Red Wine Vinegar, Chopped Tomatoes, Basil Leaves, Mascarpone, Milk, Parmesan, Mozzarella, Spinach, Parmesan, Ricotta, Nutmeg, Cannellini Beans;nie
Spring onion and prawn empanadas;Hlavné jedlo;Portuguese;0;;10;TheMealDB;https://www.themealdb.com/meal/53040;53040;Seafood;Spring Onions, Olive Oil, Red Chilli, Garlic, Prawns, Feta, Butter, Plain Flour, Egg, White Wine Vinegar;nie
Squash linguine;Hlavné jedlo;Italian;0;;5;TheMealDB;https://www.themealdb.com/meal/52866;52866;Vegetarian;Butternut Squash, Garlic, Olive Oil, Linguine Pasta, Sage;nie
Squid, chickpea & chorizo salad;Hlavné jedlo;Australian;0;;9;TheMealDB;https://www.themealdb.com/meal/53102;53102;Seafood;Red Pepper, Can of chickpeas, Parsley, Red Chilli, Garlic Clove, Olive Oil, Squid, Chorizo, Lemon;nie
Stamppot;Hlavné jedlo;Netherlands;0;;10;TheMealDB;https://www.themealdb.com/meal/52980;52980;Pork;Potatoes, Bay Leaf, Shallots, Butter, Kale, Sausages, Milk, Nutmeg, Salt, Pepper;nie
Steak & Vietnamese noodle salad;Hlavné jedlo;Vietnamese;0;;13;TheMealDB;https://www.themealdb.com/meal/53229;53229;Beef;Brown Rice Noodle, Rapeseed Oil, Fillet Of Steak, Carrots, Chinese Cabbage, Spring Onions, Coriander, Red Chilli, Lime, Brown Sugar, Rice Vinegar, Garlic Clove, Fish Sauce;nie
Steak and Kidney Pie;Hlavné jedlo;British;0;;12;TheMealDB;https://www.themealdb.com/meal/52881;52881;Beef;Puff Pastry, Egg White, Egg Yolks, Vegetable Oil, Beef, Lamb Kidney, Onions, Plain Flour, Beef Stock, Salt, Pepper, Worcestershire Sauce;nie
Sticky Chicken;Hlavné jedlo;Australian;0;;6;TheMealDB;https://www.themealdb.com/meal/53110;53110;Chicken;Chicken drumsticks, Soy Sauce, Honey, Olive Oil, Tomato Puree, Dijon Mustard;nie
Stir-fried chicken with chillies & basil;Hlavné jedlo;Thai;0;;9;TheMealDB;https://www.themealdb.com/meal/53201;53201;Chicken;Vegetable Oil, Chicken, Garlic, Shallots, Red Chilli, Fish Sauce, Soy Sauce, Sugar, Basil Leaves;nie
Stuffed Bell Peppers with Quinoa and Black Beans;Hlavné jedlo;Mexican;0;;15;TheMealDB;https://www.themealdb.com/meal/53067;53067;Vegetarian;Green Pepper, Olive Oil, Onion, Garlic, Quinoa, Black Beans, Sweetcorn, Diced Tomatoes, Cumin, Chili Powder, Smoked Paprika, Salt, Pepper, Shredded Mexican Cheese, Cilantro;nie
Summer Pistou;Hlavné jedlo;France;0;;10;TheMealDB;https://www.themealdb.com/meal/52911;52911;Vegetarian;Rapeseed Oil, Leek, Courgettes, Vegetable Stock, Cannellini Beans, Green Beans, Tomatoes, Garlic Clove, Basil, Parmesan;nie
Sushi;Hlavné jedlo;Japanese;0;;7;TheMealDB;https://www.themealdb.com/meal/53065;53065;Seafood;Sushi Rice, Rice wine, Caster Sugar, Mayonnaise, Rice wine, Soy Sauce, Cucumber;nie
Sweet and Sour Chicken;Hlavné jedlo;Chinese;0;;13;TheMealDB;https://www.themealdb.com/meal/53376;53376;Chicken;Chicken Thighs, Egg White, Kosher Salt, Cornstarch, Pineapple Chunks, Pineapple Juice, White Vinegar, Tomato Ketchup, Brown Sugar, Oil, Red Pepper, Yellow Pepper, Ginger;nie
Sweet and Sour Pork;Hlavné jedlo;Chinese;0;;10;TheMealDB;https://www.themealdb.com/meal/52949;52949;Pork;Pork, Egg, Water, Salt, Sugar, Soy Sauce, Starch, Tomato Puree, Vinegar, Coriander;nie
Syrian Bread;Hlavné jedlo;Syrian;0;;6;TheMealDB;https://www.themealdb.com/meal/53089;53089;Miscellaneous;Water, Vegetable Oil, Sugar, Salt, Flour, Yeast;nie
Syrian Rice with Meat;Hlavné jedlo;Syrian;0;;10;TheMealDB;https://www.themealdb.com/meal/53095;53095;Miscellaneous;Butter, Ground Beef, Salt, Allspice, Cinnamon, Black Pepper, Chicken Stock, Rice, Butter, Pine Nuts;nie
Tafelspitz;Hlavné jedlo;;0;;10;TheMealDB;https://www.themealdb.com/meal/53447;53447;Beef;Beef Brisket, Carrots, Celeriac, Parsnips, Parsley, Leek, Onion, Bay Leaf, Peppercorns, Salt;nie
Tahini Lentils;Hlavné jedlo;Moroccan;0;;10;TheMealDB;https://www.themealdb.com/meal/52869;52869;Vegetarian;Tahini, Lemon, Olive Oil, Red Onions, Garlic, Yellow Pepper, Green Beans, Courgettes, Kale, Lentils;nie
Tajine de Poulet aux Carottes et Patates Douces (Chicken and Sweet Potato Tagine);Hlavné jedlo;Algerian;0;;18;TheMealDB;https://www.themealdb.com/meal/53287;53287;Chicken;Onion, Celery, Cilantro, Parsley, Turmeric, Ground Cumin, Paprika, Ground Ginger, Cayenne Pepper, Salt, Black Pepper, Chicken Thighs, Olive Oil, Raisins, Chicken Stock, Sweet Potatoes, Carrots, Prunes;nie
Tamiya;Hlavné jedlo;Egyptian;0;;9;TheMealDB;https://www.themealdb.com/meal/53026;53026;Vegetarian;Broad Beans, Spring Onions, Garlic Clove, Parsley, Cumin, Baking Powder, Cayenne Pepper, Flour, Vegetable Oil;nie
Tandoori chicken;Hlavné jedlo;India;0;;12;TheMealDB;https://www.themealdb.com/meal/52806;52806;Chicken;lemons, paprika, red onions, chicken thighs, vegetable oil, Greek yogurt, ginger, garlic clove, garam masala, ground cumin, chilli powder, turmeric;nie
Tangy cabbage slaw;Hlavné jedlo;Ukrainian;0;;10;TheMealDB;https://www.themealdb.com/meal/53312;53312;Vegetarian;Mayonnaise, Lemon, Cider Vinegar, Wholegrain Mustard, Celery Salt, White Cabbage, Red Cabbage, Carrots, Onion, Celery;nie
Tavë me Presh ska Mish Meatless Leek Bake;Hlavné jedlo;;0;;12;TheMealDB;https://www.themealdb.com/meal/53405;53405;Vegetarian;Leek, Red Pepper, Rice, Garlic, Vegetable Stock, Paprika, Oregano, Parsley, Basil, Salt, Pepper, Olive Oil;nie
Teriyaki Chicken Casserole;Hlavné jedlo;Japanese;0;;9;TheMealDB;https://www.themealdb.com/meal/52772;52772;Chicken;soy sauce, water, brown sugar, ground ginger, minced garlic, cornstarch, chicken breasts, stir-fry vegetables, brown rice;nie
Thai Green Curry;Hlavné jedlo;Thai;0;;12;TheMealDB;https://www.themealdb.com/meal/52814;52814;Chicken;Potatoes, green beans, sunflower oil, garlic, Thai green curry paste, coconut milk, Thai fish sauce, Sugar, Chicken, lime, basil, Rice;nie
Thai chicken cakes with sweet chilli sauce;Hlavné jedlo;Thai;0;;11;TheMealDB;https://www.themealdb.com/meal/53206;53206;Chicken;Chicken Breast, Garlic, Ginger, Onion, Coriander, Green Chilli, Olive Oil, sweet chilli sauce, Lime, Spring Onions, Red Chilli;nie
Thai coconut & veg broth;Hlavné jedlo;Thai;0;;13;TheMealDB;https://www.themealdb.com/meal/53208;53208;Vegetarian;Thai Red Curry Paste, Vegetable Oil, Vegetable Stock, Coconut Milk, Brown Sugar, Egg Noodles, Carrots, Chinese Leaf, Bean Sprouts, Cherry Tomatoes, Lime, Spring Onions, Coriander;nie
Thai curry noodle soup;Hlavné jedlo;Thai;0;;11;TheMealDB;https://www.themealdb.com/meal/53195;53195;Seafood;Vegetable Oil, Thai Green Curry Paste, Stir-fry Vegetables, Raw King Prawns, Coconut Milk, Vegetable Stock, Udon Noodles, Coriander, Basil, Red Chilli, Spring Onions;nie
Thai drumsticks;Hlavné jedlo;Thai;0;;6;TheMealDB;https://www.themealdb.com/meal/53212;53212;Chicken;sweet chilli sauce, Orange, Orange, Garlic, Thai Red Curry Paste, Chicken drumsticks;nie
Thai fried rice with prawns & peas;Hlavné jedlo;Thai;0;;12;TheMealDB;https://www.themealdb.com/meal/53198;53198;Seafood;Vegetable Oil, Red Onions, Garlic Clove, Red Chilli, Raw King Prawns, Brown Rice, Frozen Peas, Soy Sauce, Fish Sauce, Coriander, Egg, Hotsauce;nie
Thai green chicken soup;Hlavné jedlo;Thai;0;;14;TheMealDB;https://www.themealdb.com/meal/53214;53214;Chicken;Sunflower Oil, Onion, Chicken Thighs, Garlic Clove, Thai Green Curry Paste, Coconut Milk, Chicken Stock, Lime Leaves, Fish Sauce, Spring Onions, Green Beans, Bamboo Shoot, Lime, Basil;nie
Thai pork & peanut curry;Hlavné jedlo;Thai;0;;12;TheMealDB;https://www.themealdb.com/meal/53197;53197;Pork;Vegetable Oil, Spring Onions, Coriander, Pork Tenderloin, Thai Red Curry Paste, Peanut Butter, Brown Sugar, Soy Sauce, Coconut Milk, Sweetcorn, Lime, Jasmine Rice;nie
Thai prawn curry;Hlavné jedlo;Thai;0;;8;TheMealDB;https://www.themealdb.com/meal/53205;53205;Seafood;Vegetable Oil, Onion, Ginger, Thai Red Curry Paste, Tinned Tomatos, Coconut Cream, Raw Frozen Prawns, Coriander;nie
Thai pumpkin soup;Hlavné jedlo;Thai;0;;11;TheMealDB;https://www.themealdb.com/meal/53210;53210;Vegetarian;Pumpkin, Sunflower Oil, Onion, Ginger, Lemongrass, Thai Red Curry Paste, Coconut Milk, Vegetable Stock, Lime juice, Sugar, Red Chilli;nie
Thai rice noodle salad;Hlavné jedlo;Thai;0;;15;TheMealDB;https://www.themealdb.com/meal/53203;53203;Vegetarian;Vermicelli Rice Noodles, Bean Sprouts, Lime, Fish Sauce, Muscovado Sugar, Red Onions, Lettuce, Minced Pork, Ginger, Cayenne Pepper, Sunflower Oil, Sesame Seed, Oil, Sirloin steak, Red Chilli;nie
Thai-style fish broth with greens;Hlavné jedlo;Thai;0;;9;TheMealDB;https://www.themealdb.com/meal/53213;53213;Seafood;Brown Rice Noodle, Chicken Stock, Thai Red Curry Paste, Lime Leaves, Fish Sauce, White Fish, Raw King Prawns, Pak Choi, Coriander Leaves;nie
Thai-style steamed fish;Hlavné jedlo;Thai;0;;7;TheMealDB;https://www.themealdb.com/meal/53202;53202;Seafood;Trout, Ginger, Garlic Clove, Red Chilli, Lime, Baby Pak Koi, Soy Sauce;nie
Tirolean Dumplings;Hlavné jedlo;;0;;13;TheMealDB;https://www.themealdb.com/meal/53444;53444;Pork;Bread, Milk, Smoked Ham, Eggs, Shallots, Butter, Parsley, Flour, Salt, Pepper, Nutmeg, Butter, Parsley;nie
Toad In The Hole;Hlavné jedlo;British;0;;7;TheMealDB;https://www.themealdb.com/meal/52822;52822;Pork;sausages, vegetable oil, plain flour, eggs, horseradish, milk, cherry tomatoes;nie
Tofu, greens & cashew stir-fry;Hlavné jedlo;Vietnamese;0;;11;TheMealDB;https://www.themealdb.com/meal/53240;53240;Vegetarian;Vegetable Oil, Broccoli, Garlic Clove, Red Chilli, Spring Onions, Soya Bean, Pak Choi, Marinated Tofu, Hoisin Sauce, Soy Sauce, Cashew Nuts;nie
Torta de fiambre;Hlavné jedlo;Uruguayan;0;;9;TheMealDB;https://www.themealdb.com/meal/53318;53318;Pork;Cheddar Cheese, Ham, Egg, Vegetable Oil, Milk, All purpose flour, Baking Powder, Salt, Dried Oregano;nie
Tortang Talong;Hlavné jedlo;Filipino;0;;4;TheMealDB;https://www.themealdb.com/meal/53075;53075;Vegetarian;Egg Plants, Eggs, Salt, Olive Oil;nie
Tourtiere;Hlavné jedlo;Canadian;0;;11;TheMealDB;https://www.themealdb.com/meal/52926;52926;Pork;Potatoes, Sunflower Oil, Minced Pork, Onion, Garlic Clove, Cinnamon, Allspice, Nutmeg, Vegetable Stock, Shortcrust Pastry, Egg;nie
Traditional Croatian Goulash;Hlavné jedlo;Croatian;0;;12;TheMealDB;https://www.themealdb.com/meal/53057;53057;Beef;Beef, Onions, Carrots, Garlic, Bay Leaf, Red Wine, Water, Mustard, Salt, Pepper, Paprika, Vegetable Oil;nie
Trinxat (Potato, Cabbage and Bacon Hash);Hlavné jedlo;;0;;7;TheMealDB;https://www.themealdb.com/meal/53416;53416;Pork;Cabbage, Russet Potato, Bacon, Garlic, Parsley, Salt, Pepper;nie
Tuna Nicoise;Hlavné jedlo;France;0;;9;TheMealDB;https://www.themealdb.com/meal/52852;52852;Seafood;Potatoes, Olive Oil, Eggs, Red Wine Vinegar, Capers, Sunflower Oil, Red Onions, Spinach, Tuna;nie
Tuna and Egg Briks;Hlavné jedlo;Tunisian;0;;11;TheMealDB;https://www.themealdb.com/meal/52975;52975;Seafood;Olive Oil, Spring Onions, Spinach, Filo Pastry, Tuna, Eggs, Hotsauce, Tomatoes, Cucumber, Lemon Juice, Apricot Jam;nie
Turkey Bánh mì;Hlavné jedlo;Vietnamese;0;;12;TheMealDB;https://www.themealdb.com/meal/53249;53249;Miscellaneous;Baguette, Chicken Liver, Cucumber, Turkey, Mayonnaise, Red Chilli, Mint, Carrots, Red Cabbage, Ground Ginger, Rice Vinegar, Golden Caster Sugar;nie
Turkey Meatloaf;Hlavné jedlo;British;0;;11;TheMealDB;https://www.themealdb.com/meal/52845;52845;Miscellaneous;Olive Oil, Onion, Garlic, Worcestershire Sauce, Tomato Puree, Turkey Mince, Eggs, Breadcrumbs, Barbeque Sauce, Cannellini Beans, Parsley;nie
Turkish lahmacun;Hlavné jedlo;Vietnamese;0;;14;TheMealDB;https://www.themealdb.com/meal/53251;53251;Beef;Strong white bread flour, Fast action yeast, Corn Flour, Tomato, Green Chilli, Spring Onions, Parsley, Ground Beef, Chilli Flakes, Ground Cumin, Allspice, Olive Oil, Lemon, Red Onions;nie
Turkish rice (vermicelli rice);Hlavné jedlo;Turkish;0;;5;TheMealDB;https://www.themealdb.com/meal/53252;53252;Miscellaneous;Rice, Vegetable Oil, Vermicelli Pasta, Unsalted Butter, Chicken Stock;nie
Vegan Lasagna;Hlavné jedlo;Italian;0;;12;TheMealDB;https://www.themealdb.com/meal/52775;52775;Vegan;green red lentils, Carrots, onion, zucchini, coriander, spinach, lasagne sheets, vegan butter, flour, soya milk, mustard, vinegar;nie
Vegan banh mi;Hlavné jedlo;Vietnamese;0;;9;TheMealDB;https://www.themealdb.com/meal/53250;53250;Vegan;Raw Vegetables, Vegan White Wine Vinegar, Golden Caster Sugar, Baguette, Hummus, Tempeh, Coriander, Mint, Hotsauce;nie
Vegetable Shepherds Pie;Hlavné jedlo;Irish;0;;19;TheMealDB;https://www.themealdb.com/meal/53000;53000;Beef;Potatoes, Small Potatoes, Salted Butter, Mushrooms, Brown Lentils, Garlic, Kosher Salt, Onion, Tomato Puree, Bay Leaves, Olive Oil, Dry White Wine, Vegetable Stock, Cornstarch, Soy Sauce, Rosemary, Parsley, Sage, Chives;nie
Vegetarian Casserole;Hlavné jedlo;British;0;;15;TheMealDB;https://www.themealdb.com/meal/52863;52863;Vegetarian;Rapeseed Oil, Onion, Garlic, Paprika, Cumin, Thyme, Carrots, Celery, Red Pepper, Yellow Pepper, Tomato, Vegetable Stock Cube, Courgettes, Thyme, Lentils;nie
Vegetarian Chilli;Hlavné jedlo;British;0;;4;TheMealDB;https://www.themealdb.com/meal/52867;52867;Vegetarian;Roasted Vegetables, Kidney Beans, Chopped Tomatoes, Mixed Grain;nie
Vegetarian Shakshuka;Hlavné jedlo;Saudi Arabian;0;;11;TheMealDB;https://www.themealdb.com/meal/53222;53222;Vegetarian;Red Onions, Red Pepper, Tomato, Cumin, Garlic Granules, Cayenne Pepper, Paprika, Egg, Parsley, Chilli Flakes, Toast;nie
Venezuelan Coconut Chicken;Hlavné jedlo;Venezuela;0;;14;TheMealDB;https://www.themealdb.com/meal/53327;53327;Chicken;Chicken Breasts, Onion, Garlic, Bay Leaves, Black Pepper, Turmeric, Cumin, Salt, Sugar, Tomato, Ginger Paste, Olive Oil, Coconut Milk, Water;nie
Venezuelan Sancocho;Hlavné jedlo;Venezuela;0;;17;TheMealDB;https://www.themealdb.com/meal/53326;53326;Beef;Hind Shank, Onion, Pepper, Garlic, Garlic, Leek, Beef Stock, Sweet Red Peppers, Scallions, Sweetcorn, Cassaba, Yautia, White Yam, Butternut Squash, Salt, Pepper, Cilantro;nie
Venezuelan Shredded Beef;Hlavné jedlo;Venezuela;0;;14;TheMealDB;https://www.themealdb.com/meal/53328;53328;Beef;Skirty Steak, Garlic, Onion, Onion, Red Pepper, Tomato, Beef Stock, Worcestershire Sauce, Tomato Puree, Cumin, Tomato Ketchup, Salt, Pepper, Olive Oil;nie
Vietnamese Grilled Pork (bun-thit-nuong);Hlavné jedlo;Vietnamese;0;;13;TheMealDB;https://www.themealdb.com/meal/52828;52828;Pork;Pork, Rice Vermicelli, Egg Rolls, Challots, Garlic, Sugar, Fish Sauce, Soy sauce, Pepper, Olive Oil, Cucumber, Mint, Peanuts;nie
Vietnamese caramel trout;Hlavné jedlo;Vietnamese;0;;9;TheMealDB;https://www.themealdb.com/meal/53228;53228;Seafood;Golden Caster Sugar, Fish Sauce, Red Chilli, Ginger, Rainbow Trout, Bok Choi, Lemon, Coriander, Rice;nie
Vietnamese chicken salad;Hlavné jedlo;Vietnamese;0;;13;TheMealDB;https://www.themealdb.com/meal/53232;53232;Chicken;Rice Noodles, Carrots, Cucumber, Chicken Breasts, Radish, Red Onions, Mint, Peanuts, Red Chilli, Lime, Fish Sauce, Soy Sauce, Sesame Seed Oil;nie
Vietnamese pork salad;Hlavné jedlo;Vietnamese;0;;18;TheMealDB;https://www.themealdb.com/meal/53237;53237;Pork;Golden Caster Sugar, Lime, Red Chilli, Coriander, Sesame Seed Oil, Fish Sauce, Soy Sauce, Pork Tenderloin, Vegetable Oil, White Cabbage, Cucumber, Celery, Spring Onions, Red Chilli, Lemongrass Stalks, Lime, Coriander, Mint;nie
Vietnamese veg parcels;Hlavné jedlo;Vietnamese;0;;13;TheMealDB;https://www.themealdb.com/meal/53241;53241;Vegetarian;Rice Flour Pancakes, Rice Noodles, Chicken Breast, Carrots, Cucumber, Red Pepper, Lettuce, Coriander, Mint, Fish Sauce, Rice Vinegar, Lime, Red Chilli;nie
Vietnamese-style veggie hotpot;Hlavné jedlo;Vietnamese;0;;11;TheMealDB;https://www.themealdb.com/meal/53236;53236;Vegetarian;Vegetable Oil, Ginger, Garlic Clove, Butternut Squash, Soy Sauce, Brown Sugar, Vegetable Stock, Green Beans, Spring Onions, Coriander Leaves, Jasmine Rice;nie
Warm roast asparagus salad;Hlavné jedlo;Australian;0;;10;TheMealDB;https://www.themealdb.com/meal/53106;53106;Pork;Asparagus, Red Wine Vinegar, Tomato, Extra Virgin Olive Oil, Streaky Bacon, Clear Honey, Jersey Royal Potatoes, Extra Virgin Olive Oil, Dijon Mustard, Rocket;nie
Wontons;Hlavné jedlo;Chinese;0;;11;TheMealDB;https://www.themealdb.com/meal/52948;52948;Pork;Pork, Garlic Clove, Ginger, Soy Sauce, Sesame Seed Oil, Carrots, Celery, Spring Onions, Wonton Skin, Oil, Water;nie
Yorkshire Puddings;Hlavné jedlo;British;0;;4;TheMealDB;https://www.themealdb.com/meal/53097;53097;Miscellaneous;Flour, Egg, Milk, Sunflower Oil;nie
Zapiekanki;Hlavné jedlo;Polish;0;;14;TheMealDB;https://www.themealdb.com/meal/53294;53294;Pork;Baguette, Butter, Vegetable Oil, Onion, Mushrooms, Garlic, Mayonnaise, Cheddar Cheese, Ham, Polish Kabanos, Mozzarella, Dill, Chives, Tomato Ketchup;nie
kabse;Hlavné jedlo;Saudi Arabian;0;;12;TheMealDB;https://www.themealdb.com/meal/53220;53220;Chicken;Chicken, Rice, Green Pepper, Red Pepper, Mushrooms, Sweetcorn, Carrots, Raisins, Turmeric, Kabse Spice, Salt, Black Pepper;nie
Adana kebab;Hlavné jedlo;Turkish;1;mleté jahňacie → mleté hovädzie + trocha bravčového;5;TheMealDB;https://www.themealdb.com/meal/53262;53262;Lamb;Romano Pepper, Lamb Mince, Red Pepper Paste, Pul Biber, Sunflower Oil;nie
Arroz al horno (baked rice);Hlavné jedlo;Spanish;1;ryža na paellu → ryža arborio (rizotová);15;TheMealDB;https://www.themealdb.com/meal/53156;53156;Pork;Extra Virgin Olive Oil, Pork belly slices, Black Pudding, Bacon lardon, Onion, Red Pepper, Plum Tomatoes, Garlic Clove, Paprika, Chilli Flakes, Dried white beans, Chicken Stock, Thyme, Paella Rice, Lemon Juice;nie
Arroz con gambas y calamar;Hlavné jedlo;Spanish;1;ryža na paellu → ryža arborio (rizotová);10;TheMealDB;https://www.themealdb.com/meal/53147;53147;Seafood;Raw King Prawns, Olive Oil, Onion, Bay Leaf, Saffron, Paella Rice, Tomato Puree, White Wine, Seafood stock, Squid;nie
Ayam Percik;Hlavné jedlo;Malaysian;1;tamarindová pasta → limetková šťava + 1 ČL hnedého cukru;13;TheMealDB;https://www.themealdb.com/meal/53050;53050;Chicken;Chicken Thighs, Challots, Ginger, Garlic Clove, Cayenne Pepper, Turmeric, Cumin, Coriander, Fennel, Tamarind Paste, Coconut Milk, Sugar, Water;nie
Bai Sach Chrouk – Grilled Pork with Rice;Hlavné jedlo;;1;ustricová omáčka → sójová omáčka + 1 ČL cukru na PL;12;TheMealDB;https://www.themealdb.com/meal/53496;53496;Pork;Pork Shoulder, Coconut Milk, Soy Sauce, Oyster Sauce, Honey, Garlic, Black Pepper, Jasmine Rice, Water, Vegetable Oil, Cucumber, Cilantro Leaves;nie
Balchi di Pisca;Hlavné jedlo;;1;solená treska → mrazená treska + nasolenie 12 h;11;TheMealDB;https://www.themealdb.com/meal/53440;53440;Seafood;Salt Cod, Potatoes, Tomato, Green Pepper, Onion, Garlic, Tobasco Sauce, Nutmeg, Salt, Pepper, Egg;nie
Barbados Pepperpot;Hlavné jedlo;;1;scotch bonnet → habanero alebo čili;13;TheMealDB;https://www.themealdb.com/meal/53457;53457;Beef;Pigs Trotters, Oxtail, Lime juice, Garlic, Scotch Bonnet, Onion, Cinnamon Stick, Cloves, Sugar, Salt, Basil, Thyme, Beef;nie
Beef Dumpling Stew;Hlavné jedlo;British;1;hovädzí loj → stuhnuté maslo nastrúhané na hrubo, alebo Hera;19;TheMealDB;https://www.themealdb.com/meal/52873;52873;Beef;Olive Oil, Butter, Beef, Plain Flour, Garlic, Onions, Celery, Carrots, Leek, Swede, Red Wine, Beef Stock, Bay Leaf, Thyme, Parsley, Plain Flour, Baking Powder, Suet, Water;nie
Beef Lo Mein;Hlavné jedlo;Chinese;1;ustricová omáčka → sójová omáčka + 1 ČL cukru na PL;17;TheMealDB;https://www.themealdb.com/meal/52952;52952;Beef;Beef, Salt, Pepper, Sesame Seed Oil, Egg, Starch, Oil, Noodles, Onion, Minced Garlic, Ginger, Bean Sprouts, Mushrooms, Water, Oyster Sauce, Sugar, Soy Sauce;nie
Beef Rendang;Hlavné jedlo;Malaysian;1;tamarindová pasta → limetková šťava + 1 ČL hnedého cukru;12;TheMealDB;https://www.themealdb.com/meal/53053;53053;Beef;Beef, Vegetable Oil, Cinnamon Stick, Cloves, Star Anise, Cardamom, Coconut Cream, Water, Tamarind Paste, Lime, Sugar, Challots;nie
Beef Wellington;Hlavné jedlo;British;1;anglická horčica → plnotučná horčica + štipka kurkumy;8;TheMealDB;https://www.themealdb.com/meal/52803;52803;Beef;mushrooms, English Mustard, Olive Oil, Beef Fillet, Parma ham, Puff Pastry, Flour, Egg Yolks;nie
Borsch;Hlavné jedlo;Ukrainian;1;créme fraiche → kyslá smotana 16 %;16;TheMealDB;https://www.themealdb.com/meal/53311;53311;Beef;Beef Shin, Onion, Bay Leaf, Potatoes, Sunflower Oil, Onion, Carrots, Beetroot, Red Pepper, Tinned Tomatos, Prunes, White Cabbage, Kidney Beans, Creme Fraiche, Dill, Crusty Bread;nie
Cayman-Style Lobster;Hlavné jedlo;;1;scotch bonnet → habanero alebo čili;12;TheMealDB;https://www.themealdb.com/meal/53510;53510;Seafood;Lobster, Chicken Stock, Red Pepper, Green Pepper, Onion, Garlic, Scotch Bonnet, Salt, Pepper, Thyme, Cornstarch, Olive Oil;nie
Chicken Alfredo Primavera;Hlavné jedlo;Italian;1;smotana 36–40 % → smotana na šľahanie 33 %;19;TheMealDB;https://www.themealdb.com/meal/52796;52796;Chicken;Butter, Olive Oil, Chicken, Salt, Squash, Broccoli, mushrooms, Pepper, onion, garlic, red pepper flakes, white wine, milk, heavy cream, Parmesan cheese, bowtie pasta, Salt, Pepper, Parsley;nie
Chicken Couscous;Hlavné jedlo;Moroccan;1;harissa → sladká paprika + čili + rasca + cesnak;10;TheMealDB;https://www.themealdb.com/meal/52850;52850;Chicken;Olive Oil, Onion, Chicken Breast, Ginger, Harissa Spice, Dried Apricots, Chickpeas, Couscous, Chicken Stock, Coriander;nie
Chicken Fajita Mac and Cheese;Hlavné jedlo;United States;1;smotana 36–40 % → smotana na šľahanie 33 %;12;TheMealDB;https://www.themealdb.com/meal/52818;52818;Chicken;macaroni, chicken stock, heavy cream, fajita seasoning, salt, chicken breast, olive oil, onion, red pepper, garlic, cheddar cheese, parsley;nie
Chicken Ham and Leek Pie;Hlavné jedlo;British;1;smotana 48 % → smotana na šľahanie 33 % + 1 PL masla na 100 ml;17;TheMealDB;https://www.themealdb.com/meal/52875;52875;Chicken;Chicken Stock, Chicken Breast, Butter, Leek, Garlic, Plain Flour, Milk, White Wine, Double Cream, Ham, Sea Salt, Pepper, Plain Flour, Butter, Free-range Egg, Beaten, Cold Water, Free-range Egg, Beaten;nie
Chicken Parmentier;Hlavné jedlo;France;1;smotana 48 % → smotana na šľahanie 33 % + 1 PL masla na 100 ml;17;TheMealDB;https://www.themealdb.com/meal/52879;52879;Chicken;Potatoes, Butter, Double Cream, Egg Yolks, Butter, Shallots, Carrots, Celery, Garlic Clove, White Wine, Tomato Puree, Tinned Tomatos, Chicken Stock, Chicken, Black Olives, Parsley, Gruyere cheese;nie
Chicken Salad With Mushrooms and Bacon;Hlavné jedlo;;1;créme fraiche → kyslá smotana 16 %;11;TheMealDB;https://www.themealdb.com/meal/53549;53549;Chicken;Chicken Breast, Shallots, Mayonnaise, Creme Fraiche, Dijon Mustard, Apple Cider Vinegar, Bacon, Mushrooms, Parsley, Salt, Pepper;nie
Chicken and Potato Roti;Hlavné jedlo;;1;scotch bonnet → habanero alebo čili;15;TheMealDB;https://www.themealdb.com/meal/53459;53459;Chicken;Flour, Shortening, Salt, Water, Chicken Breast, Parsley, Thyme, Jerk, Salt, Sugar, Black Pepper, Onion, Garlic, Scotch Bonnet, Potatoes;nie
Chicken with saffron, raisins & pine nuts;Hlavné jedlo;Spanish;1;suché sherry → suché biele víno + kvapka brandy;10;TheMealDB;https://www.themealdb.com/meal/53186;53186;Chicken;Chicken, Olive Oil, Garlic, Saffron, Dry sherry, Chicken Stock, Thyme, Raisins, Pine Nuts, Parsley;nie
Chickpea Fajitas;Hlavné jedlo;Mexican;1;harissa → sladká paprika + čili + rasca + cesnak;13;TheMealDB;https://www.themealdb.com/meal/52870;52870;Vegetarian;Chickpeas, Olive Oil, Paprika, Tomatoes, Red Onions, Red Wine Vinegar, Avocado, Lime, Lime, Sour Cream, Harissa Spice, Corn Tortillas, Coriander;nie
Chickpea, chorizo & spinach stew;Hlavné jedlo;Spanish;1;sherry ocot → červený vínny ocot;13;TheMealDB;https://www.themealdb.com/meal/53166;53166;Pork;Extra Virgin Olive Oil, Onion, Carrots, Celery, Thyme, Bay Leaves, Garlic, Chorizo, Cinnamon, Paprika, Chickpeas, Sherry vinegar, Spinach;nie
Chivito sandwich;Hlavné jedlo;Uruguayan;1;melasa → tmavý trstinový sirup;20;TheMealDB;https://www.themealdb.com/meal/53319;53319;Beef;Milk, Butter, Molasses, Water, Egg, Bread Flour, Salt, Yeast, Egg Wash, Sesame Seed, Onion, Sirloin steak, Garlic, Bacon, Ham, Mozzarella, Tomato, Lettuce, Mustard, Chimichurri sauce;nie
Chorba Hamra bel Frik (Algerian Lamb, Tomato, and Freekeh Soup);Hlavné jedlo;Algerian;1;jahňacie → bravčové plece alebo hovädzie;18;TheMealDB;https://www.themealdb.com/meal/53289;53289;Lamb;Freekeh, Lamb, Onion, Black Pepper, Paprika, Ground Cinnamon, Salt, Vegetable Oil, Cilantro, Mint, Celery, Chickpeas, Water, Zucchini, Carrots, Tomato Puree, Tomato, Potatoes;nie
Chorizo & soft-boiled egg salad;Hlavné jedlo;Spanish;1;sherry ocot → červený vínny ocot;7;TheMealDB;https://www.themealdb.com/meal/53157;53157;Pork;Baby New Potatoes, Egg, Green Beans, Chorizo, Garlic Clove, Sherry vinegar, Parsley;nie
Chorizo & tomato salad;Hlavné jedlo;Spanish;1;sherry ocot → červený vínny ocot;6;TheMealDB;https://www.themealdb.com/meal/53185;53185;Pork;Beef tomatoes, Red Onions, Thyme, Sherry vinegar, Extra Virgin Olive Oil, Chorizo;nie
Creamy Corn Soup Recipe;Hlavné jedlo;;1;smotana 36–40 % → smotana na šľahanie 33 %;10;TheMealDB;https://www.themealdb.com/meal/53532;53532;Vegetarian;Corn On The Cob, Water, Chicken Stock Cube, Garlic, Salt, Pepper, Cilantro, Potatoes, Scallions, Heavy Cream;nie
Creamy Mustard Chicken;Hlavné jedlo;;1;smotana 36–40 % → smotana na šľahanie 33 %;12;TheMealDB;https://www.themealdb.com/meal/53530;53530;Chicken;Chicken Legs, Paprika, Salt, Black Pepper, Olive Oil, Garlic, Onion, Chicken Stock, Mustard, Heavy Cream, Honey, Parsley;nie
Crispy Sausages and Greens;Hlavné jedlo;Irish;1;šitake → sušené hríby namočené;9;TheMealDB;https://www.themealdb.com/meal/52999;52999;Pork;Kale, Italian Fennel Sausages, Cabbage, Garlic Clove, Onion, Shiitake Mushrooms, Chicken Stock, Salt, Pepper;nie
Egg Foo Young;Hlavné jedlo;Chinese;1;ustricová omáčka → sójová omáčka + 1 ČL cukru na PL;17;TheMealDB;https://www.themealdb.com/meal/53370;53370;Seafood;Unsalted Beef Stock, Soy Sauce, Shaoxing Wine, Oyster Sauce, Pepper, Cornstarch, Water, Cornstarch, Water, Egg, Kosher Salt, Sugar, Spring Onions, Mung Bean Sprouts, Shrimp, Vegetable Oil, Jasmine Rice;nie
Escovitch Fish;Hlavné jedlo;Jamaican;1;scotch bonnet → habanero alebo čili;17;TheMealDB;https://www.themealdb.com/meal/52944;52944;Seafood;Red Snapper, Vegetable Oil, Garlic, Ginger, Thyme, Bay Leaf, Red Pepper, Yellow Pepper, Onion, Carrots, Sugar, Allspice, Worcestershire Sauce, Scotch Bonnet, Lime, Malt Vinegar, Pepper;nie
Falafel Pita Sandwich with Tahini Sauce;Hlavné jedlo;Syrian;1;harissa → sladká paprika + čili + rasca + cesnak;13;TheMealDB;https://www.themealdb.com/meal/53091;53091;Vegetarian;Falafel, Tahini, Water, Lemon Juice, Garlic, Paprika, Pita Bread, Lettuce, Tomato, Cucumber, Dill Pickles, Red Onions, Harissa Spice;nie
Fish Stew with Rouille;Hlavné jedlo;France;1;harissa → sladká paprika + čili + rasca + cesnak;18;TheMealDB;https://www.themealdb.com/meal/52918;52918;Seafood;Prawns, Olive Oil, Dry White Wine, Fish Stock, Fennel, Onion, Garlic, Potatoes, Orange, Star Anise, Bay Leaf, Harissa Spice, Tomato Puree, Chopped Tomatoes, Mussels, White Fish, Thyme, Bread;nie
Fiskesuppe (Creamy Norwegian Fish Soup);Hlavné jedlo;Norway;1;créme fraiche → kyslá smotana 16 %;12;TheMealDB;https://www.themealdb.com/meal/53122;53122;Seafood;Fish fillet, Garlic, Potatoes, Carrots, Leek, Butter, Flour, Fish Stock, Milk, Creme Fraiche, Shrimp, Chives;nie
Flamiche;Hlavné jedlo;France;1;créme fraiche → kyslá smotana 16 %;13;TheMealDB;https://www.themealdb.com/meal/52906;52906;Vegetarian;Butter, Leek, Salt, Creme Fraiche, Egg, Egg Yolks, Nutmeg, Plain Flour, Salt, Butter, Lard, Cheddar Cheese, Water;nie
French Omelette;Hlavné jedlo;France;1;gruyère → ementál alebo zrejúca gouda;7;TheMealDB;https://www.themealdb.com/meal/52915;52915;Miscellaneous;Eggs, Butter, Parmesan, Tarragon Leaves, Parsley, Chives, Gruyère;nie
Fried Crab;Hlavné jedlo;;1;scotch bonnet → habanero alebo čili;6;TheMealDB;https://www.themealdb.com/meal/53509;53509;Seafood;Crab Meay, Onions, Scotch Bonnet, Black Pepper, Salt, Oil;nie
Fårikål (Norwegian National Dish);Hlavné jedlo;Norway;1;jahňacie → bravčové plece alebo hovädzie;6;TheMealDB;https://www.themealdb.com/meal/53123;53123;Lamb;Lamb, White Cabbage, Whole black peppercorns, Salt, Water, Flour;nie
Garlicky prawns with sherry;Hlavné jedlo;Spanish;1;suché sherry → suché biele víno + kvapka brandy;5;TheMealDB;https://www.themealdb.com/meal/53180;53180;Seafood;Olive Oil, Garlic, Prawns, Dry sherry, Parsley;nie
Ham hock colcannon;Hlavné jedlo;Irish;1;smotana 48 % → smotana na šľahanie 33 % + 1 PL masla na 100 ml;9;TheMealDB;https://www.themealdb.com/meal/53035;53035;Pork;Floury Potatoes, Butter, Garlic Clove, Cabbage, Spring Onions, Double Cream, Mustard, Ham, Eggs;nie
Hodge Podge;Hlavné jedlo;Canadian;1;smotana 36–40 % → smotana na šľahanie 33 %;11;TheMealDB;https://www.themealdb.com/meal/53340;53340;Vegetarian;New Potatoes, Carrots, Green Beans, Peas, Dill, Chives, Milk, Heavy Cream, Butter, Salt, Black Pepper;nie
Hot cumin lamb wrap with crunchy slaw & spicy mayo;Hlavné jedlo;Turkish;1;jahňacie stehno → bravčové stehno;11;TheMealDB;https://www.themealdb.com/meal/53258;53258;Lamb;Lamb Leg, Olive Oil, Ground Cumin, Sugar, White Wine Vinegar, Carrots, Spring Onions, White Cabbage, Sweet Peppadew Peppers, Mayonnaise, Pita Bread;nie
Jamaican Curry Chicken Recipe;Hlavné jedlo;Jamaican;1;scotch bonnet → habanero alebo čili;14;TheMealDB;https://www.themealdb.com/meal/53345;53345;Chicken;Chicken Thighs, Curry Powder, All-purpose Seasoning, Onion, Spring Onions, Green Pepper, Garlic, Scotch Bonnet, Thyme, Olive Oil, Water, Russet Potato, Salt, Pepper;nie
Jamaican Curry Goat;Hlavné jedlo;Jamaican;1;scotch bonnet → habanero alebo čili;14;TheMealDB;https://www.themealdb.com/meal/53354;53354;Goat;Goat Meat, Jamaican Curry Powder, Ground Ginger, All-purpose Seasoning, Allspice, Onion, Garlic, Thyme, Oil, Water, Scotch Bonnet, Russet Potato, Salt, Pepper;nie
Jamaican Curry Shrimp Recipe;Hlavné jedlo;Jamaican;1;scotch bonnet → habanero alebo čili;14;TheMealDB;https://www.themealdb.com/meal/53362;53362;Seafood;Jumbo Shrimp, Jamaican Curry Powder, All-purpose Seasoning, Olive Oil, Onion, Red Pepper, Green Pepper, Scotch Bonnet, Garlic, Unsweetened Coconut Milk, Tomato Ketchup, Thyme, Salt, Pepper;nie
Jamaican Pepper Shrimp;Hlavné jedlo;Jamaican;1;scotch bonnet → habanero alebo čili;11;TheMealDB;https://www.themealdb.com/meal/53349;53349;Seafood;Shrimp, Scotch Bonnet, All-purpose Seasoning, Ground Annatto, Allspice, Shrimp Stock, Onion, Garlic, White Vinegar, Thyme, Salt;nie
Jamaican Rice and Peas;Hlavné jedlo;Jamaican;1;scotch bonnet → habanero alebo čili;10;TheMealDB;https://www.themealdb.com/meal/53357;53357;Vegetarian;Rice, Coconut Milk, Kidney Beans, Water, Kosher Salt, Ground Allspice, Black Pepper, Spring Onions, Thyme, Scotch Bonnet;nie
Kedgeree;Hlavné jedlo;British;1;údená treska jednoškvrnná → údená makrela;11;TheMealDB;https://www.themealdb.com/meal/52887;52887;Seafood;Smoked Haddock, Bay Leaves, Milk, Eggs, Parsley, Coriander, Vegetable Oil, Onion, Coriander, Curry Powder, Rice;nie
Kelem dolmasi;Hlavné jedlo;;1;mleté jahňacie → mleté hovädzie + trocha bravčového;14;TheMealDB;https://www.themealdb.com/meal/53449;53449;Lamb;Lamb Mince, Cabbage, Onion, Salt, Pepper, Turmeric, Cinnamon, Cilantro, Dill, Rice, Chickpeas, Lamb Fat, Tomato Puree, Water;nie
Keleya Zaara;Hlavné jedlo;Tunisian;1;jahňacie → bravčové plece alebo hovädzie;8;TheMealDB;https://www.themealdb.com/meal/52974;52974;Lamb;Olive Oil, Lamb, Saffron, Onion, Water, Parsley, Butter, Lemon;nie
Lamb & apricot meatballs;Hlavné jedlo;Turkish;1;mleté jahňacie → mleté hovädzie + trocha bravčového;12;TheMealDB;https://www.themealdb.com/meal/53277;53277;Lamb;Olive Oil, Red Onions, Garlic, Ground Cumin, Ground Coriander, Tinned Tomatos, Sugar, Mint, Lamb Mince, Dried Apricots, Breadcrumbs, Pita Bread;nie
Lamb Biryani;Hlavné jedlo;India;1;jahňacie → bravčové plece alebo hovädzie;20;TheMealDB;https://www.themealdb.com/meal/52805;52805;Lamb;Cashew nuts, Khus khus, Cumin seeds, Onions, Ginger garlic paste, Garlic, Mint, Cilantro, Saffron, Ghee, Basmati rice, Full fat yogurt, Cumin Seeds, Bay leaf, Cinnamon, Cloves, Cardamom, Lamb, Red Chilli powder, Biryani masala;nie
Lamb Rogan josh;Hlavné jedlo;India;1;jahňacie → bravčové plece alebo hovädzie;14;TheMealDB;https://www.themealdb.com/meal/52808;52808;Lamb;Onion, Sunflower Oil, Garlic, Ginger, Madras Paste, Paprika, cinnamon stick, Cardamom, Cloves, Bay Leaf, Tomato Purée, Lamb, Greek yogurt, Coriander;nie
Lamb Tagine;Hlavné jedlo;Moroccan;1;jahňacie stehno → bravčové stehno;15;TheMealDB;https://www.themealdb.com/meal/52843;52843;Lamb;Olive Oil, Onion, Carrots, Lamb Leg, Garlic, Cumin, Ginger, Saffron, Cinnamon, Honey, Apricot, Vegetable Stock Cube, Butternut Squash, Couscous, Parsley;nie
Lamb Tzatziki Burgers;Hlavné jedlo;Greek;1;mleté jahňacie → mleté hovädzie + trocha bravčového;11;TheMealDB;https://www.themealdb.com/meal/53010;53010;Lamb;Bulgur Wheat, Lamb Mince, Cumin, Coriander, Paprika, Garlic, Olive Oil, Bun, Cucumber, Greek Yogurt, Mint;nie
Lamb and Lemon Souvlaki;Hlavné jedlo;Greek;1;jahňacie stehno → bravčové stehno;7;TheMealDB;https://www.themealdb.com/meal/53009;53009;Lamb;Garlic, Sea Salt, Olive Oil, Lemon, Dill, Lamb Leg, Pita Bread;nie
Lamb tomato and sweet spices;Hlavné jedlo;Moroccan;1;mleté jahňacie → mleté hovädzie + trocha bravčového;19;TheMealDB;https://www.themealdb.com/meal/52782;52782;Lamb;olive oil, ginger, garlic, tomatoes, lemon juice, caster sugar, vine leaves, fennel bulb, lamb mince, onion, potatoes, basmati rice, chopped parsley, coriander, lemon juice, garlic, clove, cinnamon, tomatoes;nie
Lancashire hotpot;Hlavné jedlo;British;1;jahňacie → bravčové plece alebo hovädzie;10;TheMealDB;https://www.themealdb.com/meal/52884;52884;Lamb;Butter, Lamb, Lamb Kidney, Onions, Carrots, Plain Flour, Worcestershire Sauce, Chicken Stock, Bay Leaves, Potatoes;nie
Leblebi Soup;Hlavné jedlo;Tunisian;1;harissa → sladká paprika + čili + rasca + cesnak;10;TheMealDB;https://www.themealdb.com/meal/52973;52973;Vegetarian;Olive Oil, Onion, Chickpeas, Vegetable Stock, Cumin, Garlic, Salt, Harissa Spice, Pepper, Lime;nie
Leg of Lamb Armenian-Style;Hlavné jedlo;;1;jahňacie stehno → bravčové stehno;10;TheMealDB;https://www.themealdb.com/meal/53437;53437;Lamb;Lamb Leg, Garlic, Garlic, Parsley, Onion, Black Pepper, Balsamic Vinegar, Olive Oil, Mint, Salt;nie
Massaman Beef curry;Hlavné jedlo;Thai;1;tamarindová pasta → limetková šťava + 1 ČL hnedého cukru;13;TheMealDB;https://www.themealdb.com/meal/52827;52827;Beef;Peanuts, Coconut cream, Massaman curry paste, Beef, Potatoes, Onion, Lime, Cinnamon stick, Tamarind paste, Brown sugar, Fish Sauce, chilli, Jasmine Rice;áno
Mastawa Lamb and Rice;Hlavné jedlo;;1;jahňacie → bravčové plece alebo hovädzie;12;TheMealDB;https://www.themealdb.com/meal/53400;53400;Lamb;Lamb, Onion, Turmeric, Orange, Rice, Natural Yoghurt, Garlic Clove, Vegetable Oil, Dried Dill, Black Pepper, Chickpeas, Salt;nie
McSinghs Scotch pie;Hlavné jedlo;British;1;mleté jahňacie → mleté hovädzie + trocha bravčového;16;TheMealDB;https://www.themealdb.com/meal/52880;52880;Lamb;Cumin, Rapeseed Oil, Red Onions, Garlic Clove, Green Chilli, Red Pepper, Nutmeg, Coriander, Lamb Mince, Pepper, Coriander, Plain Flour, Salt, Milk, Lard, Egg Yolks;nie
Mee goreng mamak;Hlavné jedlo;Malaysian;1;tamarindová pasta → limetková šťava + 1 ČL hnedého cukru;15;TheMealDB;https://www.themealdb.com/meal/53048;53048;Seafood;Peanuts, Chilli, Prawns, Oil, Water, Tamarind Paste, Potatoes, Red Onions, Garlic Clove, Cabbage, Chinese Broccoli, Tofu, Soy Sauce, Noodles, Egg;nie
Molasses Baked Beans;Hlavné jedlo;Canadian;1;melasa → tmavý trstinový sirup;9;TheMealDB;https://www.themealdb.com/meal/53336;53336;Vegetarian;Dried White Navy Beans, Bacon, Onion, Molasses, Brown Sugar, Cider Vinegar, Mustard, Salt, Pepper;nie
Montreal Smoked Meat;Hlavné jedlo;Canadian;1;anglická horčica → plnotučná horčica + štipka kurkumy;16;TheMealDB;https://www.themealdb.com/meal/52927;52927;Beef;Beef Brisket, Salt, Black Pepper, Coriander, Sugar, Bay Leaf, Cloves, Black Pepper, Coriander, Paprika, Garlic, Onion, Dill, English Mustard, Celery Salt, Red Pepper Flakes;nie
Nasi lemak;Hlavné jedlo;Malaysian;1;tamarindová pasta → limetková šťava + 1 ČL hnedého cukru;18;TheMealDB;https://www.themealdb.com/meal/53051;53051;Seafood;Coconut Milk, Water, Ginger Paste, Ginger, Bay Leaf, Rice, Eggs, Cucumber, Peanuts, Anchovy Fillet, Vegetable Oil, Onion, Garlic, Shallots, Chilli Powder, Anchovy Fillet, Sugar, Tamarind Paste;nie
Noodle bowl salad;Hlavné jedlo;Vietnamese;1;arašidový olej → repkový alebo slnečnicový olej;13;TheMealDB;https://www.themealdb.com/meal/53245;53245;Seafood;Rice Noodles, Sugar Snap Peas, Sesame Seed Oil, Spring Onions, Coriander, Hot Smoked Flaked Salmon, Pretzels, Soy Sauce, Clear Honey, Lemon Juice, Ground Nut Oil, Garlic, Ginger;nie
Nordic smørrebrød with asparagus and horseradish cream;Hlavné jedlo;Norway;1;créme fraiche → kyslá smotana 16 %;16;TheMealDB;https://www.themealdb.com/meal/53117;53117;Vegetarian;Creme Fraiche, Horseradish, Lemon Juice, Salt, Pepper, Vegetable Oil, Shallots, Salt, White Asparagus, Asparagus, Rye Bread, Butter, västerbottensost cheese, Dill, Salt, Black Pepper;nie
Oxtail with broad beans;Hlavné jedlo;Jamaican;1;scotch bonnet → habanero alebo čili;13;TheMealDB;https://www.themealdb.com/meal/52943;52943;Beef;Oxtail, Onion, Spring Onions, Garlic, Ginger, Scotch Bonnet, Soy Sauce, Fresh Thyme, Vegetable Oil, Water, Broad Beans, Corn Flour, Water;nie
Pad See Ew;Hlavné jedlo;Thai;1;ustricová omáčka → sójová omáčka + 1 ČL cukru na PL;12;TheMealDB;https://www.themealdb.com/meal/52774;52774;Chicken;rice stick noodles, dark soy sauce, oyster sauce, soy sauce, white vinegar, sugar, water, peanut oil, garlic, Chicken, Egg, Chinese broccoli;nie
Panang chicken curry (kaeng panang gai);Hlavné jedlo;Thai;1;galgant → čerstvý zázvor;20;TheMealDB;https://www.themealdb.com/meal/53192;53192;Chicken;Coconut Milk, Panang Curry Paste, Chicken Breast, Green Beans, Fish Sauce, Brown Sugar, makrut lime leaves, Basil Leaves, Jasmine Rice, Red Chilli, Dried Red Chillies, Shrimp Paste, Garlic, Galangal, Lemongrass, Lime, Ground Nutmeg, Ground Coriander, Ground Cumin, Peanuts;nie
Pollo en pepitoria;Hlavné jedlo;Spanish;1;suché sherry → suché biele víno + kvapka brandy;17;TheMealDB;https://www.themealdb.com/meal/53162;53162;Chicken;Saffron, Extra Virgin Olive Oil, Garlic Clove, Almonds, Stale bread, Parsley, Chicken Thighs, Onion, Carrots, Celery, Dry sherry, Chicken Stock, Cinnamon Stick, Cloves, Bay Leaves, Egg, Almonds;nie
Portuguese fish stew (Caldeirada de peixe);Hlavné jedlo;Portuguese;1;mušle vénuška → mrazené slávky;16;TheMealDB;https://www.themealdb.com/meal/53045;53045;Seafood;Onions, Red Pepper, Coriander, Red Chilli, Garlic, Dry White Wine, Saffron, Bay Leaf, Potatoes, Plum Tomatoes, Cod, Squid, Tiger Prawns, Clams, Mussels, Baguette;nie
Potato Gratin with Chicken;Hlavné jedlo;Italian;1;créme fraiche → kyslá smotana 16 %;10;TheMealDB;https://www.themealdb.com/meal/52780;52780;Chicken;Potatoes, Onions, Olive Oil, Chicken Stock, Creme Fraiche, Parmesan, Chicken Breasts, Bacon, Spinach, Peas;nie
Prawn stir-fry;Hlavné jedlo;Thai;1;arašidový olej → repkový alebo slnečnicový olej;16;TheMealDB;https://www.themealdb.com/meal/53200;53200;Seafood;Raw tiger prawns, Green Chilli, Garlic, Coriander, Caster Sugar, Lime, Fish Sauce, Ground Nut Oil, Ginger, Spring Onions, Red Pepper, Water Chestnut, Bean Sprouts, Soy Sauce, Rice Noodles, Lime;nie
Presh me Oriz Leek and Rice Bake;Hlavné jedlo;;1;mleté jahňacie → mleté hovädzie + trocha bravčového;8;TheMealDB;https://www.themealdb.com/meal/53410;53410;Lamb;Leek, Lamb Mince, Onion, Rice, Lamb Stock, Salt, Pepper, Olive Oil;nie
Purple sprouting broccoli tempura with nuoc cham;Hlavné jedlo;Vietnamese;1;thajské čili → čili papričky;10;TheMealDB;https://www.themealdb.com/meal/53230;53230;Miscellaneous;Corn Flour, Plain Flour, Sesame Seed, Vegetable Oil, Soda Water, Purple Sprouting Broccoli, Fish Sauce, Lime, Birds-eye Chillies, Sugar;nie
Rice and Beans;Hlavné jedlo;;1;scotch bonnet → habanero alebo čili;6;TheMealDB;https://www.themealdb.com/meal/53506;53506;Vegetarian;Kidney Beans, Coconut Milk, Onion, Scotch Bonnet, Black Pepper, Salt;nie
Rice paper dumplings;Hlavné jedlo;Vietnamese;1;šitake → sušené hríby namočené;15;TheMealDB;https://www.themealdb.com/meal/53227;53227;Pork;White Cabbage, Carrots, Shiitake Mushrooms, Ground Pork, Garlic, Ginger, Soy Sauce, Sesame Seed Oil, Spring Onions, Rice Paper Sheets, Vegetable Oil, Soy Sauce, Rice Vinegar, Sesame Seed, Spring Onions;nie
Roast fennel and aubergine paella;Hlavné jedlo;Spanish;1;ryža na paellu → ryža arborio (rizotová);15;TheMealDB;https://www.themealdb.com/meal/52942;52942;Vegan;Baby Aubergine, Fennel, Red Pepper, Courgettes, Onion, Paella Rice, Paprika, Saffron, White Wine, Vegetable Stock, Frozen Peas, Lemon, Parsley, Salt, Black Pepper;nie
Roasted chicken with creamy walnut sauce;Hlavné jedlo;Turkish;1;smotana 18 % → smotana na varenie 10–12 %;12;TheMealDB;https://www.themealdb.com/meal/53268;53268;Chicken;Chicken Thighs, Cumin, Paprika, Olive Oil, Pita Bread, Chicken Stock, Walnuts, Onion, Garlic, Single Cream, Lemon, Coriander;nie
Salmon noodle soup;Hlavné jedlo;Vietnamese;1;šitake → sušené hríby namočené;10;TheMealDB;https://www.themealdb.com/meal/53234;53234;Seafood;Chicken Stock, Thai Red Curry Paste, Rice Noodles, Shiitake Mushrooms, Sweetcorn, Salmon, Lime, Soy Sauce, Brown Sugar, Coriander;nie
Salt Beef and Beans;Hlavné jedlo;;1;scotch bonnet → habanero alebo čili;11;TheMealDB;https://www.themealdb.com/meal/53511;53511;Beef;Corned Beef, Kidney Beans, Scotch Bonnet, Scallions, Thyme, Garlic, Water, Coconut Milk, Bay Leaf, Allspice, Garlic;nie
Salt cod tortilla;Hlavné jedlo;Spanish;1;solená treska → mrazená treska + nasolenie 12 h;7;TheMealDB;https://www.themealdb.com/meal/53171;53171;Seafood;Olive Oil, Onion, Jersey Royal Potatoes, Garlic, Egg, Parsley, Salt Cod;nie
Samlar Machu Kreung – Cambodian Sour Stew;Hlavné jedlo;;1;tamarindová pasta → limetková šťava + 1 ČL hnedého cukru;12;TheMealDB;https://www.themealdb.com/meal/53503;53503;Chicken;Chicken Thighs, Vegetable Oil, Water, Tamarind Paste, Fish Sauce, Sugar, Pineapple Chunks, Cherry Tomatoes, Green Beans, Lemongrass, Kaffir Lime Leaves, Chilli;nie
Sauerkraut and Fish Salad;Hlavné jedlo;;1;údená treska jednoškvrnná → údená makrela;7;TheMealDB;https://www.themealdb.com/meal/53577;53577;Seafood;Sauerkraut, Smoked Haddock, Egg, Rye Bread, Oil, Honey, Salt;nie
Shrimp Chow Fun;Hlavné jedlo;Chinese;1;ustricová omáčka → sójová omáčka + 1 ČL cukru na PL;17;TheMealDB;https://www.themealdb.com/meal/52953;52953;Seafood;Rice Stick Noodles, Prawns, Egg, Pepper, Sesame Seed Oil, Cornstarch, Oil, Minced Garlic, Ginger, Onion, Bean Sprouts, Spring Onions, Cooking wine, Oyster Sauce, Sugar, Vinegar, Soy Sauce;nie
Shrimp With Snow Peas;Hlavné jedlo;Chinese;1;suché sherry → suché biele víno + kvapka brandy;12;TheMealDB;https://www.themealdb.com/meal/53375;53375;Seafood;Cornstarch, Dry sherry, Kosher Salt, Shrimp, Peanut Oil, Ground Ginger, Garlic, Snow Peas, Soy Sauce, Chicken Stock, Scallions, Sesame Seed Oil;nie
Slow-roast lamb with cinnamon, fennel & citrus;Hlavné jedlo;Turkish;1;jahňacie stehno → bravčové stehno;8;TheMealDB;https://www.themealdb.com/meal/53260;53260;Lamb;Lamb Leg, Lemon, Olive Oil, Clear Honey, Cinnamon, Fennel Seeds, Ground Cumin, Garlic;nie
Spanish seafood rice;Hlavné jedlo;Spanish;1;ryža na paellu → ryža arborio (rizotová);11;TheMealDB;https://www.themealdb.com/meal/53182;53182;Seafood;Olive Oil, Onion, Red Pepper, Yellow Pepper, Garlic Clove, Paella Rice, Vegetable Stock, Saffron, Frozen Seafood mix, Lemon, Parsley;nie
Spicy North African Potato Salad;Hlavné jedlo;Moroccan;1;harissa → sladká paprika + čili + rasca + cesnak;11;TheMealDB;https://www.themealdb.com/meal/52797;52797;Vegetarian;Small Potatoes, Harissa Spice, olive oil, Lemon, Spring onions, Rocket, Feta, Mint, Pine nuts, Salt, Pepper;nie
Steak Diane;Hlavné jedlo;France;1;smotana 36–40 % → smotana na šľahanie 33 %;16;TheMealDB;https://www.themealdb.com/meal/52935;52935;Beef;Canola Oil, Beef Fillet, Beef Stock, Butter, Garlic, Challots, Mushrooms, Brandy, Heavy Cream, Dijon Mustard, Worcestershire Sauce, Tabasco Sauce, Parsley, Chives, Salt, Pepper;nie
Stovetop Eggplant With Harissa, Chickpeas, and Cumin Yogurt;Hlavné jedlo;United States;1;harissa → sladká paprika + čili + rasca + cesnak;8;TheMealDB;https://www.themealdb.com/meal/52817;52817;Vegetarian;Olive Oil, Egg Plants, Harissa Spice, Chickpeas, Cherry Tomatoes, Greek yogurt, Ground cumin, Parsley;nie
Stuffed Lamb Tomatoes;Hlavné jedlo;Greek;1;jahňacie → bravčové plece alebo hovädzie;13;TheMealDB;https://www.themealdb.com/meal/53008;53008;Lamb;Tomatoes, Sugar, Olive Oil, Onion, Garlic Clove, Lamb, Cinnamon, Tomato Puree, Rice, Chicken Stock, Dill, Chopped Parsley, Mint;nie
Sukuma Wiki;Hlavné jedlo;Kenyan;1;smotana 48 % → smotana na šľahanie 33 % + 1 PL masla na 100 ml;5;TheMealDB;https://www.themealdb.com/meal/53113;53113;Vegetarian;Oil, Red Onions, Kale, Salt, Double Cream;nie
Sweet potato salad;Hlavné jedlo;Turkish;1;sherry ocot → červený vínny ocot;8;TheMealDB;https://www.themealdb.com/meal/53275;53275;Vegetarian;Sweet Potatoes, Olive Oil, Shallots, Spring Onions, Chives, Sherry vinegar, Extra Virgin Olive Oil, Honey;nie
Szechuan Beef;Hlavné jedlo;Chinese;1;ustricová omáčka → sójová omáčka + 1 ČL cukru na PL;20;TheMealDB;https://www.themealdb.com/meal/52950;52950;Beef;Beef, Salt, Sesame Seed Oil, Pepper, Egg White, Starch, Oil, Ginger, Garlic, Onion, Carrots, Green Pepper, Celery, Mushrooms, Cooking wine, Water, Oyster Sauce, Hotsauce, Sugar, Soy Sauce;nie
Tangy carrot, cabbage & onion salad;Hlavné jedlo;Vietnamese;1;arašidový olej → repkový alebo slnečnicový olej;10;TheMealDB;https://www.themealdb.com/meal/53246;53246;Vegetarian;Carrots, Red Cabbage, Red Onions, Mint, Coriander Leaves, Roasted Peanut, Lime, Ground Nut Oil, Red Chilli, Brown Sugar;nie
Tavë Kosi Baked Lamb and Yogurt;Hlavné jedlo;;1;jahňacie → bravčové plece alebo hovädzie;15;TheMealDB;https://www.themealdb.com/meal/53404;53404;Lamb;Lamb, Butter, Olive Oil, Rice, Oregano, Boiling Water, Garlic, Salt, Pepper, Butter, Flour, Greek Yogurt, Eggs, Salt, Pepper;nie
Thai beef stir-fry;Hlavné jedlo;Thai;1;ustricová omáčka → sójová omáčka + 1 ČL cukru na PL;5;TheMealDB;https://www.themealdb.com/meal/53199;53199;Beef;Vegetable Oil, Beef, Red Chilli, Oyster Sauce, Basil Leaves;nie
Three Fish Pie;Hlavné jedlo;British;1;údená treska jednoškvrnná → údená makrela;14;TheMealDB;https://www.themealdb.com/meal/52882;52882;Seafood;Potatoes, Butter, Milk, Gruyere, Butter, Leek, Plain Flour, White Wine, Milk, Parsley, Salmon, Haddock, Smoked Haddock, Eggs;nie
Tom kha gai;Hlavné jedlo;Thai;1;thajské čili → čili papričky;13;TheMealDB;https://www.themealdb.com/meal/53207;53207;Chicken;Chicken Stock, Coconut Milk, Galangal Paste, Lemongrass Stalks, Lime Leaves, Chicken Thighs, Oyster Mushrooms, Birds-eye Chillies, Caster Sugar, Fish Sauce, Lime, Coriander Leaves, Rice;nie
Tom yum (hot & sour) soup with prawns;Hlavné jedlo;Thai;1;galgant → čerstvý zázvor;9;TheMealDB;https://www.themealdb.com/meal/53196;53196;Seafood;Chicken Stock, Lemongrass, Galangal, Coriander, makrut lime leaves, King Prawns, Fish Sauce, Green Chilli, Lime juice;nie
Tom yum soup with prawns;Hlavné jedlo;Thai;1;galgant → čerstvý zázvor;14;TheMealDB;https://www.themealdb.com/meal/53194;53194;Seafood;Onion, Tomato, Red Chilli, Galangal, Lemongrass Stalks, Raw King Prawns, Chicken Stock Cube, Oyster Mushrooms, makrut lime leaves, Fish Sauce, Lime juice, Coconut Milk, Thai Chilli Jam, Coriander;nie
Tonkatsu pork;Hlavné jedlo;Japanese;1;ustricová omáčka → sójová omáčka + 1 ČL cukru na PL;9;TheMealDB;https://www.themealdb.com/meal/53032;53032;Pork;Pork Chops, Flour, Eggs, Breadcrumbs, Vegetable Oil, Tomato Ketchup, Worcestershire Sauce, Oyster Sauce, Caster Sugar;nie
Turkish lamb pilau;Hlavné jedlo;Turkish;1;jahňacie → bravčové plece alebo hovädzie;9;TheMealDB;https://www.themealdb.com/meal/53263;53263;Lamb;Pine Nuts, Olive Oil, Onion, Cinnamon, Lamb, Basmati Rice, Lamb Stock, Dried Apricots, Mint;nie
Turkish-style lamb;Hlavné jedlo;Turkish;1;jahňacie stehno → bravčové stehno;9;TheMealDB;https://www.themealdb.com/meal/53270;53270;Lamb;Lamb Leg, Seasoning, Dried Oregano, Mint, Yogurt, Pita Bread, Iceberg Lettuce, Red Onions, Lemon;nie
Vegan Chocolate Cake;Hlavné jedlo;United States;1;polohrubá múka s kypriacim → hladká múka + prášok do pečiva;8;TheMealDB;https://www.themealdb.com/meal/52794;52794;Vegan;Self-raising Flour, coco sugar, cacao, baking powder, flax eggs, almond milk, vanilla, water;nie
Vietnamese lamb shanks with sweet potatoes;Hlavné jedlo;Vietnamese;1;arašidový olej → repkový alebo slnečnicový olej;18;TheMealDB;https://www.themealdb.com/meal/53231;53231;Lamb;Ground Nut Oil, Lamb Shanks, Onion, Ginger, Garlic Clove, Red Chilli, Red Chilli, Brown Sugar, Brown Sugar, Star Anise, Lemongrass Stalks, Lamb Stock, Tomato Puree, Sweet Potatoes, Fish Sauce, Lime, Mint, Basil Leaves;nie
Vietnamese-style caramel pork;Hlavné jedlo;Vietnamese;1;arašidový olej → repkový alebo slnečnicový olej;11;TheMealDB;https://www.themealdb.com/meal/53235;53235;Pork;Ground Nut Oil, Pork Shoulder Steaks, Shallots, Ground Ginger, Red Chilli, Brown Sugar, Fish Sauce, Chilli Sauce, Spring Onions, Rice, Pak Choi;nie
Yaki Udon;Hlavné jedlo;Japanese;1;šitake → sušené hríby namočené;10;TheMealDB;https://www.themealdb.com/meal/52871;52871;Vegetarian;Udon Noodles, Sesame Seed Oil, Onion, Cabbage, Shiitake Mushrooms, Spring Onions, Mirin, Soy Sauce, Caster Sugar, Worcestershire Sauce;nie
kofta burgers;Hlavné jedlo;Turkish;1;jahňacie → bravčové plece alebo hovädzie;11;TheMealDB;https://www.themealdb.com/meal/53257;53257;Lamb;Lamb, Onion, Garlic Bulb, Garam Masala, Coriander, Chilli Sauce, Pita Bread, Tomato, Red Cabbage, Red Onions, Yogurt;nie
BEEF LOK LAK (Lok Lak Sach Ko);Hlavné jedlo;;2;palmový cukor → kokosový alebo trstinový cukor | ustricová omáčka → sójová omáčka + 1 ČL cukru na PL;16;TheMealDB;https://www.themealdb.com/meal/53421;53421;Beef;Beef Tenderloin, Garlic, Oil, Palm Sugar, Sea Salt, White Wine, Oyster Sauce, Soy Sauce, Sesame Seed Oil, Lettuce, Tomato, Onion, Eggs, Sea Salt, Kampot Pepper, Lime juice;nie
Bean & Sausage Hotpot;Hlavné jedlo;British;2;melasa → tmavý trstinový sirup alebo melasa z bio predajne | anglická horčica → plnotučná horčica + štipka kurkumy;5;TheMealDB;https://www.themealdb.com/meal/52848;52848;Miscellaneous;Sausages, Tomato Sauce, Butter Beans, Black Treacle, English Mustard;nie
Beef pho;Hlavné jedlo;Vietnamese;2;palmový cukor → kokosový alebo trstinový cukor | thajské čili → čili papričky;17;TheMealDB;https://www.themealdb.com/meal/53238;53238;Beef;Beef Stock, Onion, Ginger, Cinnamon Stick, Star Anise, Coriander Seeds, Cloves, Sirloin steak, Palm Sugar, Fish Sauce, Soy Sauce, Rice Noodles, Spring Onions, Birds-eye Chillies, Basil, Coriander, Lime;nie
Beef stroganoff;Hlavné jedlo;Russian;2;créme fraiche → kyslá smotana 16 % | anglická horčica → plnotučná horčica + štipka kurkumy;11;TheMealDB;https://www.themealdb.com/meal/52834;52834;Beef;Olive Oil, Onions, Garlic, Butter, Mushrooms, Beef Fillet, Plain Flour, Creme Fraiche, English Mustard, Beef Stock, Parsley;nie
Clam, chorizo & white bean stew;Hlavné jedlo;Spanish;2;sherry ocot → červený vínny ocot | mušle vénuška → mrazené slávky;10;TheMealDB;https://www.themealdb.com/meal/53154;53154;Seafood;Chorizo, Onion, Garlic Clove, Parsley, Vegetable Stock, Tinned Tomatos, Butter Beans, Sherry vinegar, Clams, Crusty Bread;nie
Drunken noodles (pad kee mao);Hlavné jedlo;Thai;2;thajské čili → čili papričky | ustricová omáčka → sójová omáčka + 1 ČL cukru na PL;11;TheMealDB;https://www.themealdb.com/meal/53193;53193;Beef;Flat Rice Noodles, Vegetable Oil, Garlic, Birds-eye Chillies, Sirloin steak, Broccoli, Basil Leaves, Soy Sauce, Oyster Sauce, Fish Sauce, Sugar;nie
Fish pie;Hlavné jedlo;British;2;smotana 48 % → smotana na šľahanie 33 % + 1 PL masla na 100 ml | gruyère → ementál alebo zrejúca gouda;15;TheMealDB;https://www.themealdb.com/meal/52802;52802;Seafood;Floury Potatoes, Olive Oil, Semi-skimmed Milk, White Fish Fillets, Plain flour, Nutmeg, Double Cream, Jerusalem Artichokes, Leek, Prawns, Parsley, Dill, Lemon, Gruyère, Lemon;nie
Lamb Pilaf (Plov);Hlavné jedlo;Russian;2;jahňacie → bravčové plece alebo hovädzie | jahňacie → bravčové plece alebo hovädzie;11;TheMealDB;https://www.themealdb.com/meal/53083;53083;Lamb;Lamb, Prunes, Lemon Juice, Butter, Onion, Lamb, Garlic, Vegetable Stock, Rice, Saffron, Parsley;nie
Meang Nem;Hlavné jedlo;;2;galgant → čerstvý zázvor | palmový cukor → kokosový alebo trstinový cukor;14;TheMealDB;https://www.themealdb.com/meal/53423;53423;Seafood;Dried Shrimp, Rice, Coconut, Orange Zest, Chilli, Peanuts, Pickled Scallion Heads, Pickled Scallion Head Brine, Galangal, Shallots, Orange Juice, Lime juice, Fish Sauce, Palm Sugar;nie
Paella;Hlavné jedlo;Spanish;2;suché sherry → suché biele víno + kvapka brandy | ryža na paellu → ryža arborio (rizotová);14;TheMealDB;https://www.themealdb.com/meal/53151;53151;Seafood;Olive Oil, Raw tiger prawns, Parsley, Dry sherry, Mussels, Saffron, Chorizo, Onion, Garlic, Squid, Tomato, Paella Rice, Broad Beans, Lemon Zest;nie
Spanish meatballs with clams, chorizo & squid;Hlavné jedlo;Spanish;2;suché sherry → suché biele víno + kvapka brandy | mušle vénuška → mrazené slávky;17;TheMealDB;https://www.themealdb.com/meal/53183;53183;Miscellaneous;Butter, Shallots, Smoked Paprika, Garlic, Garlic, Dry sherry, Breadcrumbs, Pork, Egg Yolks, Olive Oil, Chorizo, Squid, White Wine, Tomato, Clams, Parsley, Extra Virgin Olive Oil;nie
Tunisian Lamb Soup;Hlavné jedlo;Tunisian;2;mleté jahňacie → mleté hovädzie + trocha bravčového | harissa → sladká paprika + čili + rasca + cesnak;13;TheMealDB;https://www.themealdb.com/meal/52972;52972;Lamb;Lamb Mince, Garlic, Onion, Spinach, Tomato Puree, Cumin, Chicken Stock, Harissa Spice, Chickpeas, Lemon Juice, Macaroni, Salt, Pepper;nie
Vietnamese prawn spiralized rolls;Hlavné jedlo;Vietnamese;2;palmový cukor → kokosový alebo trstinový cukor | thajské čili → čili papričky;11;TheMealDB;https://www.themealdb.com/meal/53243;53243;Seafood;Lime, Rice Vinegar, Palm Sugar, Fish Sauce, Birds-eye Chillies, Rice Paper Sheets, Mint, Coriander, King Prawns, Carrots, Courgettes;nie
Beef and Broccoli Stir-Fry;Hlavné jedlo;Chinese;3;suché sherry → suché biele víno + kvapka brandy | ustricová omáčka → sójová omáčka + 1 ČL cukru na PL | suché sherry → suché biele víno + kvapka brandy;14;TheMealDB;https://www.themealdb.com/meal/53366;53366;Beef;Soy Sauce, Dry sherry, Cornstarch, Black Pepper, Sirloin steak, Oyster Sauce, Dry sherry, Soy Sauce, Chicken Stock, Broccoli, High Heat Cooking Oil, Garlic, Cornstarch, Water;nie
Saltfish and Ackee;Hlavné jedlo;Jamaican;3;solená treska → mrazená treska + nasolenie 12 h | polohrubá múka s kypriacim → hladká múka + prášok do pečiva | hovädzí loj → stuhnuté maslo nastrúhané na hrubo, alebo Hera;16;TheMealDB;https://www.themealdb.com/meal/52936;52936;Seafood;Salt Cod, Ackee, Onion, Paprika, Curry Powder, Jerusalem Artichokes, Hotsauce, Red Pepper, Yellow Pepper, Tomatoes, Salt, Pepper, Self-raising Flour, Suet, Salt, Olive Oil;nie
Three-cheese souffles;Hlavné jedlo;France;3;anglická horčica → plnotučná horčica + štipka kurkumy | gruyère → ementál alebo zrejúca gouda | smotana 48 % → smotana na šľahanie 33 % + 1 PL masla na 100 ml;12;TheMealDB;https://www.themealdb.com/meal/52912;52912;Miscellaneous;Butter, Parmesan, Milk, Bay Leaves, Plain Flour, English Mustard, Cayenne Pepper, Gruyère, Eggs, Goats Cheese, Double Cream, Spinach;nie
Chilli prawn linguine;Cestoviny;Italian;0;;13;TheMealDB;https://www.themealdb.com/meal/52839;52839;Pasta;Linguine Pasta, Sugar Snap Peas, Olive Oil, Garlic Clove, Red Chilli, King Prawns, Cherry Tomatoes, Basil Leaves, Lettuce, Bread, Fromage Frais, Lime, Caster Sugar;nie
Fettucine alfredo;Cestoviny;Italian;0;;7;TheMealDB;https://www.themealdb.com/meal/52835;52835;Pasta;Clotted Cream, Butter, Corn Flour, Parmesan Cheese, Nutmeg, Fettuccine, Parsley;nie
Lasagna Sandwiches;Cestoviny;United States;0;;9;TheMealDB;https://www.themealdb.com/meal/52987;52987;Pasta;Sour Cream, Chopped Onion, Dried Oregano, Salt, Bread, Bacon, Tomato, Mozzarella, Butter;nie
Macaroni Pie;Cestoviny;;0;;13;TheMealDB;https://www.themealdb.com/meal/53461;53461;Pasta;Macaroni, Butter, Cheddar Cheese, Egg, Milk, Ground Onion, Mustard, Pepper, Salt, Cayenne Pepper, Breadcrumbs, Butter, Cheddar Cheese;nie
Macaroni Pudding;Cestoviny;;0;;10;TheMealDB;https://www.themealdb.com/meal/53504;53504;Pasta;Macaroni, Evaporated Milk, Water, Sugar, Salt, Eggs, Butter, Raisins, Nutmeg, Vanilla;nie
Pilchard puttanesca;Cestoviny;Italian;0;;9;TheMealDB;https://www.themealdb.com/meal/52837;52837;Pasta;Spaghetti, Olive Oil, Onion, Garlic, Red Chilli, Tomato Puree, Pilchards, Black Olives, Parmesan;nie
Spaghetti alla Carbonara;Cestoviny;Italian;0;;6;TheMealDB;https://www.themealdb.com/meal/52982;52982;Pasta;Spaghetti, Egg Yolks, Salt, Bacon, Pecorino, Black Pepper;nie
Syrian Spaghetti;Cestoviny;Syrian;0;;7;TheMealDB;https://www.themealdb.com/meal/53093;53093;Pasta;Spaghetti, Tomato Sauce, Tomato Puree, Cinnamon, Vegetable Oil, Salt, Pepper;nie
Venetian Duck Ragu;Cestoviny;Italian;0;;15;TheMealDB;https://www.themealdb.com/meal/52838;52838;Pasta;Olive Oil, Duck Legs, Onions, Garlic, Cinnamon, Plain Flour, Red Wine, Chopped Tomatoes, Chicken Stock Cube, Rosemary, Bay Leaves, Sugar, Milk, Paccheri Pasta, Parmesan Cheese;nie
Fettuccine Alfredo;Cestoviny;Italian;1;smotana 36–40 % → smotana na šľahanie 33 %;6;TheMealDB;https://www.themealdb.com/meal/53064;53064;Pasta;Fettuccine, Heavy Cream, Butter, Parmesan, Parsley, Black Pepper;nie
Grilled Mac and Cheese Sandwich;Cestoviny;United States;1;smotana 36–40 % → smotana na šľahanie 33 %;17;TheMealDB;https://www.themealdb.com/meal/52829;52829;Pasta;Macaroni, Plain Flour, Mustard Powder, Garlic powder, Kosher salt, Black pepper, Cayenne pepper, Butter, Whole Milk, Heavy Cream, Monterey Jack Cheese, Butter, garlic powder, Bread, Cheddar Cheese, Colby Jack Cheese, Butter;nie
Lasagne;Cestoviny;Italian;1;créme fraiche → kyslá smotana 16 %;15;TheMealDB;https://www.themealdb.com/meal/52844;52844;Pasta;Olive Oil, Bacon, Onion, Celery, Carrots, Garlic, Minced Beef, Tomato Puree, Chopped Tomatoes, Honey, Lasagne Sheets, Creme Fraiche, Mozzarella Balls, Parmesan Cheese, Basil Leaves;áno
Air Fryer Egg Rolls;Príloha;Chinese;0;;14;TheMealDB;https://www.themealdb.com/meal/53373;53373;Side;Olive Oil, Ground Pork, Garlic, Ginger, Carrots, Scallions, Cabbage, Soy Sauce, Rice Vinegar, Egg Roll Wrappers, Oil, Duck Sauce, Plum Sauce, Soy Sauce;nie
Algerian Bouzgene Berber Bread with Roasted Pepper Sauce;Príloha;Algerian;0;;11;TheMealDB;https://www.themealdb.com/meal/53284;53284;Side;Red Pepper, Tomato, Olive Oil, Garlic, Jalapeno, Salt, Semolina, Salt, Water, Olive Oil, Olive Oil;nie
Algerian Carrots;Príloha;Algerian;0;;11;TheMealDB;https://www.themealdb.com/meal/53282;53282;Side;Water, Carrots, Olive Oil, Salt, Black Pepper, Ground Cinnamon, Ground Cumin, Garlic, Thyme, Bay Leaf, Lemon Juice;nie
Almojábanas (Colombian Cheese Bread);Príloha;;0;;8;TheMealDB;https://www.themealdb.com/meal/53529;53529;Side;Cornmeal, Queso Fresco, Mozzarella, Butter, Baking Powder, Salt, Eggs, Milk;nie
Apple Potato Mash (Hete bliksem) ;Príloha;Netherlands;0;;10;TheMealDB;https://www.themealdb.com/meal/53389;53389;Side;Apples, Potatoes, Cinnamon Stick, Maple Syrup, Ground Cinnamon, Bacon, Cheese, Salt, Egg, Sesame Seed;nie
Arepa;Príloha;;0;;3;TheMealDB;https://www.themealdb.com/meal/53439;53439;Side;Salt, Corn Flour, Warm Water;nie
Baba Ghanoush;Príloha;Syrian;0;;10;TheMealDB;https://www.themealdb.com/meal/53094;53094;Side;Egg Plants, Garlic, Kosher Salt, Lemon, Tahini, Extra Virgin Olive Oil, Greek Yogurt, Cayenne Pepper, Mint, Parsley;nie
Bajan Salt Bread Recipe;Príloha;;0;;6;TheMealDB;https://www.themealdb.com/meal/53456;53456;Side;Yeast, Sugar, Salt, Vegetable Oil, Flour, Warm Water;nie
Bajan Sweet Bread;Príloha;;0;;11;TheMealDB;https://www.themealdb.com/meal/53460;53460;Side;Coconut, Melted Butter, Flour, Shortening, Baking Powder, Salt, Sugar, Raisins, Egg, Evaporated Milk, Almond Essence;nie
Baked Yuca Fries;Príloha;;0;;9;TheMealDB;https://www.themealdb.com/meal/53548;53548;Side;Yuca, Extra Virgin Olive Oil, Chilli Powder, Kosher Salt, Ground Black Pepper, Avocado, Sour Cream, Lime, Cilantro;nie
Blini Pancakes;Príloha;Russian;0;;7;TheMealDB;https://www.themealdb.com/meal/53080;53080;Side;Buckwheat, Flour, Salt, Yeast, Milk, Butter, Egg;nie
Bolani with Potato Filling;Príloha;;0;;7;TheMealDB;https://www.themealdb.com/meal/53401;53401;Side;Plain Flour, Water, Salt, Potatoes, Spring Onions, Black Pepper, Vegetable Oil;nie
Boulangère Potatoes;Príloha;France;0;;5;TheMealDB;https://www.themealdb.com/meal/52914;52914;Side;Onions, Thyme, Olive Oil, Potatoes, Vegetable Stock;nie
Brazilian cheese bread (pão de queijo);Príloha;;0;;7;TheMealDB;https://www.themealdb.com/meal/53476;53476;Side;Oil, Whole Milk, Unsalted Butter, Salt, Tapioca, Eggs, Parmesan;nie
Breadfruit Tacos;Príloha;;0;;5;TheMealDB;https://www.themealdb.com/meal/53562;53562;Side;Breadfruit, Water, Codfish Bulljaw, Lettuce, Oil;nie
Breadfruit in Butter Sauce;Príloha;;0;;14;TheMealDB;https://www.themealdb.com/meal/53458;53458;Side;Breadfruit, Onion, Olive Oil, Butter, Onions, Garlic, Tinned Tomatos, Parsley, Lime juice, Salt, Pepper, Water, Red Pepper Sauce, Parsley;nie
Brie wrapped in prosciutto & brioche;Príloha;France;0;;9;TheMealDB;https://www.themealdb.com/meal/52913;52913;Side;Plain Flour, Caster Sugar, Yeast, Milk, Eggs, Eggs, Butter, Brie, Prosciutto;nie
Bulgarian Green Salad;Príloha;;0;;9;TheMealDB;https://www.themealdb.com/meal/53492;53492;Side;Lettuce, Radish, Cucumber, Scallions, Salt, Apple Cider Vinegar, Olive Oil, Dill, Parsley;nie
Burek;Príloha;Croatian;0;;6;TheMealDB;https://www.themealdb.com/meal/53060;53060;Side;Filo Pastry, Minced Beef, Onion, Oil, Salt, Pepper;nie
Cacik;Príloha;Turkish;0;;6;TheMealDB;https://www.themealdb.com/meal/53256;53256;Side;Natural Yoghurt, Lemon Juice, Extra Virgin Olive Oil, Dried Mint, Cucumber, Garlic;nie
Cassava bread;Príloha;;0;;4;TheMealDB;https://www.themealdb.com/meal/53564;53564;Side;Farine, Water, Cassava Flour, Salt;nie
Cayman Style Potato Salad;Príloha;;0;;11;TheMealDB;https://www.themealdb.com/meal/53507;53507;Side;Potatoes, Green Pepper, Red Pepper, Onion, Mayonnaise, Mustard, Sugar, Black Pepper, Beets, Peas, Eggs;nie
Challah;Príloha;Polish;0;;6;TheMealDB;https://www.themealdb.com/meal/53310;53310;Side;Strong white bread flour, Caster Sugar, Yeast, Egg, Sunflower Oil, Poppy Seeds;nie
Cheese Borek;Príloha;Algerian;0;;8;TheMealDB;https://www.themealdb.com/meal/53290;53290;Side;Egg, Parsley, Garlic, Red Pepper, Gouda Cheese, Emmentaler Cheese, Phyllo Dough, Unsalted Butter;nie
Cheese Sticks;Príloha;;0;;9;TheMealDB;https://www.themealdb.com/meal/53442;53442;Side;Flour, Milk, Butter, Egg, Mozzarella, Sugar, Salt, Olive Oil, Oil;nie
Chilean Dobladitas;Príloha;;0;;6;TheMealDB;https://www.themealdb.com/meal/53516;53516;Side;All purpose flour, Melted Butter, Milk, Baking Powder, Salt, Melted Butter;nie
Chilean-Style Sopaipillas;Príloha;;0;;6;TheMealDB;https://www.themealdb.com/meal/53513;53513;Side;Zapallo Squash, All purpose flour, Baking Powder, Salt, Melted Butter, Canola Oil;nie
Colombian Buñuelos Recipe;Príloha;;0;;10;TheMealDB;https://www.themealdb.com/meal/53523;53523;Side;Vegetable Oil, Cornstarch, Tapioca, Feta, Farmers Cheese, Egg, Baking Powder, Sugar, Salt, Milk;nie
Corba;Príloha;Turkish;0;;13;TheMealDB;https://www.themealdb.com/meal/52977;52977;Side;Lentils, Onion, Carrots, Tomato Puree, Cumin, Paprika, Mint, Thyme, Black Pepper, Red Pepper Flakes, Vegetable Stock, Water, Sea Salt;nie
Corn on the cob with lime, green chilli and coconut butter;Príloha;;0;;12;TheMealDB;https://www.themealdb.com/meal/53431;53431;Side;Vegetable Stock, Corn On The Cob, Coconut Milk, Lime, Green Chilli, Salt, Black Pepper, Butter, Desiccated Coconut, Shallots, Coriander, Parsley;nie
Curried Spinach from Botswana;Príloha;;0;;7;TheMealDB;https://www.themealdb.com/meal/53473;53473;Side;Spinach, Tomato, Onion, Oil, Curry Powder, Salt, Water;nie
Danish Rye Bread;Príloha;;0;;9;TheMealDB;https://www.themealdb.com/meal/53556;53556;Side;Rye Grain, Water, Dark Beer, Buttermilk, Yeast, Salt, Seeds, All purpose flour, Rye Flour;nie
Dominica mastiff bread;Príloha;;0;;7;TheMealDB;https://www.themealdb.com/meal/53563;53563;Side;Flour, Brown Sugar, Salt, Instant Yeast, Shortening, Water, Flour;nie
Fainá;Príloha;Argentina;0;;5;TheMealDB;https://www.themealdb.com/meal/53139;53139;Side;Chickpea Flour, Water, Olive Oil, Salt, Pepper;nie
Feteer Meshaltet;Príloha;Egyptian;0;;5;TheMealDB;https://www.themealdb.com/meal/53030;53030;Side;Flour, Water, Salt, Unsalted Butter, Olive Oil;nie
Fresh sardines;Príloha;Croatian;0;;4;TheMealDB;https://www.themealdb.com/meal/53061;53061;Side;Sardines, Vegetable Oil, Flour, Salt;nie
Griddled flatbreads;Príloha;Turkish;0;;5;TheMealDB;https://www.themealdb.com/meal/53272;53272;Side;Strong Wholemeal Flour, Strong white bread flour, Yeast, Sugar, Olive Oil;nie
Hummus;Príloha;Turkish;0;;5;TheMealDB;https://www.themealdb.com/meal/53269;53269;Side;Chickpeas, Tahini Paste, Garlic Clove, Greek Yogurt, Lemon;nie
Hveder - Danish Wheat Buns;Príloha;;0;;9;TheMealDB;https://www.themealdb.com/meal/53552;53552;Side;Milk, Yeast, Eggs, Sugar, Coarse Salt, Ground Cardomom, All purpose flour, Butter, Egg;nie
Jajek;Príloha;;0;;6;TheMealDB;https://www.themealdb.com/meal/53436;53436;Side;Yogurt, Cold Water, Garlic, Salt, Dried Mint, Cucumber;nie
Jamaican Boiled Dumplings;Príloha;Jamaican;0;;5;TheMealDB;https://www.themealdb.com/meal/53353;53353;Side;Water, Salt, All purpose flour, Salt, Water;nie
Jamaican Festival (Sweet Dumpling);Príloha;Jamaican;0;;8;TheMealDB;https://www.themealdb.com/meal/53355;53355;Side;All purpose flour, Cornmeal, Sugar, Baking Powder, Vanilla Extract, Salt, Milk, Oil;nie
Jamaican Fried Dumplings;Príloha;Jamaican;0;;5;TheMealDB;https://www.themealdb.com/meal/53356;53356;Side;All purpose flour, Baking Powder, Salt, Milk, Oil;nie
Japanese gohan rice;Príloha;Japanese;0;;4;TheMealDB;https://www.themealdb.com/meal/53033;53033;Side;Sushi Rice, Mirin, Pickle Juice, Spring Onions;nie
Keto Banitsa;Príloha;;0;;7;TheMealDB;https://www.themealdb.com/meal/53494;53494;Side;Eggs, Melted Butter, Mozzarella, Cream Cheese, Baking Powder, Feta, Sesame Seed;nie
Khobz el Dar (Algerian Semolina Bread);Príloha;Algerian;0;;13;TheMealDB;https://www.themealdb.com/meal/53286;53286;Side;Semolina Flour, Semolina Flour, Sesame Seed, Sugar, Yeast, Salt, Vegetable Oil, Egg, Egg, Milk, All purpose flour, All purpose flour, Water;nie
Koulenje;Príloha;;0;;9;TheMealDB;https://www.themealdb.com/meal/53434;53434;Side;Flour, Eggs, Baking Powder, Melted Butter, Salt, Milk, Sugar, Ground Mahleb, Egg;nie
Kulaç Soda Bread;Príloha;;0;;5;TheMealDB;https://www.themealdb.com/meal/53408;53408;Side;Flour, Greek Yogurt, Salt, Baking Powder, Olive Oil;nie
Kumpir;Príloha;Turkish;0;;6;TheMealDB;https://www.themealdb.com/meal/52978;52978;Side;Potatoes, Butter, Cheese, Onion, Red Pepper, Red Chilli Flakes;nie
Lao Som Pak Pickled Cabbage;Príloha;;0;;4;TheMealDB;https://www.themealdb.com/meal/53426;53426;Side;Cabbage, Spring Onions, Water, Salt;nie
Mango Tropical Salsa;Príloha;;0;;9;TheMealDB;https://www.themealdb.com/meal/53538;53538;Side;Red Onions, Red Pepper, Tomato, Mango, Avocado, Cilantro, Lime juice, Salt, Black Pepper;nie
Mini butter buns;Príloha;;0;;7;TheMealDB;https://www.themealdb.com/meal/53560;53560;Side;Bread Flour, Milk, Sugar, Instant Yeast, Salt, Unsalted Butter, Egg;nie
Mushroom soup with buckwheat;Príloha;Croatian;0;;10;TheMealDB;https://www.themealdb.com/meal/53059;53059;Side;Mushrooms, Buckwheat, Vegetable Oil, Onion, Garlic, Bay Leaf, Vegetable Stock Cube, Sour Cream, White Wine Vinegar, Parsley;nie
Mustard champ;Príloha;Irish;0;;6;TheMealDB;https://www.themealdb.com/meal/53038;53038;Side;Potatoes, Milk, Butter, Mustard, Spring Onions, Spring Onions;nie
Num Ansom – Sticky Rice Cake;Príloha;;0;;6;TheMealDB;https://www.themealdb.com/meal/53500;53500;Side;Glutinous Rice, Coconut Milk, Brown Sugar, Salt, Banana Leaves, Mung Bean Paste;nie
Num E (Sticky Rice Balls in Sugar Syrup and Coconut Cream);Príloha;;0;;12;TheMealDB;https://www.themealdb.com/meal/53422;53422;Side;Sticky Rice Flour, Pandan Leaves, Beetroot, Pumpkin, Taro, Longan, Coconut, Water, Water, Salt, Ginger, Coconut Cream;nie
Phaphatha Flatbreads;Príloha;;0;;5;TheMealDB;https://www.themealdb.com/meal/53471;53471;Side;Flour, Baking Powder, Salt, Sugar, Milk;nie
Pierogi (Polish Dumplings);Príloha;Polish;0;;11;TheMealDB;https://www.themealdb.com/meal/53019;53019;Side;Butter, Chopped Onion, Sauerkraut, Butter, Chopped Onion, Potatoes, Eggs, Sour Cream, Flour, Salt, Baking Powder;nie
Polish patties (kotlety);Príloha;Polish;0;;9;TheMealDB;https://www.themealdb.com/meal/53299;53299;Side;Bread Rolls, Milk, Onion, Vegetable Oil, Ground Beef, Egg, Garlic Clove, Marjoram, Breadcrumbs;nie
Runner Bean Mash (Snijbonen Stamppot);Príloha;Netherlands;0;;10;TheMealDB;https://www.themealdb.com/meal/53388;53388;Side;Runner Beans, Garlic, Onion, Potatoes, Butter, Mustard, Milk, Cheese, Bacon, Salt;nie
Rye bread;Príloha;Polish;0;;6;TheMealDB;https://www.themealdb.com/meal/53308;53308;Side;Rye, Strong white bread flour, Yeast, Salt, Honey, Caraway Seed;nie
Sesame Cucumber Salad;Príloha;Chinese;0;;7;TheMealDB;https://www.themealdb.com/meal/53378;53378;Side;Cucumber, Salt, Sesame Seed Oil, Rice Vinegar, Basil Leaves, Red Chilli Flakes, Sesame Seed;nie
Shawarma bread;Príloha;Saudi Arabian;0;;6;TheMealDB;https://www.themealdb.com/meal/53226;53226;Side;Flour, Salt, Sugar, Baking Powder, Oil, Water;nie
Smoked aubergine purée;Príloha;Turkish;0;;5;TheMealDB;https://www.themealdb.com/meal/53259;53259;Side;Aubergine, Lemon, Garlic, Yogurt, Dill;nie
Smoky tomato pepper salsa;Príloha;;0;;8;TheMealDB;https://www.themealdb.com/meal/53479;53479;Side;Red Onions, Coriander, Cherry Tomatoes, Red Pepper, Extra Virgin Olive Oil, Red Wine Vinegar, Paprika, Sugar;nie
Snert (Dutch Split Pea Soup);Príloha;Netherlands;0;;11;TheMealDB;https://www.themealdb.com/meal/52981;52981;Side;Water, Peas, Pork, Vegetable Stock Cube, Celery, Carrots, Potatoes, Onion, Leek, Celeriac, Sausages;nie
Split Pea Soup;Príloha;Canadian;0;;8;TheMealDB;https://www.themealdb.com/meal/52925;52925;Side;Ham, Peas, Onions, Carrots, Bay Leaves, Celery, Frozen Peas, Bread;nie
Stuffed Grape Leaves;Príloha;;0;;13;TheMealDB;https://www.themealdb.com/meal/53435;53435;Side;Rice, Chicken Stock, Tomato Sauce, Olive Oil, Ground Allspice, Cinnamon, Onion, Raisins, Dill, Pine Nuts, Lemon, Salt, Pepper;nie
Stuffed plantain cups;Príloha;;0;;2;TheMealDB;https://www.themealdb.com/meal/53558;53558;Side;Plantain, Vegetable Oil;nie
Tendir Choreyi (Tandoori Bread);Príloha;;0;;6;TheMealDB;https://www.themealdb.com/meal/53448;53448;Side;Yeast, Warm Water, Salt, Flour, Egg Yolks, Poppy Seeds;nie
Venezuelan Arepas;Príloha;Venezuela;0;;4;TheMealDB;https://www.themealdb.com/meal/53325;53325;Side;Cornmeal, Water, Salt, Vegetable Oil;nie
Venezuelan turnovers;Príloha;Venezuela;0;;13;TheMealDB;https://www.themealdb.com/meal/53332;53332;Side;Ground Beef, Pepper, Ground Cumin, Vegetable Oil, Onion, Green Pepper, Red Pepper, Garlic Powder, Capers, Tomato Sauce, Sazon, Yellow Masarepa, Vegetable Oil;nie
Zemiakové Placky;Príloha;Slovakia;0;;9;TheMealDB;https://www.themealdb.com/meal/53189;53189;Side;Potatoes, Onion, Garlic, Egg, All purpose flour, Marjoram, Salt, Black Pepper, Oil;áno
plantain rolls;Príloha;;0;;4;TheMealDB;https://www.themealdb.com/meal/53566;53566;Side;Plantain, Vegetable Oil, Codfish Bulljaw, Parsley;nie
Classic Potato Salad;Príloha;;1;créme fraiche → kyslá smotana 16 %;12;TheMealDB;https://www.themealdb.com/meal/53555;53555;Side;New Potatoes, Asparagus, Chives, Red Onions, Radish, Creme Fraiche, Mayonnaise, Dijon Mustard, Sugar, Apple Cider Vinegar, Salt, Pepper;nie
Dolma Japrak Stuffed Vine Leaves;Príloha;;1;mleté jahňacie → mleté hovädzie + trocha bravčového;12;TheMealDB;https://www.themealdb.com/meal/53411;53411;Side;Pickled Grape Leaves, Lamb Mince, Onion, Rice, Pepper, Paprika, Vegetable Stock, Parsley, Basil, Olive Oil, Salt, Boiling Water;nie
Fennel Dauphinoise;Príloha;France;1;smotana 48 % → smotana na šľahanie 33 % + 1 PL masla na 100 ml;7;TheMealDB;https://www.themealdb.com/meal/52919;52919;Side;Potatoes, Fennel, Garlic, Milk, Double Cream, Butter, Parmesan Cheese;nie
French Onion Soup;Príloha;France;1;gruyère → ementál alebo zrejúca gouda;10;TheMealDB;https://www.themealdb.com/meal/52903;52903;Side;Butter, Olive Oil, Onion, Sugar, Garlic Clove, Plain Flour, Dry White Wine, Beef Stock, Bread, Gruyère;nie
Haft Mewa Recipe;Príloha;;1;ružová voda → vanilkový extrakt;8;TheMealDB;https://www.themealdb.com/meal/53397;53397;Side;Dried Apricots, Light Raisins, Raisins, Walnuts, Almonds, Pistachio, Cherry, Rose water;nie
Jamaican Steamed Cabbage;Príloha;Jamaican;1;scotch bonnet → habanero alebo čili;13;TheMealDB;https://www.themealdb.com/meal/53364;53364;Side;Cabbage, Carrots, Plum Tomatoes, Onion, Garlic, Spring Onions, Thyme, Scotch Bonnet, Water, Olive Oil, Unsalted Butter, Kosher Salt, Black Pepper;nie
Mango chow;Príloha;;1;scotch bonnet → habanero alebo čili;7;TheMealDB;https://www.themealdb.com/meal/53433;53433;Side;Mango, Spring Onions, Scotch Bonnet, Coriander, Lime, Salt, Pepper;nie
Prawn & Fennel Bisque;Príloha;France;1;smotana 48 % → smotana na šľahanie 33 % + 1 PL masla na 100 ml;12;TheMealDB;https://www.themealdb.com/meal/52922;52922;Side;Tiger Prawns, Olive Oil, Onion, Fennel, Carrots, Dry White Wine, Brandy, Chopped Tomatoes, Fish Stock, Paprika, Double Cream, Prawns;nie
Callaloo and SaltFish;Príloha;Jamaican;2;solená treska → mrazená treska + nasolenie 12 h | scotch bonnet → habanero alebo čili;10;TheMealDB;https://www.themealdb.com/meal/53361;53361;Side;Salt Cod, Bacon, Callaloo, Onion, Spring Onions, Garlic, Scotch Bonnet, Plum Tomatoes, Thyme, Black Pepper;nie
Norwegian Potato Lefse;Príloha;Norway;2;smotana 36–40 % → smotana na šľahanie 33 % | smotana 36–40 % → smotana na šľahanie 33 %;10;TheMealDB;https://www.themealdb.com/meal/53121;53121;Side;Potatoes, Salt, Sugar, Melted Butter, Heavy Cream, All purpose flour, Flour, Butter, Granulated Sugar, Heavy Cream;nie
Ajo blanco;Snack;Spanish;0;;5;TheMealDB;https://www.themealdb.com/meal/53169;53169;Starter;White bread, Almonds, Extra Virgin Olive Oil, Garlic Clove, Red Wine Vinegar;nie
Black Bean soup;Snack;;0;;16;TheMealDB;https://www.themealdb.com/meal/53546;53546;Starter;Extra Virgin Olive Oil, Red Onions, Jalapeno, Garlic, Tomato Puree, Kosher Salt, Black Pepper, Ground Cumin, Chilli Powder, Black Beans, Chicken Stock, Bay Leaf, Sour Cream, Avocado, Cilantro, Lime;nie
Broccoli & Stilton soup;Snack;British;0;;9;TheMealDB;https://www.themealdb.com/meal/52842;52842;Starter;Rapeseed Oil, Onion, Celery, Leek, Potatoes, Butter, Vegetable Stock, Broccoli, Stilton Cheese;nie
Colombian Style Stuffed Potatoes;Snack;;0;;18;TheMealDB;https://www.themealdb.com/meal/53526;53526;Starter;Vegetable Oil, Potatoes, Salt, Olive Oil, Tomato, Onion, Scallions, Garlic, Ground Cumin, Sazon Goya With Azafran, Salt, Black Pepper, Ground Beef, Egg, All purpose flour, Salt, Sazon Goya With Azafran, Milk;nie
Cream Cheese Tart;Snack;United States;0;;12;TheMealDB;https://www.themealdb.com/meal/52779;52779;Starter;Flour, Butter, Egg, Salt, Cheese, Milk, Eggs, Parmesan Cheese, Plum tomatoes, White Vinegar, Honey, Basil;nie
Creamy Tomato Soup;Snack;British;0;;13;TheMealDB;https://www.themealdb.com/meal/52841;52841;Starter;Olive Oil, Onions, Celery, Carrots, Potatoes, Bay Leaf, Tomato Puree, Sugar, White Vinegar, Chopped Tomatoes, Passata, Vegetable Stock Cube, Whole Milk;nie
Dominican Bakes;Snack;;0;;7;TheMealDB;https://www.themealdb.com/meal/53567;53567;Starter;All purpose flour, Baking Powder, Salt, Sugar, Milk, Butter, Vegetable Oil;nie
Oyster Mushroom Soup;Snack;;0;;9;TheMealDB;https://www.themealdb.com/meal/53487;53487;Starter;Oyster Mushrooms, Butter, Salt, Water, Flour, Milk, Garlic, Red Wine Vinegar, Red Pepper Flakes;nie
Paracuca (Roasted Peanuts);Snack;;0;;4;TheMealDB;https://www.themealdb.com/meal/53429;53429;Starter;Unsalted Peanuts, Sugar, Water, Salt;nie
Baked brie with sorrel jam;Snack;;1;vanilkový lusk → vanilkový extrakt;12;TheMealDB;https://www.themealdb.com/meal/53559;53559;Starter;Dried Sorrel, Brown Sugar, Ground Ginger, Cinnamon, vanilla pod, Orange, Water, Egg, Puff Pastry, Brie, Sorrel Jam, Water;nie
Mantu Afghan Dumpling;Snack;;1;jahňacie → bravčové plece alebo hovädzie;10;TheMealDB;https://www.themealdb.com/meal/53402;53402;Starter;Plain Flour, Water, Lamb, Green Chilli, Onions, Black Pepper, Vegetable Oil, Tomato Puree, Strained Yoghurt, Coriander;nie
Quick gazpacho;Snack;Spanish;1;sherry ocot → červený vínny ocot;6;TheMealDB;https://www.themealdb.com/meal/53173;53173;Starter;Passata, Red Pepper, Red Chilli, Garlic, Sherry vinegar, Lime;nie
Simple heart of palm & tomato salad;Snack;;1;sherry ocot → červený vínny ocot;6;TheMealDB;https://www.themealdb.com/meal/53484;53484;Starter;Palm Hearts, Cherry Tomatoes, Spring Onions, Sherry vinegar, Olive Oil, Parsley;nie
Clam chowder;Snack;United States;2;mušle vénuška → mrazené slávky | smotana 48 % → smotana na šľahanie 33 % + 1 PL masla na 100 ml;11;TheMealDB;https://www.themealdb.com/meal/52840;52840;Starter;Clams, Butter, Bacon, Onion, Thyme, Bay Leaf, Plain Flour, Milk, Double Cream, Potatoes, Parsley;nie
Apam balik;Dezert;Malaysian;0;;9;TheMealDB;https://www.themealdb.com/meal/53049;53049;Dessert;Milk, Oil, Eggs, Flour, Baking Powder, Salt, Unsalted Butter, Sugar, Peanut Butter;nie
Apple & Blackberry Crumble;Dezert;British;0;;9;TheMealDB;https://www.themealdb.com/meal/52893;52893;Dessert;Plain Flour, Caster Sugar, Butter, Braeburn Apples, Butter, Demerara Sugar, Blackberries, Cinnamon, Ice Cream;nie
Apple Pie;Dezert;;0;;7;TheMealDB;https://www.themealdb.com/meal/53575;53575;Dessert;Apples, Eggs, Sugar, Flour, Salt, Bicarbonate Of Soda, Sour Milk;nie
Apple pie pops;Dezert;;0;;16;TheMealDB;https://www.themealdb.com/meal/53568;53568;Dessert;Sugar, All purpose flour, Salt, Unsalted Butter, Shortening, Cold Water, Apples, Brown Sugar, Cinnamon, Unsalted Butter, Ground Nutmeg, Salt, Lemon Juice, Sugar, Egg, Water;nie
Arnhemse meisjes;Dezert;;0;;5;TheMealDB;https://www.themealdb.com/meal/53392;53392;Dessert;Puff Pastry, vanilla sugar, Cinnamon, Cardamom, Lime;nie
Arra të Mbushura me Fik Walnut Stuffed Figs (with Fig Syrup);Dezert;;0;;4;TheMealDB;https://www.themealdb.com/meal/53406;53406;Dessert;Figs, Walnuts, Water, Sugar;nie
Arroz con Leche Recipe;Dezert;;0;;9;TheMealDB;https://www.themealdb.com/meal/53522;53522;Dessert;Rice, Cinnamon Stick, Water, Milk, Salt, Butter, Vanilla Extract, Sugar, Condensed Milk;nie
Authentic Laos Tapioca Pudding with Bananas;Dezert;;0;;8;TheMealDB;https://www.themealdb.com/meal/53425;53425;Dessert;Warm Water, Water, Tapioca, Coconut Milk, Sugar, Banana, Water, Salt;nie
Authentic Norwegian Kransekake;Dezert;Norway;0;;6;TheMealDB;https://www.themealdb.com/meal/53127;53127;Dessert;Almonds, Egg White, Powdered Sugar, Powdered Sugar, Egg White, Lemon Juice;nie
Baghlaw-e-Khanagi;Dezert;;0;;9;TheMealDB;https://www.themealdb.com/meal/53396;53396;Dessert;Flour, Eggs, Milk, Vegetable Oil, Baking Powder, Ground Walnuts, Cardamom, Sugar, Water;nie
Bakewell tart;Dezert;British;0;;10;TheMealDB;https://www.themealdb.com/meal/52767;52767;Dessert;plain flour, chilled butter, cold water, raspberry jam, butter, caster sugar, ground almonds, free-range egg, beaten, almond extract, flaked almonds;nie
Baklava with spiced nuts, ricotta & chocolate;Dezert;Turkish;0;;14;TheMealDB;https://www.themealdb.com/meal/53279;53279;Dessert;Sugar, Lemon Juice, Walnuts, Pecan Nuts, Almonds, Ground Cinnamon, Ground Cardomom, Ricotta, Lemon, Orange, Vanilla Bean Paste, Unsalted Butter, Filo Pastry, Ground Pistachios;nie
Banana Pancakes;Dezert;United States;0;;7;TheMealDB;https://www.themealdb.com/meal/52855;52855;Dessert;Banana, Eggs, Baking Powder, Vanilla Extract, Oil, Pecan Nuts, Raspberries;nie
Banana den Forno;Dezert;;0;;5;TheMealDB;https://www.themealdb.com/meal/53441;53441;Dessert;Banana, Ground Cinnamon, Vanilla Extract, Sugar, Water;nie
BeaverTails;Dezert;Canadian;0;;12;TheMealDB;https://www.themealdb.com/meal/52928;52928;Dessert;Water, Yeast, Sugar, Milk, Butter, Eggs, Salt, Flour, Oil, Lemon, Sugar, Cinnamon;nie
Blueberry & lemon friands;Dezert;Australian;0;;7;TheMealDB;https://www.themealdb.com/meal/53100;53100;Dessert;Unsalted Butter, Icing Sugar, Flour, Almonds, Egg White, Unwaxed Lemon, Blackberries;nie
Brazilian carrot cake;Dezert;;0;;9;TheMealDB;https://www.themealdb.com/meal/53485;53485;Dessert;Vegetable Oil, Plain Flour, Caster Sugar, Baking Powder, Carrots, Eggs, Milk, Cocoa Powder, Caster Sugar;nie
Brazilian chocolate truffles - brigadeiro;Dezert;;0;;7;TheMealDB;https://www.themealdb.com/meal/53475;53475;Dessert;Unsalted Butter, Condensed Milk, Cocoa Powder, Vanilla Extract, Pistachio, Almonds, Desiccated Coconut;nie
Breadfruit in Butter Sauce Recipe;Dezert;;0;;14;TheMealDB;https://www.themealdb.com/meal/53454;53454;Dessert;Breadfruit, Onion, Olive Oil, Butter, Onion, Garlic, Tinned Tomatos, Parsley, Lime juice, Salt, Pepper, Water, Red Pepper Paste, Parsley;nie
Budino Di Ricotta;Dezert;Italian;0;;8;TheMealDB;https://www.themealdb.com/meal/52961;52961;Dessert;Ricotta, Eggs, Flour, Sugar, Cinnamon, Lemons, Dark Rum, Icing Sugar;nie
Bulgarian Honey Cookies;Dezert;;0;;11;TheMealDB;https://www.themealdb.com/meal/53493;53493;Dessert;Eggs, Powdered Sugar, Honey, Vanilla Extract, Vegetable Oil, All purpose flour, Salt, Ground Cinnamon, Baking Powder, Chocolate Chips, Vegetable Oil;nie
Caribbean Tamarind balls;Dezert;Jamaican;0;;2;TheMealDB;https://www.themealdb.com/meal/53360;53360;Dessert;Tamarind Pulp, Sugar;nie
Carrot Cake;Dezert;British;0;;12;TheMealDB;https://www.themealdb.com/meal/52897;52897;Dessert;Vegetable Oil, Plain Flour, Bicarbonate Of Soda, Sugar, Eggs, Salt, Cinnamon, Carrots, Walnuts, Cream Cheese, Caster Sugar, Butter;nie
Cassava Cake;Dezert;;0;;6;TheMealDB;https://www.themealdb.com/meal/53508;53508;Dessert;Cassava, Dark Brown Soft Sugar, Coconut Milk, Nutmeg, Allspice, Cinnamon;nie
Chelsea Buns;Dezert;British;0;;13;TheMealDB;https://www.themealdb.com/meal/52898;52898;Dessert;White Flour, Salt, Yeast, Milk, Butter, Eggs, Vegetable Oil, Butter, Brown Sugar, Cinnamon, Dried Fruit, Milk, Caster Sugar;nie
Choc Chip Pecan Pie;Dezert;United States;0;;12;TheMealDB;https://www.themealdb.com/meal/52856;52856;Dessert;Plain Flour, Butter, Cream Cheese, Icing Sugar, Butter, Maple Syrup, Light Brown Soft Sugar, Dark Brown Soft Sugar, Eggs, Vanilla Extract, Pecan Nuts, Dark Chocolate Chips;nie
Chocolate Avocado Mousse;Dezert;British;0;;8;TheMealDB;https://www.themealdb.com/meal/52853;52853;Dessert;Banana, Cacao, Avocado, Honey, Lemon Juice, Vanilla, Water, Sea Salt;nie
Chocolate Caramel Crispy;Dezert;British;0;;4;TheMealDB;https://www.themealdb.com/meal/52966;52966;Dessert;Mars Bar, Butter, Rice Krispies, Milk Chocolate;nie
Chocolate Gateau;Dezert;France;0;;6;TheMealDB;https://www.themealdb.com/meal/52776;52776;Dessert;Plain chocolate, Butter, Milk, Eggs, Granulated Sugar, Flour;nie
Chocolate Raspberry Brownies;Dezert;United States;0;;8;TheMealDB;https://www.themealdb.com/meal/52860;52860;Dessert;Dark Chocolate, Milk Chocolate, Salted Butter, Light Brown Soft Sugar, Eggs, Plain Flour, Cocoa, Raspberries;nie
Chocolate empanadas;Dezert;Uruguayan;0;;10;TheMealDB;https://www.themealdb.com/meal/53324;53324;Dessert;Condensed Milk, All purpose flour, Unsweetened Cocoa, Salt, Butter, Egg, Milk, Butter, Sugar, Cinnamon;nie
Chorreadas;Dezert;;0;;9;TheMealDB;https://www.themealdb.com/meal/53542;53542;Dessert;Sweetcorn, Flour, Sugar, Milk, Eggs, Butter, Vanilla, Cinnamon, Salt;nie
Cinnamon Roll Cookies;Dezert;;0;;7;TheMealDB;https://www.themealdb.com/meal/53462;53462;Dessert;Plain Flour, Unsalted Butter, Caster Sugar, Egg, Salt, Ground Cinnamon, Brown Sugar;nie
Cinnamon buns;Dezert;Norway;0;;14;TheMealDB;https://www.themealdb.com/meal/53116;53116;Dessert;Unsalted Butter, Milk, Salt, Flour, Strong White Flour, Fast action yeast, Cardamom, Caster Sugar, Egg, Olive Oil, Unsalted Butter, Caster Sugar, Cinnamon, Egg;nie
Classic Christmas pudding;Dezert;British;0;;11;TheMealDB;https://www.themealdb.com/meal/52988;52988;Dessert;Almonds, Bramley Apples, Candied Peel, Nutmeg, Raisins, Plain Flour, Breadcrumbs, Muscovado Sugar, Eggs, Brandy, Butter;nie
Coconut Natilla Recipe;Dezert;;0;;12;TheMealDB;https://www.themealdb.com/meal/53524;53524;Dessert;Milk, Cornstarch, Cornstarch, Coconut Milk, Coconut, Cinnamon Stick, Condensed Milk, Vanilla Extract, Sugar, Salt, Butter, Ground Cinnamon;nie
Coconut quindim;Dezert;;0;;6;TheMealDB;https://www.themealdb.com/meal/53477;53477;Dessert;Butter, Egg Yolks, Caster Sugar, Coconut Milk, Desiccated Coconut, Vanilla Extract;nie
Creamy mango smoothie;Dezert;;0;;4;TheMealDB;https://www.themealdb.com/meal/53569;53569;Dessert;Mango, Vanilla Extract, Condensed Milk, Ice Cubes;nie
Date squares;Dezert;Canadian;0;;9;TheMealDB;https://www.themealdb.com/meal/53338;53338;Dessert;Pitted Dates, Water, Vanilla, Oats, All purpose flour, Brown Sugar, Baking Powder, Salt, Unsalted Butter;nie
Dominica’s coconut rough cake;Dezert;;0;;12;TheMealDB;https://www.themealdb.com/meal/53571;53571;Dessert;Wheat Flour, Oats, Brown Sugar, Coconut, Vanilla Extract, Coconut Milk, Bicarbonate Of Soda, Baking Powder, Ground Cinnamon, Nutmeg, Lime, Raisins;nie
Dulce de Leche;Dezert;Argentina;0;;4;TheMealDB;https://www.themealdb.com/meal/53137;53137;Dessert;Milk, Sugar, Baking Powder, Vanilla Extract;nie
Dundee cake;Dezert;British;0;;14;TheMealDB;https://www.themealdb.com/meal/52899;52899;Dessert;Almonds, Butter, Muscovado Sugar, Orange, Apricot Jam, Plain Flour, Baking Powder, Eggs, Ground Almonds, Milk, Dried Fruit, Glace Cherry, Milk, Caster Sugar;nie
Dutch Apple Pie;Dezert;Netherlands;0;;9;TheMealDB;https://www.themealdb.com/meal/53386;53386;Dessert;Butter, Egg Yolks, Flour, Sugar, Salt, Cinnamon, Raisins, Apples, Cold Water;nie
Dutch doughnuts;Dezert;;0;;5;TheMealDB;https://www.themealdb.com/meal/53393;53393;Dessert;Flour, Milk, Instant Yeast, Salt, Sugar;nie
Dutch stroopwafel;Dezert;Netherlands;0;;11;TheMealDB;https://www.themealdb.com/meal/53382;53382;Dessert;Milk, Instant Yeast, All purpose flour, Unsalted Butter, Sugar, Egg, Salt, Dutch Stroop, Brown Sugar, Unsalted Butter, Cinnamon;nie
Eccles Cakes;Dezert;British;0;;13;TheMealDB;https://www.themealdb.com/meal/52888;52888;Dessert;Butter, Plain Flour, Lemon, Butter, Currants, Mixed Peel, Muscovado Sugar, Cinnamon, Ginger, Allspice, Lemon, Eggs, Sugar;nie
Ensaimada;Dezert;Spanish;0;;6;TheMealDB;https://www.themealdb.com/meal/53149;53149;Dessert;Yeast, Caster Sugar, Egg, Strong white bread flour, Vegetable Oil, Lard;nie
Flapper Pie;Dezert;Canadian;0;;13;TheMealDB;https://www.themealdb.com/meal/53341;53341;Dessert;Graham Cracker Crumbs, Melted Butter, Sugar, Ground Cinnamon, Milk, Sugar, Cornstarch, Egg Yolks, Vanilla Extract, Salt, Egg White, Sugar, Cream Of Tartar;nie
Fried cocoy banana;Dezert;;0;;5;TheMealDB;https://www.themealdb.com/meal/53572;53572;Dessert;Cinnamon, Cocoy Banana, Eggs, Breadcrumbs, Vegetable Oil;nie
Fyrstekake – Norwegian Prince Cake;Dezert;Norway;0;;13;TheMealDB;https://www.themealdb.com/meal/53131;53131;Dessert;Granulated Sugar, Vanilla Extract, Butter, Egg Yolks, Flour, Baking Powder, Almonds, Brown Sugar, Melted Butter, Egg, Brandy, Almond Extract, Egg;nie
Gingerbread Waffles;Dezert;;0;;8;TheMealDB;https://www.themealdb.com/meal/53578;53578;Dessert;Flour, Dark Beer, Milk, Egg, Sugar, Salt, Gingerbread Spice, Butter;nie
Handesh – Bangladeshi rice flour and date molasses cakes;Dezert;;0;;6;TheMealDB;https://www.themealdb.com/meal/53452;53452;Dessert;Date Molasses, Warm Water, Rice Flour, Flour, Ground Cinnamon, Ground Cardomom;nie
Healthy Biss Jaggery Modak;Dezert;;0;;3;TheMealDB;https://www.themealdb.com/meal/53580;53580;Dessert;Coconut Flakes, Brown Sugar, Dried Fruit;nie
Honey Cookies;Dezert;;0;;3;TheMealDB;https://www.themealdb.com/meal/53579;53579;Dessert;Honey, Rye Flour, Water;nie
Jamaican Banana Fritters;Dezert;Jamaican;0;;8;TheMealDB;https://www.themealdb.com/meal/53351;53351;Dessert;Banana, Vanilla Extract, Cinnamon, Nutmeg, Brown Sugar, Salt, All purpose flour, Oil;nie
Jamaican Sweet Potato Pudding;Dezert;Jamaican;0;;15;TheMealDB;https://www.themealdb.com/meal/53344;53344;Dessert;Sweet Potatoes, Coconut Milk, Brown Sugar, All purpose flour, Vanilla Extract, Allspice, Ground Cinnamon, Ground Nutmeg, Ground Ginger, Salt, Raisins, Coconut Milk, Brown Sugar, Ground Cinnamon, Ground Nutmeg;nie
Krispy Kreme Donut;Dezert;United States;0;;14;TheMealDB;https://www.themealdb.com/meal/53015;53015;Dessert;Yeast, Water, Water, Sugar, Salt, Eggs, Shortening, Flour, Canola Oil, Milk, Sugar, Vanilla, Boiling Water, Butter;nie
Kurabie Butter Cookies;Dezert;;0;;9;TheMealDB;https://www.themealdb.com/meal/53414;53414;Dessert;Flour, Greek Yogurt, Eggs, Sugar, Melted Butter, Baking Powder, Vanilla Extract, Egg, Melted Butter;nie
Laos Plantain Coconut Bake (Flourless Muffin);Dezert;;0;;3;TheMealDB;https://www.themealdb.com/meal/53424;53424;Dessert;Coconut Cream, Plantain, Sugar;nie
Leche Asada;Dezert;;0;;5;TheMealDB;https://www.themealdb.com/meal/53519;53519;Dessert;Milk, Lemon, Cinnamon Stick, Eggs, Sugar;nie
Magwinya: Doughnut Bites from Botswana;Dezert;;0;;8;TheMealDB;https://www.themealdb.com/meal/53474;53474;Dessert;All purpose flour, Warm Water, Sugar, Yeast, Salt, Vegetable Oil, Ground Sugar, Vegetable Oil;nie
Mamoul (Eid biscuits);Dezert;Saudi Arabian;0;;6;TheMealDB;https://www.themealdb.com/meal/53221;53221;Dessert;Plain Flour, Semolina, Sunflower Oil, Unsalted Butter, Milk, Icing Sugar;nie
Manjar (Dulce de Leche);Dezert;;0;;4;TheMealDB;https://www.themealdb.com/meal/53515;53515;Dessert;Milk, Sugar, Vanilla Extract, Baking Powder;nie
Mince Pies;Dezert;British;0;;6;TheMealDB;https://www.themealdb.com/meal/52991;52991;Dessert;Butter, Plain Flour, Caster Sugar, Mincemeat, Egg, Icing Sugar;nie
Mini bundt cakes;Dezert;Polish;0;;8;TheMealDB;https://www.themealdb.com/meal/53304;53304;Dessert;Butter, Plain Flour, Caster Sugar, Egg, Baking Powder, Cocoa Powder, Milk, Icing Sugar;nie
New York cheesecake;Dezert;United States;0;;12;TheMealDB;https://www.themealdb.com/meal/52858;52858;Dessert;Butter, Sour Cream, Sugar, Cream Cheese, Caster Sugar, Plain Flour, Lemon Juice, Eggs, Sour Cream, Sour Cream, Caster Sugar, Lemon Juice;nie
Norwegian Krumkake;Dezert;Norway;0;;8;TheMealDB;https://www.themealdb.com/meal/53129;53129;Dessert;Egg, Sugar, Butter, Cardamom, Nutmeg, Salt, Flour, Water;nie
Pan De Yucca;Dezert;;0;;9;TheMealDB;https://www.themealdb.com/meal/53537;53537;Dessert;Raw Yucca, Butter, Sugar, Eggs, Vanilla, Cream Cheese, Flour, Baking Powder, Salt;nie
Pancakes;Dezert;United States;0;;7;TheMealDB;https://www.themealdb.com/meal/52854;52854;Dessert;Flour, Eggs, Milk, Sunflower Oil, Sugar, Raspberries, Blueberries;nie
Passion fruit mousse;Dezert;Venezuela;0;;6;TheMealDB;https://www.themealdb.com/meal/53333;53333;Dessert;Unflavoured Gelatin, Passion Fruit Pulp, Sugar, Condensed Milk, Egg White, Mint;nie
Peanut Butter Cookies;Dezert;United States;0;;3;TheMealDB;https://www.themealdb.com/meal/52958;52958;Dessert;Peanut Butter, Sugar, Egg;nie
Pear Tarte Tatin;Dezert;France;0;;8;TheMealDB;https://www.themealdb.com/meal/52916;52916;Dessert;Pears, Caster Sugar, Butter, Star Anise, Cardamom, Cinnamon, Brandy, Puff Pastry;nie
Pistachio Kunafa Chocolate Cake and Cupcakes;Dezert;Saudi Arabian;0;;13;TheMealDB;https://www.themealdb.com/meal/53224;53224;Dessert;White Chocolate, Unsalted Pistachio, Condensed Milk, Milk, Oreo Cream Biscuits, Milk, Baking Powder, Vinegar, Salt, Sevaiiya, Ghee, Dark Chocolate, Malai;nie
Polskie Nalesniki (Polish Pancakes);Dezert;Polish;0;;7;TheMealDB;https://www.themealdb.com/meal/53022;53022;Dessert;Flour, Eggs, Milk, Water, Salt, Sugar, Butter;nie
Portuguese custard tarts;Dezert;Portuguese;0;;12;TheMealDB;https://www.themealdb.com/meal/53046;53046;Dessert;Plain Flour, Icing Sugar, Puff Pastry, Caster Sugar, Lemon Zest, Cinnamon, Eggs, Egg Yolks, Corn Flour, Whole Milk, Vanilla, Cinnamon;nie
Pumpkin Pie;Dezert;United States;0;;11;TheMealDB;https://www.themealdb.com/meal/52857;52857;Dessert;Pumpkin, Shortcrust Pastry, Plain Flour, Caster Sugar, Salt, Nutmeg, Cinnamon, Eggs, Butter, Milk, Icing Sugar;nie
Quark and Rhubarb Pie;Dezert;;0;;12;TheMealDB;https://www.themealdb.com/meal/53574;53574;Dessert;Milk, Yeast, Sugar, Egg, Butter, Salt, Cardamom, Flour, Sweet Quark, Rhubarb, Sugar, Cinnamon;nie
Raspberry mousse;Dezert;Polish;0;;5;TheMealDB;https://www.themealdb.com/meal/53303;53303;Dessert;Gelatine Leafs, Raspberries, Caster Sugar, Lemon, Whipping Cream;nie
Rocky Road Fudge;Dezert;United States;0;;5;TheMealDB;https://www.themealdb.com/meal/52786;52786;Dessert;Miniature Marshmallows, Chocolate Chips, Peanut Butter, Vanilla Extract, Peanuts;nie
Rogaliki (Polish Croissant Cookies);Dezert;Polish;0;;6;TheMealDB;https://www.themealdb.com/meal/53024;53024;Dessert;Butter, Egg Yolks, Cream Cheese, Baking Powder, Flour, Jam;nie
Saskatoon Pie;Dezert;Canadian;0;;14;TheMealDB;https://www.themealdb.com/meal/53337;53337;Dessert;All purpose flour, Salt, Unsalted Butter, Vegetable Shortening, Egg, Vinegar, Water, Saskatoon Berries, Sugar, Sugar, Cornstarch, Unsalted Butter, Egg, Water;nie
Seri muka kuih;Dezert;Malaysian;0;;9;TheMealDB;https://www.themealdb.com/meal/53054;53054;Dessert;Rice, Coconut Milk, Water, Salt, Corn Flour, Flour, Eggs, Coconut Cream, Sugar;nie
Shendetlie Honey and Nut Cake;Dezert;;0;;9;TheMealDB;https://www.themealdb.com/meal/53409;53409;Dessert;Sugar, Eggs, Melted Butter, Flour, Walnuts, Honey, Baking Powder, Sugar, Water;nie
Slagroomtaart;Dezert;;0;;10;TheMealDB;https://www.themealdb.com/meal/53395;53395;Dessert;Eggs, Sugar, vanilla sugar, Flour, Cornstarch, Jam, Nougatine, Whipping Cream, Sugar, Fruit Mix;nie
Spanish fig & almond balls;Dezert;Spanish;0;;8;TheMealDB;https://www.themealdb.com/meal/53163;53163;Dessert;Almonds, Figs, Dried Apricots, Dried cranberries, Brandy, Clear Honey, Cloves, Sesame Seed;nie
Strawberries Romanoff;Dezert;Russian;0;;5;TheMealDB;https://www.themealdb.com/meal/53082;53082;Dessert;Strawberries, Sugar, Grand Marnier, Cream, Sour Cream;nie
Strawberry Rhubarb Pie;Dezert;British;0;;14;TheMealDB;https://www.themealdb.com/meal/53005;53005;Dessert;Flour, Salt, Sugar, Butter, Water, Rhubarb, Strawberries, Cornstarch, Sugar, Cinnamon, Lemon Juice, Unsalted Butter, Milk, Sugar;nie
Sugar Pie;Dezert;Canadian;0;;7;TheMealDB;https://www.themealdb.com/meal/52931;52931;Dessert;Brown Sugar, Butter, Eggs, Vanilla Extract, Salt, Plain Flour, Milk;nie
Summer Pudding;Dezert;British;0;;6;TheMealDB;https://www.themealdb.com/meal/52889;52889;Dessert;Strawberries, Blackberries, Redcurrants, Raspberries, Caster Sugar, Bread;nie
Tamal De Maicena;Dezert;;0;;6;TheMealDB;https://www.themealdb.com/meal/53535;53535;Dessert;Milk, Butter, Sugar, Vanilla, Cornstarch, Eggs;nie
Timbits;Dezert;Canadian;0;;9;TheMealDB;https://www.themealdb.com/meal/52929;52929;Dessert;Flour, Sugar, Baking Powder, Salt, Egg, Milk, Oil, Oil, Icing Sugar;nie
Traditional Dutch rice tart (rijstevlaai);Dezert;;0;;14;TheMealDB;https://www.themealdb.com/meal/53391;53391;Dessert;Flour, Coconut Oil, Vegetable Millk, Yeast, Sugar, Dessert Rice, Sugar, Vegetable Millk, Vanilla Extract, Cardamom, Star Anise, Cinnamon Stick, Baking Powder, Lemon Juice;nie
Tunisian Orange Cake;Dezert;Tunisian;0;;7;TheMealDB;https://www.themealdb.com/meal/52970;52970;Dessert;Orange, Caster Sugar, Olive Oil, Flour, Baking Powder, Eggs, Vanilla Extract;nie
Walnut Roll Gužvara;Dezert;Croatian;0;;13;TheMealDB;https://www.themealdb.com/meal/53062;53062;Dessert;Flour, Caster Sugar, Yeast, Salt, Milk, Eggs, Butter, Walnuts, Butter, Brown Sugar, Cinnamon, Milk, Icing Sugar;nie
Zeeuwse bolussen;Dezert;;0;;11;TheMealDB;https://www.themealdb.com/meal/53394;53394;Dessert;Yeast, Milk, Sugar, Flour, Egg, Unsalted Butter, Salt, Cinnamon, Cardamom, Brown Sugar, Brown Sugar;nie
Æbleskiver;Dezert;Norway;0;;10;TheMealDB;https://www.themealdb.com/meal/53120;53120;Dessert;Flour, Salt, Granulated Sugar, Baking Powder, Cardamom, Egg, Buttermilk, Butter, Powdered Sugar, Raspberry Jam;nie
Šúĺlance s Makom;Dezert;Slovakia;0;;7;TheMealDB;https://www.themealdb.com/meal/53187;53187;Dessert;Potatoes, All purpose flour, Semolina, Salt, Ground Poppy seeds, Powdered Sugar, Butter;nie
Alfajores;Dezert;Argentina;1;karamelizované kondenzované mlieko → Salko varené 3 h vo vode;8;TheMealDB;https://www.themealdb.com/meal/53138;53138;Dessert;All purpose flour, Cornstarch, Butter, Sugar, Egg Yolks, Lemon Zest, Dulce de leche, Desiccated Coconut;nie
Anzac biscuits;Dezert;Australian;1;svetlý invertný sirup → med alebo glukózovo-fruktózový sirup;7;TheMealDB;https://www.themealdb.com/meal/53111;53111;Dessert;Porridge oats, Desiccated Coconut, Plain Flour, Caster Sugar, Butter, Golden Syrup, Bicarbonate Of Soda;nie
Apple Frangipan Tart;Dezert;British;1;celozrnné sušienky → BeBe Dobré ráno alebo Zlaté celozrnné;9;TheMealDB;https://www.themealdb.com/meal/52768;52768;Dessert;digestive biscuits, butter, Bramley apples, Salted Butter, caster sugar, free-range eggs, beaten, ground almonds, almond extract, flaked almonds;nie
Apple cake;Dezert;Netherlands;1;polohrubá múka s kypriacim → hladká múka + prášok do pečiva;9;TheMealDB;https://www.themealdb.com/meal/53380;53380;Dessert;Eggs, Sugar, Self-raising Flour, Melted Butter, Vanilla Extract, Ground Cinnamon, Apples, Salt, Ground Sugar;nie
Apricot & Turkish delight mess;Dezert;Turkish;1;pomarančová voda → kôra z pomaranča;9;TheMealDB;https://www.themealdb.com/meal/53276;53276;Dessert;Mascarpone, Greek Yogurt, Icing Sugar, Orange Blossom Water, Meringue Nests, Apricot, Turkish Delight, Almonds, Mint;nie
Beetroot pancakes;Dezert;Ukrainian;1;polohrubá múka s kypriacim → hladká múka + prášok do pečiva;11;TheMealDB;https://www.themealdb.com/meal/53316;53316;Dessert;Beetroot, Milk, Self-raising Flour, Baking Powder, Maple Syrup, Vanilla Extract, Egg, Butter, Frozen Mixed Berries, Blackcurrant Jam, Greek Yogurt;nie
Blackberry Fool;Dezert;British;1;smotana 48 % → smotana na šľahanie 33 % + 1 PL masla na 100 ml;13;TheMealDB;https://www.themealdb.com/meal/52891;52891;Dessert;Hazlenuts, Butter, Caster Sugar, Lemon, Plain Flour, Baking Powder, Blackberries, Sugar, Caster Sugar, Lemon Juice, Double Cream, Yogurt, Mint;nie
Boterkoek (Dutch Butter Cake);Dezert;Netherlands;1;karamelizované kondenzované mlieko → Salko varené 3 h vo vode;7;TheMealDB;https://www.themealdb.com/meal/53385;53385;Dessert;Butter, Sugar, All purpose flour, Salt, Dulce de leche, Dark Chocolate, Egg;nie
Bread and Butter Pudding;Dezert;British;1;smotana 48 % → smotana na šľahanie 33 % + 1 PL masla na 100 ml;9;TheMealDB;https://www.themealdb.com/meal/52792;52792;Dessert;butter, bread, sultanas, cinnamon, milk, double cream, eggs, sugar, nutmeg;nie
CAFE LA LLAVE ESPRESSO ICE CREAM;Dezert;;1;smotana 36–40 % → smotana na šľahanie 33 %;7;TheMealDB;https://www.themealdb.com/meal/53544;53544;Dessert;Heavy Cream, Milk, Salt, Sugar, Egg Yolks, Vanilla Extract, Cafe La Llave;nie
Cambodian Waffles (Num Poum);Dezert;;1;palmový cukor → kokosový alebo trstinový cukor;6;TheMealDB;https://www.themealdb.com/meal/53420;53420;Dessert;Rice Flour, Wheat Flour, Coconut Milk, Palm Sugar, Eggs, Salt;nie
Canadian Butter Tarts;Dezert;Canadian;1;smotana 18 % → smotana na varenie 10–12 %;8;TheMealDB;https://www.themealdb.com/meal/52923;52923;Dessert;Shortcrust Pastry, Eggs, Muscovado Sugar, Raisins, Vanilla Extract, Butter, Single Cream, Walnuts;nie
Cashew Ghoriba Biscuits;Dezert;Tunisian;1;pomarančová voda → kôra z pomaranča;6;TheMealDB;https://www.themealdb.com/meal/52976;52976;Dessert;Cashew Nuts, Icing Sugar, Egg Yolks, Orange Blossom Water, Icing Sugar, Almonds;nie
Chinon Apple Tarts;Dezert;France;1;créme fraiche → kyslá smotana 16 %;7;TheMealDB;https://www.themealdb.com/meal/52910;52910;Dessert;Puff Pastry, Dark Brown Soft Sugar, Braeburn Apples, Red Wine Jelly, Creme Fraiche, Icing Sugar, Cardamom;nie
Chocolate Coconut Squares;Dezert;Australian;1;polohrubá múka s kypriacim → hladká múka + prášok do pečiva;11;TheMealDB;https://www.themealdb.com/meal/53101;53101;Dessert;Butter, Caster Sugar, Egg, Self-raising Flour, Baking Powder, Cocoa Powder, Milk, Plain Chocolate, Butter, Icing Sugar, Desiccated Coconut;nie
Chocolate alfajores;Dezert;Uruguayan;1;karamelizované kondenzované mlieko → Salko varené 3 h vo vode;13;TheMealDB;https://www.themealdb.com/meal/53320;53320;Dessert;Butter, Sugar, Egg, Honey, All purpose flour, Cornstarch, Unsweetened Cocoa, Baking Powder, Baking Powder, Dulce de leche, Milk Chocolate, Butter, Orange;nie
Chocolate churros with chocolate & salted caramel sauce;Dezert;Spanish;1;smotana 48 % → smotana na šľahanie 33 % + 1 PL masla na 100 ml;13;TheMealDB;https://www.themealdb.com/meal/53170;53170;Dessert;Sunflower Oil, Ice Cream, Muscovado Sugar, Butter, Double Cream, Dark Chocolate, Golden Caster Sugar, Cinnamon, Plain Flour, Cocoa Powder, Baking Powder, Vanilla Extract, Melted Butter;nie
Christmas Pudding Flapjack;Dezert;British;1;svetlý invertný sirup → med alebo glukózovo-fruktózový sirup;6;TheMealDB;https://www.themealdb.com/meal/52788;52788;Dessert;salted butter, dark soft brown sugar, golden syrup, orange, rolled oats, Christmas pudding;nie
Christmas cake;Dezert;British;1;ružová voda → vanilkový extrakt;16;TheMealDB;https://www.themealdb.com/meal/52990;52990;Dessert;Butter, Muscovado Sugar, Plain Flour, Eggs, Ground Almonds, Sherry, Candied Peel, Glace Cherry, Raisins, Currants, Pecan Nuts, Lemon, Mixed Spice, Rose water, Vanilla Extract, Baking Powder;nie
Crema Catalana;Dezert;Spanish;1;smotana 48 % → smotana na šľahanie 33 % + 1 PL masla na 100 ml;9;TheMealDB;https://www.themealdb.com/meal/53148;53148;Dessert;Milk, Double Cream, Cinnamon Stick, Orange Zest, Lemon Zest, Egg Yolks, Caster Sugar, Caster Sugar, Corn Flour;nie
Dulce de Leche Cheesecake with a Maria Cookie Crust.;Dezert;;1;karamelizované kondenzované mlieko → Salko varené 3 h vo vode;8;TheMealDB;https://www.themealdb.com/meal/53543;53543;Dessert;Maria Cookies, Unsalted Butter, Cream Cheese, Cream Cheese, Sweetened Condensed Milk, Eggs, Vanilla Extract, Dulce de leche;nie
Dutch Spiced Breakfast Cake (Ontbijtkoek);Dezert;Netherlands;1;polohrubá múka s kypriacim → hladká múka + prášok do pečiva;8;TheMealDB;https://www.themealdb.com/meal/53387;53387;Dessert;Self-raising Flour, Dark Brown Soft Sugar, Milk, Sugar, Ginger, Cardamom, Baking Powder, Salt;nie
Eton Mess;Dezert;British;1;smotana 48 % → smotana na šľahanie 33 % + 1 PL masla na 100 ml;5;TheMealDB;https://www.themealdb.com/meal/52791;52791;Dessert;strawberries, double cream, meringue nests, ginger cordial, Mint;nie
Figgy Duff;Dezert;Canadian;1;melasa → tmavý trstinový sirup;10;TheMealDB;https://www.themealdb.com/meal/53342;53342;Dessert;All purpose flour, Brown Sugar, Baking Powder, Ginger, Allspice, Cinnamon, Raisins, Melted Butter, Molasses, Water;nie
Firni;Dezert;;1;ružová voda → vanilkový extrakt;7;TheMealDB;https://www.themealdb.com/meal/53399;53399;Dessert;Whole Milk, Cornstarch, Sugar, Ground Cardomom, Rose water, Almonds, Pistachio;nie
Gevulde speculaas;Dezert;Netherlands;1;polohrubá múka s kypriacim → hladká múka + prášok do pečiva;10;TheMealDB;https://www.themealdb.com/meal/53381;53381;Dessert;Self-raising Flour, Brown Sugar, Speculaas Spice Mix, Salt, Butter, Milk, Almond Paste, Egg, Milk, Almonds;nie
Grape Nut Ice Cream;Dezert;Jamaican;1;smotana 36–40 % → smotana na šľahanie 33 %;4;TheMealDB;https://www.themealdb.com/meal/53346;53346;Dessert;Heavy Cream, Condensed Milk, Vanilla Extract, Grape Nut Cereal;nie
Honey Yogurt Cheesecake;Dezert;Greek;1;celozrnné sušienky → BeBe Dobré ráno alebo Zlaté celozrnné;10;TheMealDB;https://www.themealdb.com/meal/53007;53007;Dessert;Digestive Biscuits, Almonds, Butter, Greek Yogurt, Mascarpone, Eggs, Lemon, Orange, Honey, Fruit Mix;nie
Hot Chocolate Fudge;Dezert;United States;1;smotana 36–40 % → smotana na šľahanie 33 %;6;TheMealDB;https://www.themealdb.com/meal/52787;52787;Dessert;Chocolate Chips, Heavy Cream, Condensed Milk, Vanilla Extract, White Chocolate Chips, Miniature Marshmallows;nie
Jam jam cookies;Dezert;Canadian;1;melasa → tmavý trstinový sirup;12;TheMealDB;https://www.themealdb.com/meal/53339;53339;Dessert;Egg, Butter, Sugar, Molasses, Vanilla, Baking Powder, Water, Baking Powder, Cinnamon, Salt, Flour, Jam;nie
Jamaican Spice Bun Recipe;Dezert;Jamaican;1;melasa → tmavý trstinový sirup;16;TheMealDB;https://www.themealdb.com/meal/53348;53348;Dessert;All purpose flour, Baking Powder, Ground Cinnamon, Salt, Egg, Brown Sugar, Beer, Milk, Honey, Unsalted Butter, Molasses, Caramelized Sugar Sauce, Vanilla Extract, Dried cranberries, Raisins, Dried Cherries;nie
Knafeh;Dezert;Saudi Arabian;1;ružová voda → vanilkový extrakt;12;TheMealDB;https://www.themealdb.com/meal/53216;53216;Dessert;Knafeh, Unsalted Butter, Yellow Food Colouring, Mozzarella, Cream Cheese, Milk, Sugar, Corn Flour, Sugar, Water, Rose water, Lemon Juice;nie
Layered mango custard;Dezert;;1;vanilkový krém → vanilkový puding Dr. Oetker uvarený hustejšie;11;TheMealDB;https://www.themealdb.com/meal/53570;53570;Dessert;Custard, Whipping Cream, Milk, Sugar, Water, Vanilla Extract, Mint, Mango, Mango, Water, Sugar;nie
Madeira Cake;Dezert;British;1;polohrubá múka s kypriacim → hladká múka + prášok do pečiva;7;TheMealDB;https://www.themealdb.com/meal/52900;52900;Dessert;Butter, Caster Sugar, Eggs, Self-raising Flour, Milk, Lemon, Mixed Peel;nie
Mazariner – Scandinavian Almond Tartlets;Dezert;Norway;1;smotana 36–40 % → smotana na šľahanie 33 %;14;TheMealDB;https://www.themealdb.com/meal/53132;53132;Dessert;Flour, Powdered Sugar, Butter, Egg, Egg, Powdered Sugar, Butter, Vanilla Extract, Flour, Almond Flour, Almond Extract, Powdered Sugar, Heavy Cream, Almond Extract;nie
No-Churn Rum Raisin Ice Cream;Dezert;Jamaican;1;smotana 36–40 % → smotana na šľahanie 33 %;9;TheMealDB;https://www.themealdb.com/meal/53347;53347;Dessert;Dark Rum, Raisins, Vanilla Extract, Condensed Milk, Brown Sugar, Ground Cinnamon, Allspice, Heavy Cream, Salt;nie
Old-fashioned Danish Apple Trifle;Dezert;;1;smotana 48 % → smotana na šľahanie 33 % + 1 PL masla na 100 ml;9;TheMealDB;https://www.themealdb.com/meal/53551;53551;Dessert;Cooking Apples, Water, Vanilla Powder, Lemon Juice, Sugar, Butter, Breadcrumbs, Sugar, Double Cream;nie
Peach & Blueberry Grunt;Dezert;United States;1;polohrubá múka s kypriacim → hladká múka + prášok do pečiva;11;TheMealDB;https://www.themealdb.com/meal/52862;52862;Dessert;Corn Flour, Orange, Orange, Caster Sugar, Peaches, Blueberries, Self-raising Flour, Butter, Muscovado Sugar, Cinnamon, Milk;nie
Pistachio cake;Dezert;Polish;1;smotana 48 % → smotana na šľahanie 33 % + 1 PL masla na 100 ml;13;TheMealDB;https://www.themealdb.com/meal/53293;53293;Dessert;Butter, Pistachio, Plain Flour, Baking Powder, Caster Sugar, Egg, Vanilla Extract, Icing Sugar, Mascarpone, Double Cream, Pistachio Paste, Raspberries, Unwaxed Lime;nie
Polish chocolate & walnut cake;Dezert;Polish;1;smotana 48 % → smotana na šľahanie 33 % + 1 PL masla na 100 ml;11;TheMealDB;https://www.themealdb.com/meal/53295;53295;Dessert;Plain Flour, Coco Sugar, Egg, Caster Sugar, Egg White, Caster Sugar, Walnuts, Plain Flour, Potato Starch, Double Cream, Chocolate Chips;nie
Polish doughnuts (Pączki);Dezert;Polish;1;smotana 48 % → smotana na šľahanie 33 % + 1 PL masla na 100 ml;18;TheMealDB;https://www.themealdb.com/meal/53298;53298;Dessert;Yeast, Caster Sugar, Flour, Milk, Egg Yolks, Sugar, Caster Sugar, Vanilla Extract, Flour, Double Cream, Butter, Jam, Ground Almonds, Oil, Icing Sugar, Lemon, Almond Essence, Almonds;nie
Pouding chomeur;Dezert;Canadian;1;smotana 18 % → smotana na varenie 10–12 %;11;TheMealDB;https://www.themealdb.com/meal/52932;52932;Dessert;Butter, Sugar, Eggs, Vanilla Extract, Flour, Baking Powder, Milk, Maple Syrup, Brown Sugar, Single Cream, Butter;nie
Rock Cakes;Dezert;British;1;polohrubá múka s kypriacim → hladká múka + prášok do pečiva;8;TheMealDB;https://www.themealdb.com/meal/52901;52901;Dessert;Self-raising Flour, Caster Sugar, Baking Powder, Butter, Dried Fruit, Eggs, Milk, Vanilla Extract;nie
Strawberry tart;Dezert;;1;smotana 48 % → smotana na šľahanie 33 % + 1 PL masla na 100 ml;14;TheMealDB;https://www.themealdb.com/meal/53550;53550;Dessert;Marzipan, Sugar, Butter, Eggs, All purpose flour, Dark Chocolate, vanilla sugar, Egg Yolks, Sugar, Cornstarch, Milk, Double Cream, Strawberries, Mint;nie
Suksessterte (Norwegian almond “success cake”);Dezert;Norway;1;smotana 36–40 % → smotana na šľahanie 33 %;10;TheMealDB;https://www.themealdb.com/meal/53130;53130;Dessert;Almonds, Egg, Granulated Sugar, Flour, Baking Powder, Egg Yolks, Heavy Cream, Granulated Sugar, Vanilla Extract, Butter;nie
Tall Skoleboller;Dezert;Norway;1;vanilkový lusk → vanilkový extrakt;15;TheMealDB;https://www.themealdb.com/meal/53119;53119;Dessert;Milk, Instant Yeast, Granulated Sugar, Cardamom, Vanilla Extract, Flour, Butter, Milk, Granulated Sugar, Egg Yolks, Cornstarch, vanilla pod, Powdered Sugar, Water, Shredded Coconut;nie
Tarte Tatin;Dezert;France;1;créme fraiche → kyslá smotana 16 %;6;TheMealDB;https://www.themealdb.com/meal/52909;52909;Dessert;Puff Pastry, Plain Flour, Braeburn Apples, Caster Sugar, Butter, Creme Fraiche;nie
Treacle Tart;Dezert;British;1;svetlý invertný sirup → med alebo glukózovo-fruktózový sirup;6;TheMealDB;https://www.themealdb.com/meal/52892;52892;Dessert;Plain Flour, Butter, Golden Syrup, Breadcrumbs, Lemons, Eggs;nie
Walnut, date & honey cake;Dezert;Turkish;1;polohrubá múka s kypriacim → hladká múka + prášok do pečiva;9;TheMealDB;https://www.themealdb.com/meal/53271;53271;Dessert;Self-raising Flour, Ground Cinnamon, Butter, Muscovado Sugar, Clear Honey, Egg, Banana, Stoned Dates, Walnuts;nie
White chocolate creme brulee;Dezert;France;1;smotana 48 % → smotana na šľahanie 33 % + 1 PL masla na 100 ml;6;TheMealDB;https://www.themealdb.com/meal/52917;52917;Dessert;Double Cream, White Chocolate Chips, Vanilla, Egg Yolks, Caster Sugar, Caster Sugar;nie
Battenberg Cake;Dezert;British;2;polohrubá múka s kypriacim → hladká múka + prášok do pečiva | polohrubá múka s kypriacim → hladká múka + prášok do pečiva;20;TheMealDB;https://www.themealdb.com/meal/52894;52894;Dessert;Butter, Caster Sugar, Self-raising Flour, Almonds, Baking Powder, Eggs, Vanilla Extract, Almond Extract, Butter, Caster Sugar, Self-raising Flour, Almonds, Baking Powder, Eggs, Vanilla Extract, Almond Extract, Pink Food Colouring, Apricot, Marzipan, Icing Sugar;nie
Christmas Pudding Trifle;Dezert;British;2;vanilkový krém → vanilkový puding Dr. Oetker uvarený hustejšie | smotana 48 % → smotana na šľahanie 33 % + 1 PL masla na 100 ml;9;TheMealDB;https://www.themealdb.com/meal/52989;52989;Dessert;Orange, Demerara Sugar, Grand Marnier, Christmas Pudding, Custard, Mascarpone, Double Cream, Flaked Almonds, Dark Chocolate;nie
Churros;Dezert;Spanish;2;smotana 48 % → smotana na šľahanie 33 % + 1 PL masla na 100 ml | svetlý invertný sirup → med alebo glukózovo-fruktózový sirup;13;TheMealDB;https://www.themealdb.com/meal/53153;53153;Dessert;Butter, Vanilla Extract, Plain Flour, Baking Powder, Sunflower Oil, Bread, Dark Chocolate, Double Cream, Milk, Golden Syrup, Vanilla Extract, Caster Sugar, Cinnamon;nie
Cornes de Gazelle (Gazelle Horns);Dezert;Algerian;2;pomarančová voda → kôra z pomaranča | pomarančová voda → kôra z pomaranča;13;TheMealDB;https://www.themealdb.com/meal/53291;53291;Dessert;Almonds, Sugar, Sugar, Ground Cinnamon, Egg, Orange Blossom Water, All purpose flour, Unsalted Butter, Salt, Egg, Vegetable Oil, Orange Blossom Water, Pistachio;nie
Flan;Dezert;Uruguayan;2;vanilkový lusk → vanilkový extrakt | karamelizované kondenzované mlieko → Salko varené 3 h vo vode;7;TheMealDB;https://www.themealdb.com/meal/53322;53322;Dessert;Sugar, Milk, Sugar, vanilla pod, Egg Yolks, Egg, Dulce de leche;nie
Key Lime Pie;Dezert;United States;2;celozrnné sušienky → BeBe Dobré ráno alebo Zlaté celozrnné | smotana 48 % → smotana na šľahanie 33 % + 1 PL masla na 100 ml;8;TheMealDB;https://www.themealdb.com/meal/52859;52859;Dessert;Digestive Biscuits, Butter, Condensed Milk, Egg Yolks, Lime, Double Cream, Icing Sugar, Lime;nie
Kvæfjord Cake “Verdens Beste” (World’s Best Cake);Dezert;Norway;2;smotana 36–40 % → smotana na šľahanie 33 % | vanilkový lusk → vanilkový extrakt;16;TheMealDB;https://www.themealdb.com/meal/53128;53128;Dessert;Egg Yolks, Cornstarch, Granulated Sugar, Heavy Cream, Milk, vanilla pod, Butter, Granulated Sugar, Egg Yolks, Flour, Baking Powder, Milk, Egg White, Granulated Sugar, Almonds, Whipping Cream;nie
Lamingtons;Dezert;Australian;2;polohrubá múka s kypriacim → hladká múka + prášok do pečiva | smotana 48 % → smotana na šľahanie 33 % + 1 PL masla na 100 ml;14;TheMealDB;https://www.themealdb.com/meal/53104;53104;Dessert;Salted Butter, Golden Caster Sugar, Egg, Self-raising Flour, Milk, Salt, Double Cream, Icing Sugar, Raspberry Jam, Desiccated Coconut, Unsalted Butter, Milk, Cocoa Powder, Icing Sugar;nie
Peanut Butter Cheesecake;Dezert;United States;2;svetlý invertný sirup → med alebo glukózovo-fruktózový sirup | smotana 48 % → smotana na šľahanie 33 % + 1 PL masla na 100 ml;10;TheMealDB;https://www.themealdb.com/meal/52861;52861;Dessert;Butter, Peanut Cookies, Gelatine Leafs, Ricotta, Peanut Butter, Golden Syrup, Milk, Double Cream, Light Brown Soft Sugar, Peanut Brittle;nie
Piernik (Polish gingerbread);Dezert;Polish;2;polohrubá múka s kypriacim → hladká múka + prášok do pečiva | smotana 48 % → smotana na šľahanie 33 % + 1 PL masla na 100 ml;14;TheMealDB;https://www.themealdb.com/meal/53292;53292;Dessert;Unsalted Butter, Clear Honey, Brown Sugar, Self-raising Flour, Ground Ginger, Ground Cinnamon, Ground Clove, Ground Nutmeg, Pepper, Egg, Plum Jam, Double Cream, Dark Chocolate, Clear Honey;nie
Postre Chajá;Dezert;Uruguayan;2;karamelizované kondenzované mlieko → Salko varené 3 h vo vode | smotana 36–40 % → smotana na šľahanie 33 %;14;TheMealDB;https://www.themealdb.com/meal/53323;53323;Dessert;Egg, Sugar, Salt, All purpose flour, Cornstarch, Egg White, Sugar, Dulce de leche, Heavy Cream, Vanilla Extract, Sugar, Peaches, Peach Juice, Cornstarch;nie
Salted Caramel Cheescake;Dezert;United States;2;celozrnné sušienky → BeBe Dobré ráno alebo Zlaté celozrnné | smotana 48 % → smotana na šľahanie 33 % + 1 PL masla na 100 ml;12;TheMealDB;https://www.themealdb.com/meal/52833;52833;Dessert;Digestive Biscuits, Pretzels, Butter, Cream Cheese, Vanilla Extract, Icing Sugar, Caramel, Sea Salt, Double Cream, Caramel Sauce, Toffee Popcorn, Pretzels;nie
Vanilla alfajores;Dezert;Uruguayan;2;karamelizované kondenzované mlieko → Salko varené 3 h vo vode | karamelizované kondenzované mlieko → Salko varené 3 h vo vode;12;TheMealDB;https://www.themealdb.com/meal/53321;53321;Dessert;Dulce de leche, Coconut Flakes, Butter, Sugar, Egg, Egg Yolks, Cornstarch, All purpose flour, Baking Powder, Vanilla Extract, Dulce de leche, Coconut Flakes;nie
Chocolate Souffle;Dezert;France;3;smotana 18 % → smotana na varenie 10–12 % | smotana 48 % → smotana na šľahanie 33 % + 1 PL masla na 100 ml | smotana 48 % → smotana na šľahanie 33 % + 1 PL masla na 100 ml;12;TheMealDB;https://www.themealdb.com/meal/52905;52905;Dessert;Single Cream, Caster Sugar, Dark Chocolate, Butter, Butter, Caster Sugar, Dark Chocolate, Double Cream, Egg Yolks, Egg White, Double Cream, Icing Sugar;nie
Dziriat (Algerian Almond Tarts);Dezert;Algerian;3;pomarančová voda → kôra z pomaranča | pomarančová voda → kôra z pomaranča | pomarančová voda → kôra z pomaranča;19;TheMealDB;https://www.themealdb.com/meal/53285;53285;Dessert;Sugar, Water, Lemon Juice, Orange Blossom Water, All purpose flour, Vegetable Oil, Egg, Lemon Juice, Salt, Orange Blossom Water, Almonds, Sugar, Egg, Baking Powder, Vanilla, Lemon, Orange Blossom Water, Cornstarch, Pine Nuts;nie
Jam Roly-Poly;Dezert;British;3;polohrubá múka s kypriacim → hladká múka + prášok do pečiva | hovädzí loj → stuhnuté maslo nastrúhané na hrubo, alebo Hera | vanilkový krém → vanilkový puding Dr. Oetker uvarený hustejšie;7;TheMealDB;https://www.themealdb.com/meal/52890;52890;Dessert;Butter, Self-raising Flour, Vanilla, Suet, Milk, Raspberry Jam, Custard;nie
Nanaimo Bars;Dezert;Canadian;3;vanilkový krém → vanilkový puding Dr. Oetker uvarený hustejšie | celozrnné sušienky → BeBe Dobré ráno alebo Zlaté celozrnné | smotana 48 % → smotana na šľahanie 33 % + 1 PL masla na 100 ml;13;TheMealDB;https://www.themealdb.com/meal/52924;52924;Dessert;Custard, Caster Sugar, Cocoa, Egg, Digestive Biscuits, Desiccated Coconut, Almonds, Butter, Double Cream, Custard Powder, Icing Sugar, Dark Chocolate, Butter;nie
Parkin Cake;Dezert;British;3;svetlý invertný sirup → med alebo glukózovo-fruktózový sirup | melasa → tmavý trstinový sirup alebo melasa z bio predajne | polohrubá múka s kypriacim → hladká múka + prášok do pečiva;9;TheMealDB;https://www.themealdb.com/meal/52902;52902;Dessert;Butter, Egg, Milk, Golden Syrup, Black Treacle, Brown Sugar, Oatmeal, Self-raising Flour, Ground Ginger;nie
Spotted Dick;Dezert;British;3;polohrubá múka s kypriacim → hladká múka + prášok do pečiva | hovädzí loj → stuhnuté maslo nastrúhané na hrubo, alebo Hera | vanilkový krém → vanilkový puding Dr. Oetker uvarený hustejšie;9;TheMealDB;https://www.themealdb.com/meal/52886;52886;Dessert;Self-raising Flour, Salt, Suet, Currants, Caster Sugar, Lemon, Orange, Milk, Custard;nie
Sticky Toffee Pudding Ultimate;Dezert;British;4;polohrubá múka s kypriacim → hladká múka + prášok do pečiva | melasa → tmavý trstinový sirup alebo melasa z bio predajne | smotana 48 % → smotana na šľahanie 33 % + 1 PL masla na 100 ml | melasa → tmavý trstinový sirup alebo melasa z bio predajne;15;TheMealDB;https://www.themealdb.com/meal/52793;52793;Dessert;Medjool dates, water, vanilla extract, self-raising flour, bicarbonate of soda, eggs, butter, demerara sugar, black treacle, milk, ice cream, muscovado sugar, butter, double cream, black treacle;nie
Sticky Toffee Pudding;Dezert;British;5;polohrubá múka s kypriacim → hladká múka + prášok do pečiva | melasa → tmavý trstinový sirup alebo melasa z bio predajne | smotana 48 % → smotana na šľahanie 33 % + 1 PL masla na 100 ml | melasa → tmavý trstinový sirup alebo melasa z bio predajne | smotana 48 % → smotana na šľahanie 33 % + 1 PL masla na 100 ml;14;TheMealDB;https://www.themealdb.com/meal/52883;52883;Dessert;Butter, Muscovado Sugar, Eggs, Self-raising Flour, Baking Powder, Bicarbonate Of Soda, Black Treacle, Milk, Double Cream, Butter, Muscovado Sugar, Black Treacle, Double Cream, Vanilla Extract;nie
