id;nazov;kategoria;verdikt;dovod;navrh_nahrady
4-x-fazula;4 x fazuľa;Polievka;VYHODIT;"Názov nie je jedlo (začína počítadlom): ""4 x fazuľa""";
adzuki-salat;Adzuki šalát;Šalát;VYHODIT;2 surovín s výskytom najviac 2× v celej DB: 'Fazuľa adzuki', 'Čierne mleté korenien';
ajapsandali-s-masovymi-gulockami;Ajapsandali s mäsovými guľôčkami;Hlavné jedlo;PONECHAT;Bez medzinárodnej predlohy, použiteľný postup (3 krokov / 803 znakov, 16 % ingrediencií bez množstva);
americke-cookies-plnene-nutellou;Americké cookies plnené Nutellou;Snack;PONECHAT;Bez medzinárodnej predlohy, použiteľný postup (8 krokov / 975 znakov, 0 % ingrediencií bez množstva);
ananasovy-nakyp;Ananásový nákyp;Cestoviny;VYHODIT;2 surovín s výskytom najviac 2× v celej DB: 'Široké rezance', 'Kandizované čerešne';
anglicke-velkonocne-judasky;Anglické veľkonočné judášky;Raňajky;VYHODIT;3 surovín s výskytom najviac 2× v celej DB: 'Roztopený med', 'Kôra citrónová a pomarančová', 'Zmes korenia mletého kardamónu';
apple-galette;Apple Galette;Snack;PONECHAT;Bez medzinárodnej predlohy, použiteľný postup (7 krokov / 2141 znakov, 17 % ingrediencií bez množstva);
argentinska-pochutka;Argentínska pochúťka;Hlavné jedlo;VYHODIT;"Názov nie je jedlo (marketingové slovo namiesto jedla): ""Argentínska pochúťka""";
avokadova-natierka-s-limetkou;Avokádová nátierka s limetkou;Nátierka;PONECHAT;Bez medzinárodnej predlohy, použiteľný postup (3 krokov / 524 znakov, 29 % ingrediencií bez množstva);
avokadovo-bananovy-jogurt-na-ranajkovu-pohodu;Avokádovo-banánový jogurt na raňajkovú pohodu;Raňajky;PONECHAT;Bez medzinárodnej predlohy, použiteľný postup (4 krokov / 334 znakov, 29 % ingrediencií bez množstva);
avokadovo-cicerova-natierka;Avokádovo-cícerová nátierka;Nátierka;PONECHAT;Bez medzinárodnej predlohy, použiteľný postup (6 krokov / 593 znakov, 25 % ingrediencií bez množstva);
avokadovo-uhorkova-natierka;Avokádovo-uhorková nátierka;Nátierka;VYHODIT;44 % ingrediencií (4/9) bez množstva – plánovač neurčí výživu ani nákup;
avokadovo-vajickovy-salat-na-ranajky;Avokádovo-vaječný šalát na raňajky;Raňajky;VYHODIT;"Slabý postup (4 krokov, 293 znakov; medián DB je 689)";
avokadovy-dip;Avokádový dip;Raňajky;VYHODIT;"Slabý postup (3 krokov, 140 znakov; medián DB je 689); 40 % ingrediencií (2/5) bez množstva – plánovač neurčí výživu ani nákup";
avokadovy-salat-s-krevetami;Avokádový šalát s krevetami;Šalát;VYHODIT;"38 % ingrediencií (5/13) bez množstva – plánovač neurčí výživu ani nákup; 3 surovín s výskytom najviac 2× v celej DB: 'Lúpané pražené tekvicové jadierka', 'Mango sweet chilli souce', 'Klasické maslo'";
avokadovy-salat-s-kuracim-masom;Avokádový šalát s kuracím mäsom;Šalát;VYHODIT;2 surovín s výskytom najviac 2× v celej DB: 'Friseé šalát', 'Čili paprička veľká';
azijske-kurca-s-kesu-orieskami;Ázijské kurča s kešu orieškami;Hlavné jedlo;PONECHAT;Bez medzinárodnej predlohy, použiteľný postup (3 krokov / 662 znakov, 0 % ingrediencií bez množstva);
azijske-rezance-s-tofu;Ázijské rezance s tofu;Cestoviny;PONECHAT;Bez medzinárodnej predlohy, použiteľný postup (5 krokov / 880 znakov, 7 % ingrediencií bez množstva);
azijsky-cestovinovy-salat-s-arasidovou-omackou;Ázijský cestovinový šalát s arašidovou omáčkou;Cestoviny;PONECHAT;Bez medzinárodnej predlohy, použiteľný postup (3 krokov / 321 znakov, 20 % ingrediencií bez množstva);
azijsky-kuraci-salat;Ázijský kurací šalát;Šalát;VYHODIT;3 surovín s výskytom najviac 2× v celej DB: 'Kukurica klásková v sladko-kyslom náleve', 'Sójové klíčky sterilizované', 'Oranžová paprika';
aztecka-polievka-sopa-azteca;Aztécka polievka (Sopa Azteca);Polievka;VYHODIT;3 surovín s výskytom najviac 2× v celej DB: 'Kukuričná tortilla', 'Chile pasilla', 'Epazote';
babovka-mravenisko;Bábovka Mravenisko;Raňajky;VYHODIT;3 surovín s výskytom najviac 2× v celej DB: 'Čokoládová ryža', 'Čokoládová ryža', 'Ryža čokoládová biela';
babovka-s-mascarpone;Bábovka s mascarpone;Raňajky;PONECHAT;Bez medzinárodnej predlohy, použiteľný postup (8 krokov / 595 znakov, 12 % ingrediencií bez množstva);
babovka-z-mleteho-masa;Bábovka z mletého mäsa;Hlavné jedlo;PONECHAT;Bez medzinárodnej predlohy, použiteľný postup (6 krokov / 423 znakov, 23 % ingrediencií bez množstva);
babovka-zo-spaldovej-muky-s-cucoriedkami;Bábovka zo špaldovej múky s čučoriedkami;Snack;VYHODIT;"Slabý postup (3 krokov, 255 znakov; medián DB je 689)";
babovka;Bábovka;Snack;PONECHAT;Bez medzinárodnej predlohy, použiteľný postup (3 krokov / 489 znakov, 20 % ingrediencií bez množstva);
babsky-gulas;Babský guláš;Polievka;VYHODIT;4 surovín s výskytom najviac 2× v celej DB: 'Bravčové plece', 'Gulášové korenie', 'Masox';
baby-hokkaido-polievka;Baby Hokkaido polievka;Polievka;PONECHAT;Bez medzinárodnej predlohy, použiteľný postup (3 krokov / 1306 znakov, 0 % ingrediencií bez množstva);
baby-zemiakova-polievka;Baby zemiaková polievka;Polievka;PONECHAT;Bez medzinárodnej predlohy, použiteľný postup (3 krokov / 1187 znakov, 0 % ingrediencií bez množstva);
badambura;Badambura;Raňajky;PONECHAT;Bez medzinárodnej predlohy, použiteľný postup (9 krokov / 1550 znakov, 0 % ingrediencií bez množstva);
bageta-ostiepok;Bageta s oštiepkom a paradajkami;Raňajky;PONECHAT;Bez medzinárodnej predlohy, použiteľný postup (9 krokov / 927 znakov, 29 % ingrediencií bez množstva);
bageta-s-makom;Bageta s makom;Pečivo;VYHODIT;"Duplicita: identický postup aj sada ingrediencií ako ""Bageta s oštiepkom a paradajkami"" (id=bageta-ostiepok), ktorý zostáva (dlhší postup / úplnejšie dáta)";
bageta-vo-vajicku-so-sampinonmi;Bageta vo vajíčku so šampiňónmi;Raňajky;PONECHAT;Bez medzinárodnej predlohy, použiteľný postup (5 krokov / 389 znakov, 14 % ingrediencií bez množstva);
bagety-s-bylinkami;Bagety s bylinkami;Pečivo;VYHODIT;"Duplicita: identický postup aj sada ingrediencií ako ""Bageta s oštiepkom a paradajkami"" (id=bageta-ostiepok), ktorý zostáva (dlhší postup / úplnejšie dáta)";
baklazanova-natierka-baba-ghanoush-fotorecept;Baklažánová nátierka - Baba Ghanoush /fotorecept/;Raňajky;VYHODIT;3 surovín s výskytom najviac 2× v celej DB: 'Tahini pasta', 'Lístky chilly papričky sušenej', 'Olivový olej extra virgin';
baklazanova-pasteta-s-fetou;Baklažánová paštéta s Fetou;Nátierka;PONECHAT;Bez medzinárodnej predlohy, použiteľný postup (3 krokov / 883 znakov, 33 % ingrediencií bez množstva);
baklazanove-lasagne;Baklažánové lasagne;Hlavné jedlo;NAHRADIT;"Rozmarný variant medzinárodného jedla: ""Baklažánové lasagne""";Classic Lasagne (BBC Good Food)
baklazany-ako-hriby;Baklažány ako hríby;Raňajky;PONECHAT;Bez medzinárodnej predlohy, použiteľný postup (4 krokov / 607 znakov, 33 % ingrediencií bez množstva);
bananove-brownies-bez-muky-s-jahodovym-kremom;Banánové brownies bez múky s jahodovým krémom;Dezert;NAHRADIT;"Rozmarný variant medzinárodného jedla: ""Banánové brownies bez múky s jahodovým krémom""";Chocolate Brownies (BBC Good Food)
bananove-palacinkove-kusky;Banánové palacinkové kúsky (mini pancake bites);Snack;NAHRADIT;"Rozmarný variant medzinárodného jedla: ""Banánové palacinkové kúsky (mini pancake bites)""";Pancakes (BBC Good Food)
bananove-palacinky-lievance;Banánové palacinky - lievance;Snack;NAHRADIT;"Rozmarný variant medzinárodného jedla: ""Banánové palacinky - lievance""";Pancakes (BBC Good Food)
bananovo-arasidove-smoothie;Banánovo-arašidové smoothie;Nápoj;NAHRADIT;"Rozmarný variant medzinárodného jedla: ""Banánovo-arašidové smoothie"" + nepoužiteľný postup (1 krokov, 103 znakov)";Fruit Smoothie (BBC Good Food)
bananovo-makovy-bez-muky;Banánovo-makový, bez múky;Snack;PONECHAT;Bez medzinárodnej predlohy, použiteľný postup (7 krokov / 516 znakov, 14 % ingrediencií bez množstva);
bananovo-medovy-chlebik-s-orechami;Banánovo-medový chlebík s orechami;Raňajky;VYHODIT;3 surovín s výskytom najviac 2× v celej DB: 'Múka celozrna', 'Zrelé banány', 'Sekané orechy';
bananovo-orechove-ovalky-v-cokolade;Banánovo-orechové oválky v čokoláde;Dezert;PONECHAT;Bez medzinárodnej predlohy, použiteľný postup (3 krokov / 624 znakov, 17 % ingrediencií bez množstva);
bananovy-chlebik;Banánový chlebík;Dezert;PONECHAT;Bez medzinárodnej predlohy, použiteľný postup (3 krokov / 353 znakov, 0 % ingrediencií bez množstva);
bananovy-napoj;Banánový nápoj;Nápoj;VYHODIT;"Slabý postup (1 krokov, 171 znakov; medián DB je 689); 40 % ingrediencií (2/5) bez množstva – plánovač neurčí výživu ani nákup";
basmati-ryza-s-bylinkami;Basmati ryža s bylinkami;Príloha;PONECHAT;Bez medzinárodnej predlohy, použiteľný postup (6 krokov / 369 znakov, 12 % ingrediencií bez množstva);
bazalkova-limonada;Bazalková limonáda;Nápoj;PONECHAT;Bez medzinárodnej predlohy, použiteľný postup (4 krokov / 314 znakov, 25 % ingrediencií bez množstva);
bazantie-prsia-s-cviklovymi-rezancami;Bažantie prsia s cviklovými rezancami;Hlavné jedlo;PONECHAT;Bez medzinárodnej predlohy, použiteľný postup (3 krokov / 564 znakov, 25 % ingrediencií bez množstva);
bebe-keksovy-zakusok;BeBe keksový zákusok;Dezert;PONECHAT;Bez medzinárodnej predlohy, použiteľný postup (8 krokov / 571 znakov, 11 % ingrediencií bez množstva);
bezlepkove-kvaskove-briosky;Bezlepkové kváskové briošky;Pečivo;VYHODIT;3 surovín s výskytom najviac 2× v celej DB: 'Bread mix white', 'Bakery mix Liana', 'Vanilínový cukor Liana';
bezlepkove-lievance-s-javorovym-sirupom;Bezlepkové lievance s javorovým sirupom;Raňajky;VYHODIT;38 % ingrediencií (3/8) bez množstva – plánovač neurčí výživu ani nákup;
bezlepkove-makove-rozky;Bezlepkové makové rožky;Raňajky;VYHODIT;2 surovín s výskytom najviac 2× v celej DB: 'Múka bezlepková Promix Alfa Novalim', 'Tapiokový škrob';
bezlepkove-makovky;Bezlepkové makovky;Pečivo;PONECHAT;Bez medzinárodnej predlohy, použiteľný postup (8 krokov / 771 znakov, 18 % ingrediencií bez množstva);
bezlepkove-pernicky-s-naplnou-v-cokoladovej-poleve;Bezlepkové perníčky s náplňou v čokoládovej poleve;Dezert;PONECHAT;Bez medzinárodnej predlohy, použiteľný postup (4 krokov / 672 znakov, 25 % ingrediencií bez množstva);
bezlepkove-rozky-na-pripravu-hotdogov;Bezlepkové rožky na prípravu hotdogov;Pečivo;VYHODIT;2 surovín s výskytom najviac 2× v celej DB: 'Múka bezgluténová Promix ALFA', 'Tapiokový škrob';
bezlepkove-tvarohove-omeletky-s-ovocim;Bezlepkové tvarohové omeletky s ovocím;Dezert;NAHRADIT;"Rozmarný variant medzinárodného jedla: ""Bezlepkové tvarohové omeletky s ovocím"" + 40 % ingrediencií (4/10) bez množstva – plánovač neurčí výživu ani nákup; 2 surovín s výskytom najviac 2× v celej DB: 'Múka bezlepková Promix UNI', 'Krémový jemný tvaroh'";Omelette (BBC Good Food)
bezlepkovy-chlieb-na-palicke;Bezlepkový chlieb na paličke;Pečivo;VYHODIT;2 surovín s výskytom najviac 2× v celej DB: 'Múka bezgluténová Promix FORTE', 'Kefír';
bezlepkovy-chlieb-s-jogurtom;Bezlepkový chlieb s jogurtom;Pečivo;VYHODIT;3 surovín s výskytom najviac 2× v celej DB: 'Bread mix white Liana', 'Bread mix dark', 'Múka ryžová Liana';
bezlepkovy-kvaskovy-chlebik;Bezlepkový kváskový chlebík;Raňajky;VYHODIT;4 surovín s výskytom najviac 2× v celej DB: 'Bezlepkový kvások', 'Voda minerálna perlivá', 'Celé predcesto';
biele-zemle;Biele žemle;Pečivo;PONECHAT;Bez medzinárodnej predlohy, použiteľný postup (8 krokov / 982 znakov, 14 % ingrediencií bez množstva);
bielkovinove-palacinky;Bielkovinové palacinky;Raňajky;NAHRADIT;"Rozmarný variant medzinárodného jedla: ""Bielkovinové palacinky""";Pancakes (BBC Good Food)
biely-jogurt-s-vyprazanou-rebarborou-v-mede;Biely jogurt s vyprážanou rebarborou v mede;Snack;VYHODIT;2 surovín s výskytom najviac 2× v celej DB: 'Rebarbora', 'Granola';
bleskove-rohliky;Bleskové rohlíky;Snack;PONECHAT;Bez medzinárodnej predlohy, použiteľný postup (5 krokov / 723 znakov, 0 % ingrediencií bez množstva);
bobova-prazenica;Bôbová praženica;Raňajky;VYHODIT;"Slabý postup (5 krokov, 259 znakov; medián DB je 689); 40 % ingrediencií (2/5) bez množstva – plánovač neurčí výživu ani nákup";
bocikova-pasteta;Bôčiková paštéta;Hlavné jedlo;PONECHAT;Bez medzinárodnej predlohy, použiteľný postup (5 krokov / 772 znakov, 0 % ingrediencií bez množstva);
bolocke;Bolocke;Dezert;PONECHAT;Bez medzinárodnej predlohy, použiteľný postup (9 krokov / 1024 znakov, 27 % ingrediencií bez množstva);
bolonske-cestoviny-so-sosovicou;Bolonské cestoviny so šošovicou (vegetariánske);Cestoviny;VYHODIT;2 surovín s výskytom najviac 2× v celej DB: 'Rigatoni', 'Paradajky na pizzu';
bolonske-spagety;Boloňské špagety;Cestoviny;VYHODIT;40 % ingrediencií (6/15) bez množstva – plánovač neurčí výživu ani nákup;
borek;Börek;Raňajky;PONECHAT;Bez medzinárodnej predlohy, použiteľný postup (8 krokov / 2389 znakov, 15 % ingrediencií bez množstva);
borsc;Boršč;Polievka;VYHODIT;2 surovín s výskytom najviac 2× v celej DB: 'Nožina hoväzdia', 'Kapusta hlávková biela';
bosniaky-so-syrom-a-petrzlenovou-vnatou;Bosniaky so syrom a petržlenovou vňaťou;Príloha;VYHODIT;3 surovín s výskytom najviac 2× v celej DB: 'Trošku masla', 'Rozne semiačka', 'Petrž.vnat';
bravcova-huspenina;Bravčová huspenina;Hlavné jedlo;VYHODIT;4 surovín s výskytom najviac 2× v celej DB: 'Koleno bravčove', 'Bravčový jazyk', 'Bravčový rypák';
bravcova-panenka-na-ratatouille-so-zemiakmi;Bravčová panenka na ratatouille so zemiakmi;Hlavné jedlo;NAHRADIT;"Rozmarný variant medzinárodného jedla: ""Bravčová panenka na ratatouille so zemiakmi"" + 2 surovín s výskytom najviac 2× v celej DB: 'Mrazené hríby', 'Smotana na šľahanie 30 %'";Ratatouille (BBC Good Food)
bravcova-panenka-s-horcicovou-omackou;Bravčová panenka s horčicovou omáčkou;Hlavné jedlo;PONECHAT;Bez medzinárodnej predlohy, použiteľný postup (5 krokov / 1295 znakov, 14 % ingrediencií bez množstva);
bravcove-kare-na-hubach;Bravčové karé na hubách;Hlavné jedlo;PONECHAT;Bez medzinárodnej predlohy, použiteľný postup (9 krokov / 1197 znakov, 30 % ingrediencií bez množstva);
bravcove-kare-s-jablkami-a-cibulou;Bravčové karé s jablkami a cibuľou;Hlavné jedlo;VYHODIT;"36 % ingrediencií (4/11) bez množstva – plánovač neurčí výživu ani nákup; 2 surovín s výskytom najviac 2× v celej DB: 'Karé bravčové vykostené', 'Syr eidam plátky'";
bravcove-maso-v-paradajkovej-omacke;Bravčové mäso v paradajkovej omáčke;Hlavné jedlo;PONECHAT;Bez medzinárodnej predlohy, použiteľný postup (4 krokov / 713 znakov, 25 % ingrediencií bez množstva);
bravcove-medailonky-na-vine-s-hrncekovou-knedlou;Bravčové medailónky na víne s hrnčekovou knedľou;Hlavné jedlo;PONECHAT;"Slovenské/domáce jedlo bez medzinárodnej predlohy; postup 3 krokov / 531 znakov";
bravcove-na-cibuli-so-slaninou;Bravčové mäso na cibuli so slaninou;Hlavné jedlo;VYHODIT;2 surovín s výskytom najviac 2× v celej DB: 'Bravčové údené mäso', 'Sterilizovaný chren';
bravcove-na-kreolsky-sposob;Bravčové na kreolský spôsob;Hlavné jedlo;VYHODIT;3 surovín s výskytom najviac 2× v celej DB: 'Bravčové líčka', 'Exotická zmes', 'Korenie kolombo';
bravcove-na-paprike-so-smotanou;Bravčové na paprike so smotanou;Hlavné jedlo;PONECHAT;Bez medzinárodnej predlohy, použiteľný postup (6 krokov / 576 znakov, 27 % ingrediencií bez množstva);
bravcove-na-slanine-so-sosovicou;Bravčové na slanine so šošovicou;Hlavné jedlo;VYHODIT;40 % ingrediencií (4/10) bez množstva – plánovač neurčí výživu ani nákup;
bravcove-peceny-s-cesnakom-a-rozmarinom;Bravčové pečené s cesnakom a rozmarínom;Hlavné jedlo;VYHODIT;38 % ingrediencií (3/8) bez množstva – plánovač neurčí výživu ani nákup;
bravcove-rezne-na-cibuli;Bravčové rezne na cibuli;Hlavné jedlo;VYHODIT;5 surovín s výskytom najviac 2× v celej DB: 'Omáčka čili ostrá', 'Sušené malé čili', 'Rastlinný slnečnicový olej';
bravcove-rezne-na-salvii;Bravčové rezne na šalvii;Hlavné jedlo;PONECHAT;Bez medzinárodnej predlohy, použiteľný postup (3 krokov / 310 znakov, 18 % ingrediencií bez množstva);
bravcove-rezne-s-hubovou-omackou;Bravčové rezne s hubovou omáčkou;Hlavné jedlo;PONECHAT;Bez medzinárodnej predlohy, použiteľný postup (3 krokov / 469 znakov, 0 % ingrediencií bez množstva);
bravcove-so-slivkami-a-rozmarinom;Bravčové so slivkami a rozmarínom;Hlavné jedlo;VYHODIT;"Duplicita: identický postup aj sada ingrediencií ako ""Bravčové pečené s cesnakom a rozmarínom"" (id=bravcove-peceny-s-cesnakom-a-rozmarinom), ktorý zostáva (dlhší postup / úplnejšie dáta)";
bravcove-so-zelim-a-zemiakmi;Bravčové so zelím a zemiakmi;Hlavné jedlo;PONECHAT;Bez medzinárodnej predlohy, použiteľný postup (5 krokov / 415 znakov, 0 % ingrediencií bez množstva);
bravcove-so-zemiakmi-a-majoranom;Bravčové so zemiakmi a majoránom;Hlavné jedlo;PONECHAT;Bez medzinárodnej predlohy, použiteľný postup (3 krokov / 607 znakov, 14 % ingrediencií bez množstva);
bravcove-sote-so-zeleninou;Bravčové soté so zeleninou;Hlavné jedlo;VYHODIT;3 surovín s výskytom najviac 2× v celej DB: 'Bravčová ladvina', 'Pretlak paradakový domáci', 'Paradajkový lekvár';
bravcove-srdcia-s-brokolicou;Bravčové srdcia s brokolicou;Hlavné jedlo;PONECHAT;Bez medzinárodnej predlohy, použiteľný postup (3 krokov / 395 znakov, 0 % ingrediencií bez množstva);
bravcove-stehno-na-kmine-s-hranolcekami-a-ryzou;Bravčové stehno na kmíne s hranolčekami a ryžou;Hlavné jedlo;PONECHAT;Bez medzinárodnej predlohy, použiteľný postup (6 krokov / 964 znakov, 14 % ingrediencií bez množstva);
bravcove-stehno-na-paprike;Bravčové stehno na paprike;Hlavné jedlo;VYHODIT;4 surovín s výskytom najviac 2× v celej DB: 'Rohy baranie sterilizované', 'Mrazená kukurica', 'Zavárané slivky';
bravcove-stehno-na-razni-po-mexicky;Bravčové stehno na ražni po mexicky;Hlavné jedlo;PONECHAT;Bez medzinárodnej predlohy, použiteľný postup (5 krokov / 466 znakov, 12 % ingrediencií bez množstva);
bravcovy-eintopf-s-porom;Bravčový eintopf s pórom;Hlavné jedlo;VYHODIT;36 % ingrediencií (4/11) bez množstva – plánovač neurčí výživu ani nákup;
bravcovy-gulas-so-zemiakmi;Bravčový guláš so zemiakmi;Hlavné jedlo;VYHODIT;36 % ingrediencií (5/14) bez množstva – plánovač neurčí výživu ani nákup;
bravcovy-gulas-so-zemiakovo-rascovym-chlebom;Bravčový guláš so zemiakovo-rascovým chlebom;Pečivo;PONECHAT;"Slovenské/domáce jedlo bez medzinárodnej predlohy; postup 3 krokov / 710 znakov";
bravcovy-gulas;Bravčový guláš;Hlavné jedlo;PONECHAT;"Slovenské/domáce jedlo bez medzinárodnej predlohy; postup 3 krokov / 474 znakov";
bravcovy-rezen-viedensky;Bravčový rezeň viedenským spôsobom;Hlavné jedlo;PONECHAT;"Slovenské/domáce jedlo bez medzinárodnej predlohy; postup 9 krokov / 737 znakov";
brazilska-rybia-polievka;Brazílska rybia polievka;Polievka;VYHODIT;3 surovín s výskytom najviac 2× v celej DB: 'Filety z bielej ryby', 'Veľká farebná mäsitá paprika', 'Rybí vývar';
brioska;Brioška;Pečivo;PONECHAT;Bez medzinárodnej predlohy, použiteľný postup (7 krokov / 1982 znakov, 8 % ingrediencií bez množstva);
brokolica-s-cestovinou-a-syrom;Brokolica s cestovinou a syrom;Cestoviny;PONECHAT;Bez medzinárodnej predlohy, použiteľný postup (10 krokov / 831 znakov, 23 % ingrediencií bez množstva);
brokolicova-kremova-polievka;Brokolicová krémová polievka;Polievka;PONECHAT;Bez medzinárodnej predlohy, použiteľný postup (3 krokov / 483 znakov, 29 % ingrediencií bez množstva);
brokolicove-kuracie-rezne;Brokolicové kuracie rezne;Hlavné jedlo;VYHODIT;2 surovín s výskytom najviac 2× v celej DB: 'Malá brokolica', 'Plesňový syr';
brokolicovo-karfiolova-polievka-bezlepkova;Brokolicovo-karfiolová polievka bezlepková;Polievka;VYHODIT;3 surovín s výskytom najviac 2× v celej DB: 'Citrónový tymian', 'Uvarený karfiol', 'Uvarená brokolica';
brokolicovy-kuskus-s-pecenou-zeleninou-a-kozim-syrom;Brokolicový „kuskus“ s pečenou zeleninou a kozím syrom;Šalát;NAHRADIT;"Rozmarný variant medzinárodného jedla: ""Brokolicový „kuskus“ s pečenou zeleninou a kozím syrom""";Couscous Salad (BBC Good Food)
broskynova-limonada;Broskyňová limonáda;Nápoj;VYHODIT;"Duplicita: identický postup aj sada ingrediencií ako ""Bazalková limonáda"" (id=bazalkova-limonada), ktorý zostáva (dlhší postup / úplnejšie dáta)";
broskynove-smoothie;Broskyňové smoothie;Nápoj;NAHRADIT;"Rozmarný variant medzinárodného jedla: ""Broskyňové smoothie"" + slabý postup (1 krokov, 173 znakov; medián DB je 689)";Fruit Smoothie (BBC Good Food)
broskynovy-kolac;Broskyňový koláč;Dezert;PONECHAT;Bez medzinárodnej predlohy, použiteľný postup (7 krokov / 545 znakov, 0 % ingrediencií bez množstva);
brownies-bez-vajec;Brownies bez vajec;Dezert;NAHRADIT;"Rozmarný variant medzinárodného jedla: ""Brownies bez vajec""";Chocolate Brownies (BBC Good Food)
bruschetta-s-vajcom;Bruschetta s vajcom;Raňajky;NAHRADIT;"Rozmarný variant medzinárodného jedla: ""Bruschetta s vajcom"" + 2 surovín s výskytom najviac 2× v celej DB: 'Konzervovaná kukurica', 'Bazalkové čerstvé lístky'";Bruschetta (BBC Good Food)
brutalna-prazenica;Brutálna praženica;Raňajky;PONECHAT;Bez medzinárodnej predlohy, použiteľný postup (3 krokov / 398 znakov, 0 % ingrediencií bez množstva);
bryndzova-natierka;Bryndzová nátierka;Nátierka;VYHODIT;"Slabý postup (3 krokov, 184 znakov; medián DB je 689)";
bryndzove-gulky-s-cviklovym-salatom;Bryndzové guľky s cviklovým šalátom;Hlavné jedlo;VYHODIT;"38 % ingrediencií (6/16) bez množstva – plánovač neurčí výživu ani nákup; 2 surovín s výskytom najviac 2× v celej DB: 'Koreňový zeler', 'Hrášok s mrkvou sterilizovaný'";
bryndzove-halusky;Bryndzové halušky so slaninou;Hlavné jedlo;PONECHAT;"Slovenské/domáce jedlo bez medzinárodnej predlohy; postup 3 krokov / 391 znakov";
bryndzove-pagace;Bryndzové pagáče;Pečivo;VYHODIT;4 surovín s výskytom najviac 2× v celej DB: 'Jogurt biely smotanový', 'Plnka:', 'Jogurt biely smotanový';
bryndzove-pirohy;Bryndzové pirohy;Hlavné jedlo;PONECHAT;"Slovenské/domáce jedlo bez medzinárodnej predlohy; postup 5 krokov / 1267 znakov";
brynzovy-sendvic-slaninka;Bryndzový sendvič so slaninkou;Raňajky;VYHODIT;"Slabý postup (3 krokov, 285 znakov; medián DB je 689)";
bucatini-s-mrkvou-a-hovadzim-maskom;Bucatini s mrkvou a hovädzím mäskom;Cestoviny;VYHODIT;3 surovín s výskytom najviac 2× v celej DB: 'Cestoviny bucatini', 'Pretlak', 'Fazuľa v paradajkovej omáčke';
buchty-s-tvarohom;Buchty s tvarohom;Hlavné jedlo;PONECHAT;"Slovenské/domáce jedlo bez medzinárodnej predlohy; postup 8 krokov / 966 znakov";
bulgur-s-pecenou-zeleninou;Bulgur s pečenou zeleninou;Príloha;PONECHAT;Bez medzinárodnej predlohy, použiteľný postup (12 krokov / 1732 znakov, 23 % ingrediencií bez množstva);
bulgur-so-zeleninou;Bulgur so zeleninou;Príloha;VYHODIT;"Duplicita: identický postup aj sada ingrediencií ako ""Bulgur s pečenou zeleninou"" (id=bulgur-s-pecenou-zeleninou), ktorý zostáva (dlhší postup / úplnejšie dáta)";
bylinkove-bravcove-kotlety;Bylinkové bravčové kotlety;Hlavné jedlo;VYHODIT;2 surovín s výskytom najviac 2× v celej DB: 'Bravčové kotlety', 'Farebné papriky';
bylinkovo-cesnakova-natierka-na-chlieb;Bylinkovo-cesnaková nátierka na chlieb;Nátierka;PONECHAT;Bez medzinárodnej predlohy, použiteľný postup (3 krokov / 477 znakov, 33 % ingrediencií bez množstva);
caesar-salat-s-opecenym-kuracim-steakom;Caesar šalát s opečeným kuracím steakom;Šalát;NAHRADIT;"Rozmarný variant medzinárodného jedla: ""Caesar šalát s opečeným kuracím steakom"" + 2 surovín s výskytom najviac 2× v celej DB: 'Granulovaná cibuľa', 'Sardelky'";Caesar Salad (BBC Good Food)
cakankovy-salat-s-kuracim-masom;Čakankový šalát s kuracím mäsom;Šalát;PONECHAT;Bez medzinárodnej predlohy, použiteľný postup (4 krokov / 675 znakov, 20 % ingrediencií bez množstva);
calzone;Calzone so šunkou a syrom;Hlavné jedlo;VYHODIT;35 % ingrediencií (7/20) bez množstva – plánovač neurčí výživu ani nákup;
cannelloni-so-spenatom-a-piniovymi-orieskami;Cannelloni so špenátom a píniovými orieškami;Cestoviny;VYHODIT;2 surovín s výskytom najviac 2× v celej DB: 'Cestovinové pláty', 'Miešaný šalát';
cannelloni;Cannelloni;Cestoviny;PONECHAT;Bez medzinárodnej predlohy, použiteľný postup (14 krokov / 939 znakov, 25 % ingrediencií bez množstva);
capellini-s-bazalkou-a-paradajkami;Capellini s bazalkou a paradajkami;Cestoviny;VYHODIT;2 surovín s výskytom najviac 2× v celej DB: 'Bazalkové listy', 'Cestovina Capellini';
caprese-salat;Caprese šalát;Šalát;VYHODIT;43 % ingrediencií (3/7) bez množstva – plánovač neurčí výživu ani nákup;
celozrnne-dalamanky;Celozrnné dalamánky;Pečivo;PONECHAT;Bez medzinárodnej predlohy, použiteľný postup (3 krokov / 1224 znakov, 21 % ingrediencií bez množstva);
celozrnne-palacinky-s-bananom;Celozrnné palacinky s banánom;Raňajky;NAHRADIT;"Rozmarný variant medzinárodného jedla: ""Celozrnné palacinky s banánom"" + 2 surovín s výskytom najviac 2× v celej DB: 'Ovsené otruby', 'Surové vajíčka'";Pancakes (BBC Good Food)
celozrnne-palacinky-so-skoricou;Celozrnné palacinky so škoricou;Raňajky;VYHODIT;"Duplicita: identický postup aj sada ingrediencií ako ""Celozrnné palacinky s banánom"" (id=celozrnne-palacinky-s-bananom), ktorý zostáva (dlhší postup / úplnejšie dáta)";
celozrnne-vlockove-zemle;Celozrnné vločkové žemličky;Pečivo;PONECHAT;Bez medzinárodnej predlohy, použiteľný postup (7 krokov / 3275 znakov, 17 % ingrediencií bez množstva);
celozrnny-toast-s-hummusom-a-zeleninou;Celozrnný toast s hummusom a zeleninou;Raňajky;NAHRADIT;"Rozmarný variant medzinárodného jedla: ""Celozrnný toast s hummusom a zeleninou""";Hummus (BBC Good Food)
celozrnny-toastovy-chlieb;Celozrnný toastový chlieb;Pečivo;VYHODIT;"Duplicita: identický postup aj sada ingrediencií ako ""Celozrnný toast s hummusom a zeleninou"" (id=celozrnny-toast-s-hummusom-a-zeleninou), ktorý zostáva (dlhší postup / úplnejšie dáta)";
ceresnovo-matovy-lekvar;Čerešnovo-mätový lekvár;Snack;PONECHAT;Bez medzinárodnej predlohy, použiteľný postup (14 krokov / 2874 znakov, 20 % ingrediencií bez množstva);
cesnakova-kremova-polievka-so-syrom;Cesnaková krémová polievka so syrom;Polievka;VYHODIT;3 surovín s výskytom najviac 2× v celej DB: 'Smotana kyslá 16%', 'Chlebové krutóny', 'Gustin na prípadné zahustenie';
cesnakova-natierka-s-bazalkou-a-olivovym-olejom;Cesnaková nátierka s bazalkou a olivovým olejom;Nátierka;VYHODIT;"Duplicita: identický postup aj sada ingrediencií ako ""Bylinkovo-cesnaková nátierka na chlieb"" (id=bylinkovo-cesnakova-natierka-na-chlieb), ktorý zostáva (dlhší postup / úplnejšie dáta)";
cesnakova-natierka-so-smotanovym-syrom;Cesnaková nátierka so smotanovým syrom;Nátierka;VYHODIT;"Slabý postup (3 krokov, 260 znakov; medián DB je 689); 40 % ingrediencií (4/10) bez množstva – plánovač neurčí výživu ani nákup";
cesnakova-polievka;Cesnaková polievka;Polievka;VYHODIT;43 % ingrediencií (3/7) bez množstva – plánovač neurčí výživu ani nákup;
cesnakove-placky-z-ovsenych-vlociek;Cesnakové placky z ovsených vločiek;Hlavné jedlo;VYHODIT;"40 % ingrediencií (6/15) bez množstva – plánovač neurčí výživu ani nákup; 2 surovín s výskytom najviac 2× v celej DB: 'Kukurica v konzerve', 'Korenie gyros'";
cesnakove-rozky-s-bylinkovym-maslom;Cesnakové rožky s bylinkovým maslom;Pečivo;PONECHAT;Bez medzinárodnej predlohy, použiteľný postup (7 krokov / 696 znakov, 0 % ingrediencií bez množstva);
cesnakove-trojuholnicky;Cesnakové trojuholníčky;Raňajky;PONECHAT;Bez medzinárodnej predlohy, použiteľný postup (5 krokov / 510 znakov, 9 % ingrediencií bez množstva);
cesnakovo-syrovy-chlieb-na-panvici;Cesnakovo-syrový chlieb na panvici;Pečivo;PONECHAT;Bez medzinárodnej predlohy, použiteľný postup (3 krokov / 682 znakov, 22 % ingrediencií bez množstva);
cesnakovo-vajickova-natierka;Cesnakovo-vajíčková nátierka;Nátierka;PONECHAT;Bez medzinárodnej predlohy, použiteľný postup (3 krokov / 499 znakov, 25 % ingrediencií bez množstva);
cesnakovy-chlieb;Cesnakový chlieb s bylinkami;Pečivo;VYHODIT;"38 % ingrediencií (5/13) bez množstva – plánovač neurčí výživu ani nákup; 2 surovín s výskytom najviac 2× v celej DB: 'Drvená pohánka', 'Ľan'";
cestovina-s-bobom-slaninkou-a-rukolou;Cestovina s bôbom, slaninkou a rukolou;Hlavné jedlo;PONECHAT;Bez medzinárodnej predlohy, použiteľný postup (9 krokov / 990 znakov, 22 % ingrediencií bez množstva);
cestovina-s-dusenym-kalerabom;Cestovina s duseným kalerábom;Cestoviny;PONECHAT;Bez medzinárodnej predlohy, použiteľný postup (5 krokov / 621 znakov, 25 % ingrediencií bez množstva);
cestovinovy-salat-pesto-cherry;Cestovinový šalát s pestom a cherry paradajkami;Cestoviny;NAHRADIT;"Rozmarný variant medzinárodného jedla: ""Cestovinový šalát s pestom a cherry paradajkami"" + 2 surovín s výskytom najviac 2× v celej DB: 'Paradajky cherry žlté', 'Paradajky cherry červené'";Pesto alla Genovese (BBC Good Food)
cestovinovy-salat-s-kuracim-masom;Cestovinový šalát s kuracím mäsom a zeleninou;Cestoviny;VYHODIT;2 surovín s výskytom najviac 2× v celej DB: 'Cestoviny Ideál kolienka', 'Nakladaný chren';
cestovinovy-salat-s-lososom;Cestovinový šalát s lososom;Šalát;PONECHAT;Bez medzinárodnej predlohy, použiteľný postup (5 krokov / 753 znakov, 33 % ingrediencií bez množstva);
cestovinovy-salat-s-mozzarellou-cucoriedkami-a-ribezlami;Cestovinový šalát s mozzarellou, čučoriedkami a ríbezľami;Cestoviny;VYHODIT;5 surovín s výskytom najviac 2× v celej DB: 'Cestovina pappardelle', 'Mozarella', 'Ríbezle';
cestovinovy-salat-s-tuniakom;Cestovinový šalát s tuniakom;Šalát;PONECHAT;Bez medzinárodnej predlohy, použiteľný postup (3 krokov / 547 znakov, 22 % ingrediencií bez množstva);
cestovinovy-salat-s-udenym-tofu;Cestovinový šalát s údeným tofu;Šalát;VYHODIT;3 surovín s výskytom najviac 2× v celej DB: 'Bezlepkové cestoviny', 'Jogurt biely kokosový', 'Korenie na tzatziky';
cestovinovy-salatik-s-krabimi-tycinkami;Cestovinový šalátik s krabími tyčinkami;Cestoviny;VYHODIT;"38 % ingrediencií (3/8) bez množstva – plánovač neurčí výživu ani nákup; 2 surovín s výskytom najviac 2× v celej DB: 'Krabie tyčinky', 'Koreniny'";
cestoviny-aglio-e-olio;Cestoviny Aglio e Olio;Cestoviny;VYHODIT;2 surovín s výskytom najviac 2× v celej DB: 'Spaghetti', 'Paprička chili';
cestoviny-amatriciana;Bucatini all'amatriciana;Cestoviny;VYHODIT;2 surovín s výskytom najviac 2× v celej DB: 'Guanciale', 'Syr pecorino';
cestoviny-hubova-smotanova;Cestoviny v hubovej smotanovej omáčke;Cestoviny;VYHODIT;40 % ingrediencií (4/10) bez množstva – plánovač neurčí výživu ani nákup;
cestoviny-na-sposob-pizze;Cestoviny na spôsob pizze;Hlavné jedlo;PONECHAT;Bez medzinárodnej predlohy, použiteľný postup (4 krokov / 793 znakov, 7 % ingrediencií bez množstva);
cestoviny-pesto-genovese;Cestoviny s pestom genovese;Cestoviny;NAHRADIT;"Rozmarný variant medzinárodného jedla: ""Cestoviny s pestom genovese"" + 2 surovín s výskytom najviac 2× v celej DB: 'Vajca domáce väčšie', 'Studenná voda'";Pesto alla Genovese (BBC Good Food)
cestoviny-quattro-formaggi;Cestoviny quattro formaggi;Cestoviny;PONECHAT;Bez medzinárodnej predlohy, použiteľný postup (4 krokov / 1349 znakov, 33 % ingrediencií bez množstva);
cestoviny-s-bravcovym-gulasom;Cestoviny s bravčovým gulášom;Cestoviny;PONECHAT;"Slovenské/domáce jedlo bez medzinárodnej predlohy; postup 3 krokov / 398 znakov";
cestoviny-s-brokolicou-a-cesnakom;Cestoviny s brokolicou a cesnakom;Cestoviny;VYHODIT;43 % ingrediencií (3/7) bez množstva – plánovač neurčí výživu ani nákup;
cestoviny-s-brokolicou-a-kuracim-masom;Cestoviny s brokolicou a kuracím mäsom v smotanovej omáčke;Cestoviny;VYHODIT;36 % ingrediencií (5/14) bez množstva – plánovač neurčí výživu ani nákup;
cestoviny-s-brokolicou-cesnakom-a-citronom;Cestoviny s brokolicou, cesnakom a citrónom;Cestoviny;VYHODIT;"Duplicita: identický postup aj sada ingrediencií ako ""Cestoviny s brokolicou a cesnakom"" (id=cestoviny-s-brokolicou-a-cesnakom), ktorý zostáva (dlhší postup / úplnejšie dáta)";
cestoviny-s-cesnakovymi-krevetami-a-citronom;Cestoviny s cesnakovými krevetami a citrónom (scampi);Cestoviny;PONECHAT;Bez medzinárodnej predlohy, použiteľný postup (10 krokov / 2225 znakov, 23 % ingrediencií bez množstva);
cestoviny-s-cicerom-a-paradajkami;Cestoviny s cícerom a paradajkovou omáčkou;Cestoviny;VYHODIT;2 surovín s výskytom najviac 2× v celej DB: 'Cestovina conchiglioni', 'Syr ricotta';
cestoviny-s-cicerom-a-rozmarinom;Cestoviny s cícerom a rozmarínom;Cestoviny;VYHODIT;"Duplicita: identický postup aj sada ingrediencií ako ""Cestoviny s pestom genovese"" (id=cestoviny-pesto-genovese), ktorý zostáva (dlhší postup / úplnejšie dáta)";
cestoviny-s-cuketou-a-citronom;Cestoviny s cuketou a citrónom;Cestoviny;PONECHAT;Bez medzinárodnej predlohy, použiteľný postup (4 krokov / 481 znakov, 33 % ingrediencií bez množstva);
cestoviny-s-cuketou-matou-a-fetou;Cestoviny s cuketou, mätou a fetou;Cestoviny;VYHODIT;"Duplicita: identický postup aj sada ingrediencií ako ""Cestoviny s cuketou a citrónom"" (id=cestoviny-s-cuketou-a-citronom), ktorý zostáva (dlhší postup / úplnejšie dáta)";
cestoviny-s-cviklovou-omackou;Cestoviny s cviklovou omáčkou;Cestoviny;PONECHAT;Bez medzinárodnej predlohy, použiteľný postup (3 krokov / 657 znakov, 25 % ingrediencií bez množstva);
cestoviny-s-fetou-a-cuketou;Cestoviny s fetou a cuketou;Cestoviny;VYHODIT;"Duplicita: identický postup aj sada ingrediencií ako ""Cestoviny s cuketou a citrónom"" (id=cestoviny-s-cuketou-a-citronom), ktorý zostáva (dlhší postup / úplnejšie dáta)";
cestoviny-s-hraskom-a-slaninou;Cestoviny s hráškom a slaninou;Cestoviny;VYHODIT;42 % ingrediencií (5/12) bez množstva – plánovač neurčí výživu ani nákup;
cestoviny-s-klobasou-a-paprikou;Cestoviny s klobásou a paprikou;Cestoviny;VYHODIT;38 % ingrediencií (5/13) bez množstva – plánovač neurčí výživu ani nákup;
cestoviny-s-krevetami-a-cesnakovym-maslom;Cestoviny s krevetami a cesnakovým maslom;Cestoviny;VYHODIT;"Duplicita: identický postup aj sada ingrediencií ako ""Cestoviny s cesnakovými krevetami a citrónom (scampi)"" (id=cestoviny-s-cesnakovymi-krevetami-a-citronom), ktorý zostáva (dlhší postup / úplnejšie dáta)";
cestoviny-s-krevetami-v-paradajkovej;Cestoviny s krevetami v paradajkovej omáčke;Cestoviny;VYHODIT;2 surovín s výskytom najviac 2× v celej DB: 'Oriešok muškátový čerstvo strúhaný', 'Korenie biele čerstvo mleté';
cestoviny-s-kuracim-a-paradajkovo-smotanovou;Cestoviny s kuracím mäsom a paradajkovo-smotanovou omáčkou;Cestoviny;PONECHAT;Bez medzinárodnej predlohy, použiteľný postup (5 krokov / 454 znakov, 33 % ingrediencií bez množstva);
cestoviny-s-kuracinkou-kukuricou-a-sampinonmi;Cestoviny s kuracinkou, kukuricou a šampiňónmi;Cestoviny;PONECHAT;Bez medzinárodnej predlohy, použiteľný postup (3 krokov / 551 znakov, 29 % ingrediencií bez množstva);
cestoviny-s-paradajkami;Cestoviny s paradajkami;Cestoviny;PONECHAT;Bez medzinárodnej predlohy, použiteľný postup (8 krokov / 730 znakov, 30 % ingrediencií bez množstva);
cestoviny-s-tekvicou-a-salviou;Cestoviny s tekvicou a šalviou;Cestoviny;VYHODIT;3 surovín s výskytom najviac 2× v celej DB: 'Hokkaido', 'Voda z cestovín', 'Hokkaido';
cestoviny-s-tekvicovymi-semienkami-a-fetou;Cestoviny s tekvicovými semienkami a fetou;Cestoviny;VYHODIT;"Duplicita: identický postup aj sada ingrediencií ako ""Cestoviny s tekvicou a šalviou"" (id=cestoviny-s-tekvicou-a-salviou), ktorý zostáva (dlhší postup / úplnejšie dáta)";
cestoviny-s-tuniakom-a-citronom;Cestoviny s tuniakom a citrónom;Cestoviny;VYHODIT;2 surovín s výskytom najviac 2× v celej DB: 'Kocka syrokrému', 'Tuniak v olivovom oleji';
cestoviny-s-tuniakom-a-olivami;Cestoviny s tuniakom a olivami;Cestoviny;PONECHAT;Bez medzinárodnej predlohy, použiteľný postup (8 krokov / 1045 znakov, 22 % ingrediencií bez množstva);
cestoviny-so-sampionmi;Cestoviny so šampiňónmi na smotane;Cestoviny;PONECHAT;Bez medzinárodnej predlohy, použiteľný postup (7 krokov / 1604 znakov, 27 % ingrediencií bez množstva);
cestoviny-so-spenatom-a-piniovymi-orieskami;Cestoviny so špenátom a píniovými orieškami;Cestoviny;PONECHAT;Bez medzinárodnej predlohy, použiteľný postup (10 krokov / 833 znakov, 20 % ingrediencií bez množstva);
cezar-salat-s-krevetami;Cézar šalát s krevetami;Šalát;NAHRADIT;"Rozmarný variant medzinárodného jedla: ""Cézar šalát s krevetami"" + slabý postup (3 krokov, 255 znakov; medián DB je 689)";Caesar Salad (BBC Good Food)
cezar-salat-s-kuracim-masom;Cézar šalát s kuracím mäsom;Šalát;VYHODIT;"Duplicita: identický postup aj sada ingrediencií ako ""Cézar šalát s krevetami"" (id=cezar-salat-s-krevetami), ktorý zostáva (dlhší postup / úplnejšie dáta)";
chana-masala;Chana Masala;Hlavné jedlo;VYHODIT;2 surovín s výskytom najviac 2× v celej DB: 'Rastlinná smotana', 'Chilli papričky';
cheesecake-s-proteinom;Cheesecake s proteínom;Snack;NAHRADIT;"Rozmarný variant medzinárodného jedla: ""Cheesecake s proteínom"" + 4 surovín s výskytom najviac 2× v celej DB: 'Jogurt zvolenský fit and free', 'Proteín vanilková príchuť', 'Sladidlo'";Baked Cheesecake (BBC Good Food)
chia-puding-s-ovocim;Chia puding s ovocím;Raňajky;PONECHAT;Bez medzinárodnej predlohy, použiteľný postup (3 krokov / 671 znakov, 20 % ingrediencií bez množstva);
chlebik-a-provensalske-bylinky;Chlebík a provensálske bylinky;Pečivo;PONECHAT;Bez medzinárodnej predlohy, použiteľný postup (4 krokov / 472 znakov, 0 % ingrediencií bez množstva);
chlebik-z-pekarnicky-c-2;Chlebík z pekárničky č.2;Raňajky;PONECHAT;Bez medzinárodnej predlohy, použiteľný postup (8 krokov / 592 znakov, 0 % ingrediencií bez množstva);
chlieb-bezlepkovy-a-zemle-asi-najjednoduchsie;Chlieb bezlepkový a žemle asi najjednoduchšie;Pečivo;PONECHAT;Bez medzinárodnej predlohy, použiteľný postup (5 krokov / 1216 znakov, 14 % ingrediencií bez množstva);
chlieb-so-semienkami;Chlieb so semienkami;Pečivo;PONECHAT;Bez medzinárodnej predlohy, použiteľný postup (4 krokov / 941 znakov, 0 % ingrediencií bez množstva);
chlieb-so-sunkou-a-uhorkou;Chlieb so šunkou a uhorkou;Raňajky;PONECHAT;Bez medzinárodnej predlohy, použiteľný postup (10 krokov / 855 znakov, 12 % ingrediencií bez množstva);
chlieb-so-syrom-a-paradajkou;Chlieb so syrom a paradajkou;Raňajky;PONECHAT;Bez medzinárodnej predlohy, použiteľný postup (10 krokov / 1358 znakov, 0 % ingrediencií bez množstva);
chrenova-rozkova-omacka;Chrenová rožková omáčka;Príloha;PONECHAT;Bez medzinárodnej predlohy, použiteľný postup (5 krokov / 658 znakov, 33 % ingrediencií bez množstva);
chrumkave-domace-rozky-s-rascou;Chrumkavé domáce rožky s rascou;Pečivo;PONECHAT;Bez medzinárodnej predlohy, použiteľný postup (12 krokov / 1198 znakov, 18 % ingrediencií bez množstva);
chrumkave-kura;Chrumkavé kura;Hlavné jedlo;PONECHAT;Bez medzinárodnej predlohy, použiteľný postup (9 krokov / 1182 znakov, 31 % ingrediencií bez množstva);
chutna-dusena-ryza;Chutná dusená ryža;Príloha;PONECHAT;Bez medzinárodnej predlohy, použiteľný postup (6 krokov / 1164 znakov, 17 % ingrediencií bez množstva);
chutne-pizza-cestoviny;Chutné pizza cestoviny;Hlavné jedlo;NAHRADIT;"Rozmarný variant medzinárodného jedla: ""Chutné pizza cestoviny""";Pizza Margherita (BBC Good Food)
chutne-tvarohove-kolaciky;Chutné tvarohové koláčiky;Raňajky;PONECHAT;Bez medzinárodnej predlohy, použiteľný postup (8 krokov / 980 znakov, 0 % ingrediencií bez množstva);
cibulovy-kvaskovy-chlieb-z-liatinoveho-hrnca;Cibuľový kváskový chlieb z liatinového hrnca;Hlavné jedlo;PONECHAT;Bez medzinárodnej predlohy, použiteľný postup (6 krokov / 1810 znakov, 17 % ingrediencií bez množstva);
ciccerova-natierka-s-bazalkou;Cícerová nátierka s bazalkou;Nátierka;VYHODIT;"Duplicita: identický postup aj sada ingrediencií ako ""Avokádovo-cícerová nátierka"" (id=avokadovo-cicerova-natierka), ktorý zostáva (dlhší postup / úplnejšie dáta)";
ciccerove-kari-vegetarianske;Cícerové kari (vegetariánske);Hlavné jedlo;NAHRADIT;"Rozmarný variant medzinárodného jedla: ""Cícerové kari (vegetariánske)"" + 3 surovín s výskytom najviac 2× v celej DB: 'Suchý cícer', 'Očistený zázvor', 'Korenie Garamské Masala'";Chicken Curry (BBC Good Food)
cicerova-polievka-s-korenim;Cícerová polievka s korením;Polievka;VYHODIT;36 % ingrediencií (4/11) bez množstva – plánovač neurčí výživu ani nákup;
cicerove-placky-snack;Cícerové placky (snack verzia);Snack;VYHODIT;"Slabý postup (3 krokov, 259 znakov; medián DB je 689)";
cicerovo-spenatova-prazenica;Cícerovo-špenátová praženica;Nátierka;VYHODIT;38 % ingrediencií (5/13) bez množstva – plánovač neurčí výživu ani nákup;
cicerovo-uhorkovy-salat-s-matou;Cícerovo-uhorkový šalát s mätou;Šalát;PONECHAT;Bez medzinárodnej predlohy, použiteľný postup (3 krokov / 720 znakov, 17 % ingrediencií bez množstva);
cicerovy-salat-s-pecenou-paprikou;Cícerový šalát s pečenou paprikou;Šalát;PONECHAT;Bez medzinárodnej predlohy, použiteľný postup (4 krokov / 787 znakov, 17 % ingrediencií bez množstva);
cicerovy-salat-s-uhorkou-a-paradajkou;Cícerový šalát s uhorkou a paradajkou;Šalát;VYHODIT;5 surovín s výskytom najviac 2× v celej DB: 'Uvarený cícer', 'Zelerové stonky', 'Cukrová kukurica';
cierno-biele-vanilkovo-cokoladove-mnamky-muffiny;Čierno-biele vanilkovo-čokoládové mňamky muffiny;Raňajky;NAHRADIT;"Rozmarný variant medzinárodného jedla: ""Čierno-biele vanilkovo-čokoládové mňamky muffiny""";Muffins (BBC Good Food)
cinska-soplova;Čínska „sopľová“;Polievka;VYHODIT;36 % ingrediencií (4/11) bez množstva – plánovač neurčí výživu ani nákup;
cisarsky-trhanec;Cisársky trhanec;Dezert;PONECHAT;Bez medzinárodnej predlohy, použiteľný postup (6 krokov / 774 znakov, 17 % ingrediencií bez množstva);
citronovy-cheesecake-bez-pecenia;Citrónový cheesecake bez pečenia;Dezert;NAHRADIT;"Rozmarný variant medzinárodného jedla: ""Citrónový cheesecake bez pečenia""";Baked Cheesecake (BBC Good Food)
citronovy-kolac;Citrónový koláč;Dezert;PONECHAT;Bez medzinárodnej predlohy, použiteľný postup (5 krokov / 518 znakov, 30 % ingrediencií bez množstva);
citrusovy-brandy-royal;Citrusový Brandy Royal;Nápoj;VYHODIT;"Slabý postup (2 krokov, 255 znakov; medián DB je 689); 2 surovín s výskytom najviac 2× v celej DB: 'Llikér curaçao biely', 'Likér maraschino'";
cokoladova-pena-mousse;Čokoládová pena (mousse);Dezert;PONECHAT;Bez medzinárodnej predlohy, použiteľný postup (3 krokov / 415 znakov, 33 % ingrediencií bez množstva);
cokoladova-torta-s-jahodami-a-ceresnami;Čokoládová torta s jahodami a čerešňami;Snack;PONECHAT;Bez medzinárodnej predlohy, použiteľný postup (4 krokov / 592 znakov, 31 % ingrediencií bez množstva);
cokoladove-brownies;Čokoládové brownies;Dezert;NAHRADIT;"Rozmarný variant medzinárodného jedla: ""Čokoládové brownies"" + 38 % ingrediencií (3/8) bez množstva – plánovač neurčí výživu ani nákup; 3 surovín s výskytom najviac 2× v celej DB: 'Čokoláda horká 80% kakaa', 'Zemiak sladký - batat', 'Bobuľovité ovocie'";Chocolate Brownies (BBC Good Food)
cokoladove-cestoviny-s-vanilkovou-omackou;Čokoládové cestoviny s vanilkovou omáčkou;Dezert;PONECHAT;Bez medzinárodnej predlohy, použiteľný postup (4 krokov / 967 znakov, 0 % ingrediencií bez množstva);
cokoladovo-vanilkove-muffiny;Čokoládovo-vanilkové muffiny;Raňajky;NAHRADIT;"Rozmarný variant medzinárodného jedla: ""Čokoládovo-vanilkové muffiny""";Muffins (BBC Good Food)
cokoladovy-fondant;Čokoládový fondant (lávový koláčik);Dezert;PONECHAT;Bez medzinárodnej predlohy, použiteľný postup (13 krokov / 5078 znakov, 25 % ingrediencií bez množstva);
cornell-chicken;Cornell Chicken;Hlavné jedlo;PONECHAT;Bez medzinárodnej predlohy, použiteľný postup (4 krokov / 722 znakov, 29 % ingrediencií bez množstva);
cottage-bagety;Cottage bagety;Pečivo;VYHODIT;"Duplicita: identický postup aj sada ingrediencií ako ""Bageta s oštiepkom a paradajkami"" (id=bageta-ostiepok), ktorý zostáva (dlhší postup / úplnejšie dáta)";
cottage-chlebik;Cottage chlebík;Pečivo;VYHODIT;40 % ingrediencií (2/5) bez množstva – plánovač neurčí výživu ani nákup;
cottage-natierka-s-paradajkou-a-bazalkou;Cottage nátierka s paradajkou a bazalkou;Nátierka;VYHODIT;"Slabý postup (4 krokov, 268 znakov; medián DB je 689); 40 % ingrediencií (2/5) bez množstva – plánovač neurčí výživu ani nákup";
cottage-natierka-s-redkovkou;Cottage nátierka s reďkovkou;Nátierka;VYHODIT;43 % ingrediencií (3/7) bez množstva – plánovač neurčí výživu ani nákup;
cucoriedkove-muffiny;Čučoriedkové muffiny;Snack;NAHRADIT;"Rozmarný variant medzinárodného jedla: ""Čučoriedkové muffiny""";Muffins (BBC Good Food)
cuketa-s-kaparami;Cuketa s kaparami;Šalát;PONECHAT;Bez medzinárodnej predlohy, použiteľný postup (4 krokov / 568 znakov, 33 % ingrediencií bez množstva);
cuketova-kremova-polievka;Cuketová krémová polievka;Polievka;VYHODIT;40 % ingrediencií (6/15) bez množstva – plánovač neurčí výživu ani nákup;
cuketova-omeleta;Cuketová omeleta;Raňajky;NAHRADIT;"Rozmarný variant medzinárodného jedla: ""Cuketová omeleta"" + 36 % ingrediencií (4/11) bez množstva – plánovač neurčí výživu ani nákup; 2 surovín s výskytom najviac 2× v celej DB: 'Lučina', 'Grana padano'";Omelette (BBC Good Food)
cuketove-farfalle-s-mozzarellovym-maslom;Cuketové farfalle s mozzarellovým maslom;Cestoviny;VYHODIT;2 surovín s výskytom najviac 2× v celej DB: 'Cestoviny farfalle', 'Mozarella';
cuketove-lasagne;Cuketové lasagne;Hlavné jedlo;NAHRADIT;"Rozmarný variant medzinárodného jedla: ""Cuketové lasagne""";Classic Lasagne (BBC Good Food)
cuketove-placky-so-syrom;Cuketové placky so syrom;Snack;VYHODIT;36 % ingrediencií (4/11) bez množstva – plánovač neurčí výživu ani nákup;
cuketove-rezance-s-cesnakom;Cuketové rezance s cesnakom;Príloha;VYHODIT;38 % ingrediencií (3/8) bez množstva – plánovač neurčí výživu ani nákup;
cuketove-rezance-s-morcacimi-gulkami-a-omackou-s-baklazano;Cuketové rezance s morčacími guľkami a omáčkou s baklažánom;Šalát;VYHODIT;38 % ingrediencií (5/13) bez množstva – plánovač neurčí výživu ani nákup;
cuketove-tagliatelle-so-spenatom;Cuketové ,,tagliatelle,, so špenátom;Hlavné jedlo;PONECHAT;Bez medzinárodnej predlohy, použiteľný postup (4 krokov / 726 znakov, 20 % ingrediencií bez množstva);
cuketovo-sampinonovy-salat;Cuketovo-šampiňónový šalát;Šalát;PONECHAT;Bez medzinárodnej predlohy, použiteľný postup (5 krokov / 758 znakov, 0 % ingrediencií bez množstva);
cviklova-polievka;Cviklová polievka;Polievka;PONECHAT;Bez medzinárodnej predlohy, použiteľný postup (3 krokov / 450 znakov, 33 % ingrediencií bez množstva);
cviklovo-sosovicovy-salat-so-slanym-syrom;Cviklovo-šošovicový šalát so slaným syrom;Šalát;VYHODIT;"Slabý postup (4 krokov, 290 znakov; medián DB je 689)";
cviklovo-vajickovy-salat;Cviklovo-vajíčkový šalát;Šalát;VYHODIT;2 surovín s výskytom najviac 2× v celej DB: 'Sterilizovaná cvikla', 'Čipsy';
cviklovy-salat-s-ananasom-alebo-cicerom;Cviklový šalát s ananásom alebo cícerom;Šalát;PONECHAT;Bez medzinárodnej predlohy, použiteľný postup (4 krokov / 1318 znakov, 0 % ingrediencií bez množstva);
cviklovy-salat-s-fetou-a-orechmi;Cviklový šalát s fetou a vlašskými orechmi;Šalát;PONECHAT;Bez medzinárodnej predlohy, použiteľný postup (9 krokov / 817 znakov, 22 % ingrediencií bez množstva);
cviklovy-salat;Cviklový šalát s chrenom;Šalát;VYHODIT;3 surovín s výskytom najviac 2× v celej DB: 'Poľná valeriána', 'Údené stehno', 'Dulový džem';
dak-jjim-dusene-kura;Dak-jjim – dusené kura;Hlavné jedlo;VYHODIT;5 surovín s výskytom najviac 2× v celej DB: 'Mäso kuracie (kuracie stehná alebo prsia', 'Cestoviny sklovité zo sladkých zemiakov - starch noodles', 'Omáčka z chobotnice';
dary-mora-na-vine;Dary mora na víne;Hlavné jedlo;PONECHAT;Bez medzinárodnej predlohy, použiteľný postup (4 krokov / 450 znakov, 9 % ingrediencií bez množstva);
datle-plnene-mandlami;Datle plnené mandľami;Snack;PONECHAT;Bez medzinárodnej predlohy, použiteľný postup (3 krokov / 346 znakov, 14 % ingrediencií bez množstva);
detska-vyziva-s-pudingom;Detská výživa s pudingom;Snack;PONECHAT;Bez medzinárodnej predlohy, použiteľný postup (3 krokov / 574 znakov, 0 % ingrediencií bez množstva);
detsky-zemiakovy-salat;Detský zemiakový šalát;Príloha;PONECHAT;"Slovenské/domáce jedlo bez medzinárodnej predlohy; postup 3 krokov / 539 znakov";
divina-spikovana-korenovou-zeleninou;Divina špikovaná koreňovou zeleninou;Hlavné jedlo;VYHODIT;4 surovín s výskytom najviac 2× v celej DB: 'Danielí chrbát', 'Brusnicový džem', 'Červená sterilizovaná kapusta';
dokonale-jahodove-matcha-latte;Dokonalé jahodové matcha latte;Nápoj;PONECHAT;Bez medzinárodnej predlohy, použiteľný postup (5 krokov / 1076 znakov, 17 % ingrediencií bez množstva);
dolomanky-zemlicky-s-kyslym-mliekom;Dolománky (žemličky) s kyslým mliekom;Nátierka;VYHODIT;6 surovín s výskytom najviac 2× v celej DB: 'Kyslé mlieko', 'Zemiak velky vareny v šupke', 'Múka celozrnna';
domaca-bajcovana-sunka;Domáca bajcovaná šunka;Príloha;VYHODIT;2 surovín s výskytom najviac 2× v celej DB: 'Jadlovec', 'Sanitra';
domaca-bravcova-sunka;Domáca bravčová šunka;Snack;PONECHAT;Bez medzinárodnej predlohy, použiteľný postup (9 krokov / 1114 znakov, 0 % ingrediencií bez množstva);
domaca-citronova-limonada;Domáca citrónová limonáda;Nápoj;VYHODIT;"Duplicita: identický postup aj sada ingrediencií ako ""Bazalková limonáda"" (id=bazalkova-limonada), ktorý zostáva (dlhší postup / úplnejšie dáta)";
domaca-granola;Domáca granola;Raňajky;VYHODIT;3 surovín s výskytom najviac 2× v celej DB: 'Mandle lupienky', '100 % pomarančový džús', 'Pšeničné klíčky';
domaca-kocenina-huspenina;Domáca kočenina (huspenina);Raňajky;VYHODIT;2 surovín s výskytom najviac 2× v celej DB: 'Bravčové paprčky', 'Koleno bravčove zadné';
domaca-madarska-salama-najstarsia-klasicka-verzia;Domáca maďarská saláma - najstaršia klasická verzia;Raňajky;PONECHAT;Bez medzinárodnej predlohy, použiteľný postup (3 krokov / 964 znakov, 14 % ingrediencií bez množstva);
domaca-mortadela;Domáca mortadela;Raňajky;PONECHAT;Bez medzinárodnej predlohy, použiteľný postup (3 krokov / 748 znakov, 0 % ingrediencií bez množstva);
domaca-pecenova-pasteta;Domáca pečeňová paštéta;Raňajky;PONECHAT;Bez medzinárodnej predlohy, použiteľný postup (14 krokov / 1489 znakov, 11 % ingrediencií bez množstva);
domaca-sunka-z-panenky;Domáca šunka z panenky;Snack;PONECHAT;Bez medzinárodnej predlohy, použiteľný postup (6 krokov / 745 znakov, 0 % ingrediencií bez množstva);
domaca-sunka;Domáca šunka;Raňajky;PONECHAT;Bez medzinárodnej predlohy, použiteľný postup (4 krokov / 445 znakov, 25 % ingrediencií bez množstva);
domaca-treska-z-kapra;Domáca treska z kapra;Nátierka;PONECHAT;Bez medzinárodnej predlohy, použiteľný postup (4 krokov / 549 znakov, 0 % ingrediencií bez množstva);
domace-bagetky-a-zemle;Domáce bagetky a žemľe;Pečivo;PONECHAT;Bez medzinárodnej predlohy, použiteľný postup (3 krokov / 619 znakov, 25 % ingrediencií bez množstva);
domace-bagety;Domáce bagety;Pečivo;VYHODIT;"Duplicita: identický postup aj sada ingrediencií ako ""Bageta s oštiepkom a paradajkami"" (id=bageta-ostiepok), ktorý zostáva (dlhší postup / úplnejšie dáta)";
domace-cestoviny-farfalle;Domáce cestoviny - farfalle;Cestoviny;PONECHAT;Bez medzinárodnej predlohy, použiteľný postup (8 krokov / 701 znakov, 20 % ingrediencií bez množstva);
domace-klobasy-od-fajnsmekra;Domáce klobásy od fajnšmekra;Hlavné jedlo;VYHODIT;2 surovín s výskytom najviac 2× v celej DB: 'Mäso jelenie predné', 'Chrbtová slanina';
domace-kysnute-uzliky-so-sezamom;Domáce kysnuté uzlíky so sezamom;Pečivo;PONECHAT;Bez medzinárodnej predlohy, použiteľný postup (14 krokov / 929 znakov, 11 % ingrediencií bez množstva);
domace-mandlove-mlieko;Domáce mandľové mlieko;Nápoj;PONECHAT;Bez medzinárodnej predlohy, použiteľný postup (3 krokov / 454 znakov, 33 % ingrediencií bez množstva);
domace-maslove-croissanty;Domáce maslové croissanty;Raňajky;NAHRADIT;"Rozmarný variant medzinárodného jedla: ""Domáce maslové croissanty""";Croissants (BBC Good Food)
domace-pecivo;Domáce pečivo;Príloha;PONECHAT;Bez medzinárodnej predlohy, použiteľný postup (16 krokov / 1429 znakov, 0 % ingrediencií bez množstva);
domace-pletenky-a-zemle;Domáce pletenky a žemle;Pečivo;VYHODIT;36 % ingrediencií (4/11) bez množstva – plánovač neurčí výživu ani nákup;
domace-tagliatelle-s-krevetami;Domáce tagliatelle s krevetami;Hlavné jedlo;PONECHAT;Bez medzinárodnej predlohy, použiteľný postup (3 krokov / 624 znakov, 33 % ingrediencií bez množstva);
domace-tortilly;Domáce tortilly;Pečivo;NAHRADIT;"Rozmarný variant medzinárodného jedla: ""Domáce tortilly""";Spanish Tortilla (BBC Good Food)
domace-tukove-zemle;Domáce tukové žemle;Príloha;PONECHAT;Bez medzinárodnej predlohy, použiteľný postup (3 krokov / 769 znakov, 14 % ingrediencií bez množstva);
domace-zemle;Domáce žemle;Raňajky;VYHODIT;36 % ingrediencií (4/11) bez množstva – plánovač neurčí výživu ani nákup;
domaci-bananovo-cokoladovy-liker;Domáci banánovo-čokoládový likér;Nápoj;VYHODIT;2 surovín s výskytom najviac 2× v celej DB: 'Banánový puding', 'Salko';
domaci-biely-zemiakovy-chlieb-s-rascou;Domáci biely zemiakový chlieb s rascou;Príloha;PONECHAT;Bez medzinárodnej predlohy, použiteľný postup (3 krokov / 1221 znakov, 0 % ingrediencií bez množstva);
domaci-chlieb;Domáci chlieb;Raňajky;VYHODIT;2 surovín s výskytom najviac 2× v celej DB: 'Uvarené zemiaky', 'Vlažná voda na kvások a zamiesenie';
domaci-kukuricny-sirup;Domáci kukuričný sirup;Príloha;VYHODIT;"2 surovín s výskytom najviac 2× v celej DB: 'Vinný kamen/Cream of Tartar-""Alnatura Weinstein Backpulver""//', 'Vanilková esencia /biela/'";
domaci-levandulovy-sirup-s-matou-a-citrusmi;Domáci levanduľový sirup s mätou a citrusmi;Nápoj;PONECHAT;Bez medzinárodnej predlohy, použiteľný postup (5 krokov / 1312 znakov, 0 % ingrediencií bez množstva);
domaci-liker-zo-smrekovych-vyhonkov;Domáci likér zo smrekových výhonkov;Nápoj;PONECHAT;Bez medzinárodnej predlohy, použiteľný postup (2 krokov / 368 znakov, 0 % ingrediencií bez množstva);
drstkova-polievka;Držková polievka;Polievka;VYHODIT;2 surovín s výskytom najviac 2× v celej DB: 'Predvarené držky', 'Hovädzí vývar z bujónu';
drzky-po-florentinsky;Držky po florentínsky;Hlavné jedlo;PONECHAT;Bez medzinárodnej predlohy, použiteľný postup (10 krokov / 1803 znakov, 30 % ingrediencií bez množstva);
dukatove-buchticky;Dukátové buchtičky s vanilkovým krémom;Dezert;PONECHAT;Bez medzinárodnej predlohy, použiteľný postup (4 krokov / 755 znakov, 9 % ingrediencií bez množstva);
dusena-bravcova-pecienka-na-cibulke;Dusená bravčová pečienka na cibuľke;Hlavné jedlo;PONECHAT;Bez medzinárodnej predlohy, použiteľný postup (10 krokov / 1137 znakov, 20 % ingrediencií bez množstva);
dusena-ryza-so-zeleninou;Dusená ryža so zeleninou;Príloha;PONECHAT;Bez medzinárodnej predlohy, použiteľný postup (15 krokov / 1217 znakov, 17 % ingrediencií bez množstva);
dusena-sosovica;Dusená šošovica;Príloha;VYHODIT;3 surovín s výskytom najviac 2× v celej DB: 'Mrkva stredne veľká', 'Zelená šošovica', 'Malý zemiak';
dusene-hovadzie-rezne;Dusené hovädzie rezne;Hlavné jedlo;PONECHAT;Bez medzinárodnej predlohy, použiteľný postup (7 krokov / 1075 znakov, 22 % ingrediencií bez množstva);
dusene-morcacie-prsia;Dusené morčacie prsia;Hlavné jedlo;VYHODIT;40 % ingrediencií (4/10) bez množstva – plánovač neurčí výživu ani nákup;
dynstuvana-zelenina;Dynstuvaná zelenina;Príloha;PONECHAT;Bez medzinárodnej predlohy, použiteľný postup (4 krokov / 373 znakov, 0 % ingrediencií bez množstva);
dzatky;Džatky;Hlavné jedlo;PONECHAT;Bez medzinárodnej predlohy, použiteľný postup (3 krokov / 1008 znakov, 17 % ingrediencií bez množstva);
falafel-z-fazule-mungo-na-chlebovej-placke;Falafel z fazule mungo na chlebovej placke;Hlavné jedlo;NAHRADIT;"Rozmarný variant medzinárodného jedla: ""Falafel z fazule mungo na chlebovej placke"" + 2 surovín s výskytom najviac 2× v celej DB: 'Fazuľa mungo', 'Chlebové placky'";Falafel (BBC Good Food)
falosna-kacacia-pecienka;Falošná kačacia pečienka;Hlavné jedlo;VYHODIT;3 surovín s výskytom najviac 2× v celej DB: 'Rozšľahané vajcia', 'Suchý rožok', 'Masť kačacia roztopená';
falosna-treska-s-tvarohom;Falošná „treska“ s tvarohom;Nátierka;PONECHAT;Bez medzinárodnej predlohy, použiteľný postup (3 krokov / 402 znakov, 25 % ingrediencií bez množstva);
famozny-vajickovy-salat;Famózny vajíčkový šalát;Raňajky;VYHODIT;2 surovín s výskytom najviac 2× v celej DB: 'Reďkovka', 'Ochutená majonéza';
fantasticke-kokosove-slimaky;Fantastické kokosové slimáky;Raňajky;PONECHAT;Bez medzinárodnej predlohy, použiteľný postup (7 krokov / 1864 znakov, 8 % ingrediencií bez množstva);
farebny-salat-do-prace;Farebný šalát do práce;Šalát;PONECHAT;Bez medzinárodnej predlohy, použiteľný postup (8 krokov / 897 znakov, 17 % ingrediencií bez množstva);
farebny-salat-s-pecenou-zeleninou;Farebný šalát s pečenou zeleninou;Šalát;PONECHAT;Bez medzinárodnej predlohy, použiteľný postup (3 krokov / 522 znakov, 33 % ingrediencií bez množstva);
farfalle-s-kuracimi-prsami-a-so-smotanou;Farfalle s kuracími prsami a so smotanou;Šalát;VYHODIT;3 surovín s výskytom najviac 2× v celej DB: 'Vňať', 'Farfalle', 'Zálievka s modrým syrom';
fasiangove-siski;Fašiangové šišky (pampúchy);Dezert;PONECHAT;"Slovenské/domáce jedlo bez medzinárodnej predlohy; postup 6 krokov / 1501 znakov";
fasirka-s-prekvapenim;Fašírka s prekvapením;Hlavné jedlo;PONECHAT;Bez medzinárodnej predlohy, použiteľný postup (6 krokov / 903 znakov, 0 % ingrediencií bez množstva);
fasirkova-variacia-na-tanieri-plnom-farieb;Fašírková variácia na tanieri plnom farieb;Hlavné jedlo;PONECHAT;Bez medzinárodnej predlohy, použiteľný postup (11 krokov / 1269 znakov, 6 % ingrediencií bez množstva);
fasirky-z-kuriatok;Fašírky z kuriatok;Hlavné jedlo;PONECHAT;Bez medzinárodnej predlohy, použiteľný postup (3 krokov / 319 znakov, 27 % ingrediencií bez množstva);
fasirky;Fašírky (karbonátky);Hlavné jedlo;VYHODIT;3 surovín s výskytom najviac 2× v celej DB: 'Prosciutto', 'Maslové rozdrvené sušienky', 'Cibuľa nadrobno pokrájaná';
fazulova-kremova-polievka;Fazuľová krémová polievka;Polievka;PONECHAT;Bez medzinárodnej predlohy, použiteľný postup (3 krokov / 923 znakov, 24 % ingrediencií bez množstva);
fazulova-polievka-bez-masa;Fazuľová polievka bez mäsa;Polievka;VYHODIT;"Duplicita: identický postup aj sada ingrediencií ako ""Fazuľová krémová polievka"" (id=fazulova-kremova-polievka), ktorý zostáva (dlhší postup / úplnejšie dáta)";
fazulova-polievka-so-slaninou;Fazuľová polievka so slaninou;Polievka;VYHODIT;"Duplicita: identický postup aj sada ingrediencií ako ""Fazuľová krémová polievka"" (id=fazulova-kremova-polievka), ktorý zostáva (dlhší postup / úplnejšie dáta)";
fazulova-polievka-so-zeleninou;Fazuľová polievka so zeleninou;Polievka;VYHODIT;2 surovín s výskytom najviac 2× v celej DB: 'Zeler sedano', 'Fazuľová múka';
fazulovy-gulas-internacional;Fazuľový guláš „internacionál“;Hlavné jedlo;VYHODIT;4 surovín s výskytom najviac 2× v celej DB: 'Bravčové údené stehno', 'Zelená štipľavá paprika', 'Zelená sladká paprika';
fazulovy-privarok-s-hovadzinou;Fazuľový prívarok s hovädzinou;Príloha;PONECHAT;Bez medzinárodnej predlohy, použiteľný postup (3 krokov / 950 znakov, 29 % ingrediencií bez množstva);
fazulovy-privarok;Fazuľový prívarok;Hlavné jedlo;PONECHAT;Bez medzinárodnej predlohy, použiteľný postup (3 krokov / 624 znakov, 25 % ingrediencií bez množstva);
fazulovy-salat-s-cibulou-a-octom;Fazuľový šalát s cibuľou a octom;Šalát;PONECHAT;Bez medzinárodnej predlohy, použiteľný postup (6 krokov / 395 znakov, 0 % ingrediencií bez množstva);
fazulovy-salat-s-ovcim-syrom;Fazuľový šalát s ovčím syrom;Šalát;VYHODIT;"Slabý postup (3 krokov, 267 znakov; medián DB je 689); 36 % ingrediencií (4/11) bez množstva – plánovač neurčí výživu ani nákup; 5 surovín s výskytom najviac 2× v celej DB: 'Ovčieho syra', 'Malé cibule', 'Uvarených bielych fazulí'";
fazulovy-salat-s-paradajkami-a-vajickami;Fazuľový šalát s paradajkami a vajíčkami;Šalát;PONECHAT;Bez medzinárodnej predlohy, použiteľný postup (3 krokov / 405 znakov, 9 % ingrediencií bez množstva);
fettucine-alla-carbonara;Fettucine alla Carbonara;Cestoviny;NAHRADIT;"Rozmarný variant medzinárodného jedla: ""Fettucine alla Carbonara"" + 3 surovín s výskytom najviac 2× v celej DB: 'Morčacie prsia údené', 'Rezance fettucine zelené', 'Vajca'";Spaghetti alla Carbonara (BBC Good Food)
file-s-cibulou;Filé s cibuľou;Hlavné jedlo;PONECHAT;Bez medzinárodnej predlohy, použiteľný postup (6 krokov / 338 znakov, 33 % ingrediencií bez množstva);
fit-bryndzova-natierka-plna-proteinov;Fit bryndzová nátierka plná proteínov;Snack;VYHODIT;"Slabý postup (3 krokov, 282 znakov; medián DB je 689)";
flambovane-linguine-s-hovadzim-masom-a-so-syrom;Flambované linguine s hovädzím mäsom a so syrom;Hlavné jedlo;VYHODIT;2 surovín s výskytom najviac 2× v celej DB: 'Linguine', 'Sviečkovica hovädzia';
fliacky-s-kapustou;Fliačky s kapustou;Cestoviny;VYHODIT;40 % ingrediencií (2/5) bez množstva – plánovač neurčí výživu ani nákup;
focaccia-s-rozmarinom;Focaccia s rozmarínom a morskou soľou;Pečivo;NAHRADIT;"Rozmarný variant medzinárodného jedla: ""Focaccia s rozmarínom a morskou soľou""";Focaccia (BBC Good Food)
francuzsky-toast;Francúzsky toast;Raňajky;PONECHAT;Bez medzinárodnej predlohy, použiteľný postup (5 krokov / 768 znakov, 22 % ingrediencií bez množstva);
furmanske-halusky;Furmanské halušky;Hlavné jedlo;VYHODIT;3 surovín s výskytom najviac 2× v celej DB: 'Žihľava', 'Topený syr', 'Údený oštiepok';
fusilli-s-cuketou-a-prosciuttom;Fusilli s cuketou a prosciuttom;Cestoviny;VYHODIT;"36 % ingrediencií (4/11) bez množstva – plánovač neurčí výživu ani nákup; 2 surovín s výskytom najviac 2× v celej DB: 'Fusilli', 'Prosciutto'";
galbi-jjim-hovadzie-rebierka;Galbi-jjim – hovädzie rebierka;Hlavné jedlo;VYHODIT;7 surovín s výskytom najviac 2× v celej DB: 'Rebierka hovädzie', 'Cibuľka mladá s vňaťou nakrájaná na kúsky', 'Škrobový sirup';
gastanovy-dezert;Gaštanový dezert;Snack;VYHODIT;3 surovín s výskytom najviac 2× v celej DB: 'Pyré gaštanové', 'Mlieko z lieskových orechov', 'Lekvár domáci';
gnocchi-s-hovadzim-ragu;Gnocchi s hovädzím ragú;Hlavné jedlo;NAHRADIT;"Rozmarný variant medzinárodného jedla: ""Gnocchi s hovädzím ragú""";Potato Gnocchi (BBC Good Food)
gnocchi-so-spenatom-a-syrom;Gnocchi so špenátom a syrom;Cestoviny;NAHRADIT;"Rozmarný variant medzinárodného jedla: ""Gnocchi so špenátom a syrom""";Potato Gnocchi (BBC Good Food)
grahamove-rozky-so-sezamom;Grahamové rožky so sezamom;Snack;VYHODIT;2 surovín s výskytom najviac 2× v celej DB: 'Pšeničná grahamová múka', 'Sladenka';
grecke-kuracie-so-zemiakmi;Grécke kuracie so zemiakmi;Hlavné jedlo;VYHODIT;44 % ingrediencií (7/16) bez množstva – plánovač neurčí výživu ani nákup;
grecke-tzatziki-salatove-osviezenie-z-uhoriek-a-jogurtu;Grécke tzatziki, šalátové osvieženie z uhoriek a jogurtu;Šalát;NAHRADIT;"Rozmarný variant medzinárodného jedla: ""Grécke tzatziki, šalátové osvieženie z uhoriek a jogurtu""";Tzatziki (TheMealDB)
grecky-jogurt-s-medom-a-orechmi;Grécky jogurt s medom a orechmi;Snack;PONECHAT;Bez medzinárodnej predlohy, použiteľný postup (4 krokov / 744 znakov, 11 % ingrediencií bez množstva);
grecky-salat-s-fetou;Grécky šalát s fetou;Šalát;PONECHAT;Bez medzinárodnej predlohy, použiteľný postup (4 krokov / 355 znakov, 25 % ingrediencií bez množstva);
grilovana-chobotnica;Grilovaná chobotnica;Hlavné jedlo;VYHODIT;2 surovín s výskytom najviac 2× v celej DB: 'Očistená chobotnica', 'Olivy čierne s kôstkou';
grilovana-krevetova-miska-s-ryzou;Grilovaná krevetová miska s ryžou a avokádom;Hlavné jedlo;PONECHAT;Bez medzinárodnej predlohy, použiteľný postup (4 krokov / 559 znakov, 27 % ingrediencií bez množstva);
grilovana-krkovicka;Grilovaná krkovička;Hlavné jedlo;VYHODIT;2 surovín s výskytom najviac 2× v celej DB: 'Korenie na bravčové mäso', 'Krkovička';
grilovana-paprika-s-cesnakom;Grilovaná paprika s cesnakom;Príloha;VYHODIT;"43 % ingrediencií (3/7) bez množstva – plánovač neurčí výživu ani nákup; 3 surovín s výskytom najviac 2× v celej DB: 'Veľká farebná mäsitá paprika', 'Vínny ocot biely', 'Bylinky zmes'";
grilovana-zelenina;Grilovaná zelenina;Príloha;PONECHAT;Bez medzinárodnej predlohy, použiteľný postup (3 krokov / 484 znakov, 22 % ingrediencií bez množstva);
grilovane-bravcove-rebra-s-medovou-glazurou;Grilované bravčové rebrá s medovou glazúrou;Hlavné jedlo;PONECHAT;Bez medzinárodnej predlohy, použiteľný postup (9 krokov / 1317 znakov, 12 % ingrediencií bez množstva);
grilovane-kuracie-pecienky-so-sampinonmi;Grilované kuracie pečienky so šampiňónmi;Hlavné jedlo;VYHODIT;"Slabý postup (4 krokov, 275 znakov; medián DB je 689); 40 % ingrediencií (2/5) bez množstva – plánovač neurčí výživu ani nákup";
grilovane-marinovane-tofu-so-sezamom;Grilované marinované tofu so sezamom;Šalát;VYHODIT;2 surovín s výskytom najviac 2× v celej DB: 'Marinované tofu', 'Fialová cibuľa';
grilovane-morcacie-prsia-na-hrasku;Grilované morčacie prsia na hrášku;Hlavné jedlo;VYHODIT;38 % ingrediencií (3/8) bez množstva – plánovač neurčí výživu ani nákup;
grilovane-tofu;Grilované tofu;Hlavné jedlo;VYHODIT;2 surovín s výskytom najviac 2× v celej DB: 'Vegea s cesnakom', 'Ajvar jemný/pikant';
grilovany-losos-s-avokadovou-salsou;Grilovaný losos s avokádovou salsou;Hlavné jedlo;VYHODIT;"Slabý postup (4 krokov, 236 znakov; medián DB je 689); 43 % ingrediencií (3/7) bez množstva – plánovač neurčí výživu ani nákup";
grilovany-tuniak-steak-s-bylinkami;Grilovaný tuniakový steak s bylinkami;Hlavné jedlo;PONECHAT;Bez medzinárodnej predlohy, použiteľný postup (3 krokov / 584 znakov, 14 % ingrediencií bez množstva);
gulas-z-diviny;Guláš z diviny;Polievka;VYHODIT;3 surovín s výskytom najviac 2× v celej DB: 'Mäso z diviny', 'Klobása domáca', 'Zelerový list';
gulas-z-mleteho-masa-s-makaronmi-z-jedneho-hrnca;Guláš z mletého mäsa s makarónmi z jedného hrnca;Hlavné jedlo;VYHODIT;4 surovín s výskytom najviac 2× v celej DB: 'Lúpané krájané pradajky', 'Paradajková passata', 'Bylinky talianske sušené';
gulasova-polievka;Gulášová polievka;Polievka;PONECHAT;"Slovenské/domáce jedlo bez medzinárodnej predlohy; postup 4 krokov / 977 znakov";
gulky-s-dynamitom;Guľky s dynamitom;Hlavné jedlo;VYHODIT;38 % ingrediencií (5/13) bez množstva – plánovač neurčí výživu ani nákup;
halusky-s-vajcom-a-s-pazitkou;Halušky s vajcom a s pažítkou;Hlavné jedlo;PONECHAT;"Slovenské/domáce jedlo bez medzinárodnej predlohy; postup 10 krokov / 1353 znakov";
hanacke-kolace;Hanácke koláče;Raňajky;PONECHAT;Bez medzinárodnej predlohy, použiteľný postup (6 krokov / 746 znakov, 7 % ingrediencií bez množstva);
harula;Haruľa (zemiakové placky pečené);Hlavné jedlo;VYHODIT;3 surovín s výskytom najviac 2× v celej DB: 'Fazuľa biela sterilizovaná', 'Červená sterilizovaná fazuľa', 'Bylinkový dresing';
hemendex;Hemendex (šunka s vajcom);Raňajky;VYHODIT;"Slabý postup (6 krokov, 294 znakov; medián DB je 689); 43 % ingrediencií (3/7) bez množstva – plánovač neurčí výživu ani nákup";
hlavkovy-salat;Hlávkový šalát na smotane;Šalát;PONECHAT;Bez medzinárodnej predlohy, použiteľný postup (3 krokov / 326 znakov, 0 % ingrediencií bez množstva);
hlivovo-syrova-natierka;Hlivovo-syrová nátierka;Nátierka;PONECHAT;Bez medzinárodnej predlohy, použiteľný postup (4 krokov / 661 znakov, 0 % ingrediencií bez množstva);
hniezda-pre-vajicka;Hniezda pre vajíčka;Snack;PONECHAT;Bez medzinárodnej predlohy, použiteľný postup (5 krokov / 890 znakov, 0 % ingrediencií bez množstva);
holandske-kysnute-palacinky;Holandské kysnuté palacinky;Príloha;NAHRADIT;"Rozmarný variant medzinárodného jedla: ""Holandské kysnuté palacinky""";Pancakes (BBC Good Food)
holubky;Plnená kapusta (holúbky);Hlavné jedlo;VYHODIT;38 % ingrediencií (6/16) bez množstva – plánovač neurčí výživu ani nákup;
horuca-biela-cokolada;Horúca biela čokoláda;Nápoj;VYHODIT;"Slabý postup (4 krokov, 171 znakov; medián DB je 689)";
horuca-cokolada;Domáca horúca čokoláda;Nápoj;VYHODIT;"Duplicita: identický postup aj sada ingrediencií ako ""Horúca biela čokoláda"" (id=horuca-biela-cokolada), ktorý zostáva (dlhší postup / úplnejšie dáta)";
horuce-kakao-s-chilli;Horúce kakao s chilli;Nápoj;PONECHAT;Bez medzinárodnej predlohy, použiteľný postup (6 krokov / 506 znakov, 25 % ingrediencií bez množstva);
hovadzi-burger-mcpulitzer;Hovädzí burger McPulitzer;Hlavné jedlo;NAHRADIT;"Rozmarný variant medzinárodného jedla: ""Hovädzí burger McPulitzer"" + 2 surovín s výskytom najviac 2× v celej DB: 'Podpleca hovädzie', 'Žemľa na burger'";Classic Beef Burger (BBC Good Food)
hovadzi-gulas-na-cervenom-vine-fotorecept;Hovädzí guláš na červenom víne /fotorecept/;Hlavné jedlo;PONECHAT;"Slovenské/domáce jedlo bez medzinárodnej predlohy; postup 6 krokov / 1015 znakov";
hovadzi-gulas-pre-nesoferov;Hovädzí guláš, pre nešoférov;Hlavné jedlo;VYHODIT;3 surovín s výskytom najviac 2× v celej DB: 'Mletá paprika štipľavá', 'Lečo', 'Červené suché víno';
hovadzi-gulas-s-cibulou;Hovädzí guláš s cibuľou;Hlavné jedlo;PONECHAT;"Slovenské/domáce jedlo bez medzinárodnej predlohy; postup 8 krokov / 915 znakov";
hovadzi-hamburger-ala-jamie;Hovädzí hamburger ala Jamie;Hlavné jedlo;NAHRADIT;"Rozmarný variant medzinárodného jedla: ""Hovädzí hamburger ala Jamie"" + 3 surovín s výskytom najviac 2× v celej DB: 'Semienka slnečnice', 'Hovädziemleté mäso', 'Worchestrová omáčka'";Classic Beef Burger (BBC Good Food)
hovadzi-hamburger-s-domacou-zemlou;Hovädzí hamburger s domácou žemľou;Hlavné jedlo;NAHRADIT;"Rozmarný variant medzinárodného jedla: ""Hovädzí hamburger s domácou žemľou""";Classic Beef Burger (BBC Good Food)
hovadzi-steak-s-cesnakovym-maslom;Hovädzí steak s cesnakovým maslom;Hlavné jedlo;VYHODIT;"Slabý postup (3 krokov, 287 znakov; medián DB je 689); 2 surovín s výskytom najviac 2× v celej DB: 'Krkovica hovädzia', 'Drvené borievky'";
hovadzi-stir-fry-so-zeleninou;Hovädzí stir-fry so zeleninou;Hlavné jedlo;PONECHAT;Bez medzinárodnej predlohy, použiteľný postup (3 krokov / 630 znakov, 25 % ingrediencií bez množstva);
hovadzi-stroganov;Hovädzí Stroganov;Hlavné jedlo;PONECHAT;Bez medzinárodnej predlohy, použiteľný postup (6 krokov / 1061 znakov, 20 % ingrediencií bez množstva);
hovadzi-vyvar-so-zeleninou;Hovädzí vývar so zeleninou;Polievka;PONECHAT;Bez medzinárodnej predlohy, použiteľný postup (3 krokov / 305 znakov, 29 % ingrediencií bez množstva);
hovadzi-vyvar;Hovädzí vývar;Polievka;PONECHAT;Bez medzinárodnej predlohy, použiteľný postup (4 krokov / 940 znakov, 8 % ingrediencií bez množstva);
hovadzi-zavitok;Hovädzí závitok;Hlavné jedlo;PONECHAT;Bez medzinárodnej predlohy, použiteľný postup (3 krokov / 896 znakov, 33 % ingrediencií bez množstva);
hovadzia-podbrusina-pecena-so-zeleninou;Hovädzia podbrušina pečená so zeleninou;Hlavné jedlo;VYHODIT;6 surovín s výskytom najviac 2× v celej DB: 'Slabina hovädzia', 'Cesnak v prášku', 'Cibuľa v prášku';
hovadzia-rostenka-na-rozmarine;Hovädzia roštenka na rozmaríne;Hlavné jedlo;PONECHAT;Bez medzinárodnej predlohy, použiteľný postup (3 krokov / 516 znakov, 0 % ingrediencií bez množstva);
hovadzia-rostenka-na-slaninke-s-mozaikovym-knedlikom;Hovädzia roštenka na slaninke s mozaikovým knedlíkom;Hlavné jedlo;PONECHAT;"Slovenské/domáce jedlo bez medzinárodnej predlohy; postup 3 krokov / 1545 znakov";
hovadzie-carbonnade;Hovädzie carbonnade;Hlavné jedlo;VYHODIT;2 surovín s výskytom najviac 2× v celej DB: 'Prelisovaný cesnak', 'Hnedý trstinový cukor';
hovadzie-chilli-s-fazulou;Hovädzie chilli s fazuľou;Hlavné jedlo;PONECHAT;Bez medzinárodnej predlohy, použiteľný postup (8 krokov / 1023 znakov, 25 % ingrediencií bez množstva);
hovadzie-kocky-s-fernetom-a-kakaom;Hovädzie kocky s fernetom a kakaom;Hlavné jedlo;VYHODIT;2 surovín s výskytom najviac 2× v celej DB: 'Ferenet', 'Lekvár slivkový s kakaom';
hovadzie-kusky-na-smotane;Hovädzie kúsky na smotane;Hlavné jedlo;PONECHAT;Bez medzinárodnej predlohy, použiteľný postup (8 krokov / 1080 znakov, 21 % ingrediencií bez množstva);
hovadzie-lasagne;Hovädzie lasagne;Hlavné jedlo;NAHRADIT;"Rozmarný variant medzinárodného jedla: ""Hovädzie lasagne""";Classic Lasagne (BBC Good Food)
hovadzie-licka-na-pive-s-dzatkami;Hovädzie líčka na pive s džatkami;Hlavné jedlo;PONECHAT;Bez medzinárodnej predlohy, použiteľný postup (5 krokov / 1760 znakov, 28 % ingrediencií bez množstva);
hovadzie-maso-na-stave;Hovädzie mäso na šťave;Hlavné jedlo;PONECHAT;Bez medzinárodnej predlohy, použiteľný postup (4 krokov / 1230 znakov, 20 % ingrediencií bez množstva);
hovadzie-na-hlive-s-ryzou;Hovädzie na hlive s ryžou;Hlavné jedlo;PONECHAT;Bez medzinárodnej predlohy, použiteľný postup (5 krokov / 687 znakov, 12 % ingrediencií bez množstva);
hovadzie-na-hriboch;Hovädzie na hríboch;Hlavné jedlo;VYHODIT;2 surovín s výskytom najviac 2× v celej DB: 'Vývar hovädzí domáci', 'Surový strúhaný zemiak';
hovadzie-na-stave-bez-papriky;Hovädzie na šťave bez papriky;Hlavné jedlo;VYHODIT;40 % ingrediencií (4/10) bez množstva – plánovač neurčí výživu ani nákup;
hovadzie-na-tmavom-pive;Hovädzie na tmavom pive;Hlavné jedlo;VYHODIT;38 % ingrediencií (5/13) bez množstva – plánovač neurčí výživu ani nákup;
hovadzie-platky-na-dubakoch-a-cervenom-vine;Hovädzie plátky na dubákoch a červenom víne;Hlavné jedlo;VYHODIT;40 % ingrediencií (4/10) bez množstva – plánovač neurčí výživu ani nákup;
hovadzie-platky-na-hubach-sraca-z-kosic;Hovädzie plátky na hubách Šráca z Košíc;Hlavné jedlo;VYHODIT;2 surovín s výskytom najviac 2× v celej DB: 'Brezové sušené kozáky', 'Pikantný kečup';
hovadzie-platky-na-sampinonoch;Hovädzie plátky na šampiňónoch;Hlavné jedlo;VYHODIT;2 surovín s výskytom najviac 2× v celej DB: 'Mäso hovädzie predné', 'Knedľa';
hovadzie-plece-na-smotane;Hovädzie plece na smotane;Hlavné jedlo;VYHODIT;2 surovín s výskytom najviac 2× v celej DB: 'Pliecko hovädzie', 'Smotana 33%';
hovadzie-plnene-rolky;Hovädzie plnené rolky;Hlavné jedlo;VYHODIT;3 surovín s výskytom najviac 2× v celej DB: 'Mäso hovädzie predné', 'Červené domáce víno', 'Kápia červená v oleji';
hovadzie-ragu;Hovädzie ragú;Hlavné jedlo;PONECHAT;Bez medzinárodnej predlohy, použiteľný postup (4 krokov / 848 znakov, 14 % ingrediencií bez množstva);
hovadzie-roladky;Hovädzie roládky;Hlavné jedlo;PONECHAT;Bez medzinárodnej predlohy, použiteľný postup (5 krokov / 706 znakov, 33 % ingrediencií bez množstva);
hovadzie-s-knedlou-a-koprovkou;Hovädzie s knedľou a kôprovkou;Hlavné jedlo;VYHODIT;3 surovín s výskytom najviac 2× v celej DB: 'Korenie na steak', 'Vývar z mäsa', 'Biele burizóny';
hovadzie-s-trikolorou-paprik;Hovädzie s trikolórou paprík;Hlavné jedlo;PONECHAT;Bez medzinárodnej predlohy, použiteľný postup (9 krokov / 1030 znakov, 20 % ingrediencií bez množstva);
hovadzie-so-zeleninou;Hovädzie so zeleninou;Hlavné jedlo;VYHODIT;"38 % ingrediencií (3/8) bez množstva – plánovač neurčí výživu ani nákup; 2 surovín s výskytom najviac 2× v celej DB: 'Karotka', 'Vývar mäsový z kocky'";
hovadzie-v-cervenej-omacke;Hovädzie v červenej omáčke;Hlavné jedlo;PONECHAT;Bez medzinárodnej predlohy, použiteľný postup (3 krokov / 762 znakov, 20 % ingrediencií bez množstva);
hovadzie-v-miske;Hovädzie v miske;Hlavné jedlo;VYHODIT;"38 % ingrediencií (5/13) bez množstva – plánovač neurčí výživu ani nákup; 2 surovín s výskytom najviac 2× v celej DB: 'Vývar z hovädzích kostí', 'Džús z čiernych ribezlí'";
hovadzie-zadne-s-hlivou-a-kari-korenim;Hovädzie zadné s hlivou a kari korením;Hlavné jedlo;NAHRADIT;"Rozmarný variant medzinárodného jedla: ""Hovädzie zadné s hlivou a kari korením"" + 5 surovín s výskytom najviac 2× v celej DB: 'Malý zeler', 'Cibuľka mladá s vňaťou', 'Koriander vňať'";Chicken Curry (BBC Good Food)
hrachova-kasa;Hrachová kaša s cibuľkou;Hlavné jedlo;PONECHAT;Bez medzinárodnej predlohy, použiteľný postup (3 krokov / 422 znakov, 0 % ingrediencií bez množstva);
hrachova-polievka-s-badyanom;Hrachová polievka s badyánom;Polievka;PONECHAT;Bez medzinárodnej predlohy, použiteľný postup (3 krokov / 590 znakov, 22 % ingrediencií bez množstva);
hrachova-polievka-v-kotliku;Hrachová polievka v kotlíku;Hlavné jedlo;VYHODIT;2 surovín s výskytom najviac 2× v celej DB: 'Bravčové surové koleno', 'Žltý suchý polený hrach';
hrachova-polievka;Hrachová polievka s údeným;Polievka;VYHODIT;2 surovín s výskytom najviac 2× v celej DB: 'Vývar z údeného mäsa', 'Bravčové údené plece';
hraskova-kremova-polievka-s-matou;Hrášková krémová polievka s mätou;Polievka;VYHODIT;5 surovín s výskytom najviac 2× v celej DB: 'Pieporná čerstvá mäta', 'Petržlen - koreň', 'Smotana sladká na šľahanie 33%-tná';
hraskova-natierka-s-matou;Hrášková nátierka s mätou;Nátierka;VYHODIT;"Slabý postup (3 krokov, 234 znakov; medián DB je 689); 43 % ingrediencií (3/7) bez množstva – plánovač neurčí výživu ani nákup";
hrianky-s-drobkovou-natierkou;Hrianky s drobkovou nátierkou;Nátierka;VYHODIT;4 surovín s výskytom najviac 2× v celej DB: 'Kuracie drobky varené', 'Pikantná horčica', 'Maslo nátierkové alebo rastlinné';
hribovica-s-udenym-masom;Hríbovica s údeným mäsom;Polievka;VYHODIT;3 surovín s výskytom najviac 2× v celej DB: 'Údená krkovička', 'Koreňová zelenina-zmes', 'Mäsový vývar z kocky';
hrstkova-polievka-racio;Hŕstková polievka racio;Polievka;PONECHAT;Bez medzinárodnej predlohy, použiteľný postup (5 krokov / 507 znakov, 12 % ingrediencií bez množstva);
hrube-rezance-s-rukolovym-pestom;Hrubé rezance s rukolovým pestom;Cestoviny;NAHRADIT;"Rozmarný variant medzinárodného jedla: ""Hrubé rezance s rukolovým pestom"" + 2 surovín s výskytom najviac 2× v celej DB: 'Orechy para', 'Parmezán na posypanie'";Pesto alla Genovese (BBC Good Food)
hruskova-babovka-s-kuskami-bielej-cokolady;Hrušková bábovka s kúskami bielej čokolády;Raňajky;PONECHAT;Bez medzinárodnej predlohy, použiteľný postup (4 krokov / 609 znakov, 23 % ingrediencií bez množstva);
hruskova-salatova-miska-s-orechmi-a-syrom;Hrušková šalátová miska s orechmi a syrom;Šalát;VYHODIT;2 surovín s výskytom najviac 2× v celej DB: 'Pizzové cesto', 'Karotka';
hrusky-s-gorgonzolou-a-orechmi-salat;Šalát s hruškami, gorgonzolou a orechmi;Šalát;VYHODIT;2 surovín s výskytom najviac 2× v celej DB: 'Cibuľová vňať', 'Biele balzamiko';
hubova-kremova-polievka;Hubová krémová polievka;Polievka;PONECHAT;Bez medzinárodnej predlohy, použiteľný postup (4 krokov / 302 znakov, 12 % ingrediencií bez množstva);
hubove-knedlicky-do-polievky;Hubové knedličky do polievky;Príloha;VYHODIT;36 % ingrediencií (4/11) bez množstva – plánovač neurčí výživu ani nákup;
hubovy-cordon-bleu;Hubový Cordon bleu;Šalát;VYHODIT;2 surovín s výskytom najviac 2× v celej DB: 'Šampiňóny portobello', 'Kvasný ocot';
huby-s-nivou;Huby s Nivou;Hlavné jedlo;PONECHAT;Bez medzinárodnej predlohy, použiteľný postup (5 krokov / 410 znakov, 33 % ingrediencií bez množstva);
huspenina-s-chudym-masom;Huspenina s chudým mäsom;Snack;PONECHAT;"Slovenské/domáce jedlo bez medzinárodnej predlohy; postup 5 krokov / 1505 znakov";
husta-gulasova-polievka-z-mleteho-masa;Hustá gulášová polievka z mletého mäsa;Hlavné jedlo;PONECHAT;"Slovenské/domáce jedlo bez medzinárodnej predlohy; postup 5 krokov / 848 znakov";
husta-zeleninova-polievka;Hustá zeleninová polievka;Polievka;PONECHAT;Bez medzinárodnej predlohy, použiteľný postup (4 krokov / 978 znakov, 19 % ingrediencií bez množstva);
hydinove-ministeaky-s-jablkami-so-sampinonmi-a-s-kalvadoso;Hydinové ministeaky s jablkami, so šampiňónmi a s kalvadosom;Hlavné jedlo;VYHODIT;2 surovín s výskytom najviac 2× v celej DB: 'Hydinové prsia', 'Kalvados';
indicka-vajecna-omeleta;Indická vaječná omeleta;Raňajky;NAHRADIT;"Rozmarný variant medzinárodného jedla: ""Indická vaječná omeleta""";Omelette (BBC Good Food)
indonezska-omeleta;Indonézska omeleta;Raňajky;NAHRADIT;"Rozmarný variant medzinárodného jedla: ""Indonézska omeleta"" + 2 surovín s výskytom najviac 2× v celej DB: 'Sambal Oelek Shan´shi', 'Výhonky bambusové Shan´shi'";Omelette (BBC Good Food)
injera-vajcovy-wrap-etiopsky;Etiópsky wrap s vajcom (injera štýl);Raňajky;VYHODIT;"44 % ingrediencií (4/9) bez množstva – plánovač neurčí výživu ani nákup; 4 surovín s výskytom najviac 2× v celej DB: 'Prášok do pečiva bez fosfátov', 'Avokádo zrelé menšie', 'Paradajky čerstvé stredne veľké'";
jablcna-limonada-so-skoricou;Jablčná limonáda so škoricou;Nápoj;VYHODIT;"Duplicita: identický postup aj sada ingrediencií ako ""Bazalková limonáda"" (id=bazalkova-limonada), ktorý zostáva (dlhší postup / úplnejšie dáta)";
jablko-s-arasidovym-maslom;Jablko s arašidovým maslom;Snack;PONECHAT;Bez medzinárodnej predlohy, použiteľný postup (8 krokov / 605 znakov, 0 % ingrediencií bez množstva);
jablkova-strudla;Jablková štrúdľa (závin);Dezert;PONECHAT;"Slovenské/domáce jedlo bez medzinárodnej predlohy; postup 7 krokov / 355 znakov";
jablkova-torta;Jablková torta;Dezert;PONECHAT;Bez medzinárodnej predlohy, použiteľný postup (5 krokov / 827 znakov, 0 % ingrediencií bez množstva);
jablkove-kolieska-s-arasidovym-maslom;Jablkové kolieska s arašidovým maslom a hrozienkami;Snack;PONECHAT;Bez medzinárodnej predlohy, použiteľný postup (8 krokov / 454 znakov, 11 % ingrediencií bez množstva);
jablkovo-skoricove-palacinky;Jablkovo-škoricové palacinky;Raňajky;NAHRADIT;"Rozmarný variant medzinárodného jedla: ""Jablkovo-škoricové palacinky""";Pancakes (BBC Good Food)
jablkovo-skoricovy-crumble;Jablkovo-škoricový crumble;Dezert;NAHRADIT;"Rozmarný variant medzinárodného jedla: ""Jablkovo-škoricový crumble""";Apple Crumble (BBC Good Food)
jablkovo-zelerovy-salat;Jablkovo-zelerový šalát;Šalát;VYHODIT;2 surovín s výskytom najviac 2× v celej DB: 'Sterilizovaný ananás', 'Strúhaný sterilizovaný zeler';
jablkovy-kolac;Jablkový koláč;Dezert;PONECHAT;Bez medzinárodnej predlohy, použiteľný postup (5 krokov / 680 znakov, 12 % ingrediencií bez množstva);
jablkovy-strudla;Jablkový štrúdľa;Dezert;VYHODIT;"Duplicita: identický postup aj sada ingrediencií ako ""Jablková štrúdľa (závin)"" (id=jablkova-strudla), ktorý zostáva (dlhší postup / úplnejšie dáta)";
jablkovy-zakusok-s-cokopudingovym-kremom;Jablkový zákusok s čokopudingovým krémom;Dezert;PONECHAT;Bez medzinárodnej predlohy, použiteľný postup (8 krokov / 997 znakov, 26 % ingrediencií bez množstva);
jahnacie-kare-s-baklazanovym-kaviarom-a-raviolou;Jahňacie karé s baklažánovým kaviárom a raviolou;Cestoviny;VYHODIT;2 surovín s výskytom najviac 2× v celej DB: 'Karé jahňacie', 'Múka semola';
jahodove-hrebienky;Jahodové hrebienky;Raňajky;VYHODIT;2 surovín s výskytom najviac 2× v celej DB: 'Kysnuté cesto', 'Kyslá lahôdková smotana';
jahodovo-bananove-smoothie;Jahodovo-banánové smoothie;Nápoj;NAHRADIT;"Rozmarný variant medzinárodného jedla: ""Jahodovo-banánové smoothie"" + slabý postup (2 krokov, 275 znakov; medián DB je 689)";Fruit Smoothie (BBC Good Food)
jahodovo-hruskove-smoothie-s-bazalkou;Jahodovo-hruškové smoothie s bazalkou;Snack;NAHRADIT;"Rozmarný variant medzinárodného jedla: ""Jahodovo-hruškové smoothie s bazalkou""";Fruit Smoothie (BBC Good Food)
jahodovy-cheesecake-bez-pecenia;Jahodový cheesecake bez pečenia;Dezert;NAHRADIT;"Rozmarný variant medzinárodného jedla: ""Jahodový cheesecake bez pečenia""";Baked Cheesecake (BBC Good Food)
jahodovy-dzem-s-celymi-plodmi;Jahodový džem s celými plodmi;Snack;PONECHAT;Bez medzinárodnej predlohy, použiteľný postup (10 krokov / 780 znakov, 0 % ingrediencií bez množstva);
jahodovy-dzem-s-lesnym-ovocim;Jahodový džem s lesným ovocím;Raňajky;PONECHAT;Bez medzinárodnej predlohy, použiteľný postup (3 krokov / 664 znakov, 25 % ingrediencií bez množstva);
jahodovy-puding;Jahodový puding;Dezert;PONECHAT;Bez medzinárodnej predlohy, použiteľný postup (4 krokov / 554 znakov, 25 % ingrediencií bez množstva);
jahodovy-sirup-s-malinami;Jahodový sirup s malinami;Nápoj;PONECHAT;Bez medzinárodnej predlohy, použiteľný postup (4 krokov / 826 znakov, 0 % ingrediencií bez množstva);
jarna-plnena-tortilla;Jarná plnená tortilla;Hlavné jedlo;NAHRADIT;"Rozmarný variant medzinárodného jedla: ""Jarná plnená tortilla"" + 3 surovín s výskytom najviac 2× v celej DB: 'Zeleninová mexická zmes', 'Tortilly', 'Sójová sladká omáčka'";Spanish Tortilla (BBC Good Food)
jarne-rizoto-s-hraskom-a-bylinkovym-olejom;Jarné rizoto s hráškom a bylinkovým olejom;Hlavné jedlo;NAHRADIT;"Rozmarný variant medzinárodného jedla: ""Jarné rizoto s hráškom a bylinkovým olejom"" + 4 surovín s výskytom najviac 2× v celej DB: 'Kyslá tučná smotana', 'Biele rizoto', 'Trebuľka'";Risotto alla Milanese (BBC Good Food)
jazminova-ryza-s-kokosom;Jazmínová ryža s kokosom;Príloha;VYHODIT;"Slabý postup (3 krokov, 201 znakov; medián DB je 689)";
jednoducha-pohanka-s-bryndzou;Jednoduchá pohánka s bryndzou;Hlavné jedlo;VYHODIT;"Slabý postup (5 krokov, 272 znakov; medián DB je 689); 40 % ingrediencií (2/5) bez množstva – plánovač neurčí výživu ani nákup";
jednoduche-croissanty;Jednoduché croissanty;Pečivo;NAHRADIT;"Rozmarný variant medzinárodného jedla: ""Jednoduché croissanty""";Croissants (BBC Good Food)
jednoduchy-srvatkovy-chlieb;Jednoduchý srvátkový chlieb;Snack;VYHODIT;2 surovín s výskytom najviac 2× v celej DB: 'Múka pšeničná hladká T650', 'Srvátka';
jeleni-saslik-s-bryndzou-so-zeleninou-a-slivkovym-dipom;Jelení šašlík s bryndzou, so zeleninou a slivkovým dipom;Hlavné jedlo;VYHODIT;2 surovín s výskytom najviac 2× v celej DB: 'Sviečkovica jelenia', 'Korenie na šašlík';
jelenie-kare-s-visnovo-cokoladovou-omackou;Jelenie karé s višňovo-čokoládovou omáčkou;Hlavné jedlo;VYHODIT;2 surovín s výskytom najviac 2× v celej DB: 'Karé jelenie', 'Zavárané višne';
jelenie-stehno-pod-prikryvkou;Jelenie stehno pod prikrývkou;Hlavné jedlo;VYHODIT;5 surovín s výskytom najviac 2× v celej DB: 'Stehno jelenie', 'Väčší cesnak', 'Paprika zelená väčšia';
jelenie-v-pikantnej-marinade;Jelenie v pikantnej marináde;Hlavné jedlo;PONECHAT;Bez medzinárodnej predlohy, použiteľný postup (6 krokov / 834 znakov, 0 % ingrediencií bez množstva);
jemna-kuracia-pasteta;Jemná kuracia paštéta;Nátierka;PONECHAT;Bez medzinárodnej predlohy, použiteľný postup (3 krokov / 582 znakov, 0 % ingrediencií bez množstva);
jemna-lahodna-natierka-z-trescej-pecene;Jemná lahodná nátierka z tresčej pečene;Nátierka;VYHODIT;"40 % ingrediencií (2/5) bez množstva – plánovač neurčí výživu ani nákup; 2 surovín s výskytom najviac 2× v celej DB: 'Pečeň tresčia v konzerve', 'Majonéza hustá základná domáca'";
jemne-jablkove-kosicky;Jemné jablkové košíčky;Snack;VYHODIT;"40 % ingrediencií (6/15) bez množstva – plánovač neurčí výživu ani nákup; 2 surovín s výskytom najviac 2× v celej DB: 'Žĺtkok', 'Prášok krémový Zlatý klas'";
jemne-pikantne-hovadzie-kusky;Jemne pikantné hovädzie kúsky;Hlavné jedlo;PONECHAT;Bez medzinárodnej predlohy, použiteľný postup (3 krokov / 654 znakov, 0 % ingrediencií bez množstva);
jemne-turecke-rozky;Jemné turecké rožky;Raňajky;VYHODIT;38 % ingrediencií (6/16) bez množstva – plánovač neurčí výživu ani nákup;
jesenny-teply-salat-s-pecenou-cervenou-repou;Jesenný teplý šalát s pečenou červenou repou;Šalát;PONECHAT;Bez medzinárodnej predlohy, použiteľný postup (4 krokov / 715 znakov, 18 % ingrediencií bez množstva);
jogurtova-bublanina-s-makom-a-jahodami;Jogurtová bublanina s makom a jahodami;Dezert;PONECHAT;"Slovenské/domáce jedlo bez medzinárodnej predlohy; postup 3 krokov / 312 znakov";
jogurtovy-salat;Jogurtový šalát;Šalát;VYHODIT;"Slabý postup (3 krokov, 299 znakov; medián DB je 689); 36 % ingrediencií (4/11) bez množstva – plánovač neurčí výživu ani nákup; 3 surovín s výskytom najviac 2× v celej DB: 'Reďkovka biela', 'Jogurt biely light', 'Polievkové korenie'";
kacacie-stehna-s-bielou-hlavkovou-kapustou-a-knedlou;Kačacie stehná s bielou hlávkovou kapustou a knedľou;Príloha;PONECHAT;"Slovenské/domáce jedlo bez medzinárodnej predlohy; postup 3 krokov / 880 znakov";
kacka-pecena-na-zemiakoch-a-batatoch;Kačka pečená na zemiakoch a batatoch;Hlavné jedlo;VYHODIT;38 % ingrediencií (3/8) bez množstva – plánovač neurčí výživu ani nákup;
kaiserky;Kaiserky s makom;Pečivo;PONECHAT;Bez medzinárodnej predlohy, použiteľný postup (17 krokov / 2991 znakov, 20 % ingrediencií bez množstva);
kakaove-slimaky-bleskovky;Kakaové slimáky bleskovky;Snack;PONECHAT;Bez medzinárodnej predlohy, použiteľný postup (5 krokov / 463 znakov, 10 % ingrediencií bez množstva);
kakaovy-kolac-s-bielkovou-plnkou;Kakaový koláč s bielkovou plnkou;Raňajky;PONECHAT;Bez medzinárodnej predlohy, použiteľný postup (9 krokov / 1402 znakov, 6 % ingrediencií bez množstva);
kapustnica-dedka-cyra;Kapustnica dedka Cyra;Polievka;VYHODIT;2 surovín s výskytom najviac 2× v celej DB: 'Krúpy jačmenné č.8', 'Hubový bujón';
kapustnica-na-rozlucku-s-des-moines-iowa;Kapustnica na rozlúčku s Des Moines Iowa;Polievka;VYHODIT;8 surovín s výskytom najviac 2× v celej DB: 'Huby sušené zmes', 'Zmes klobásovo-gulášová „Urblík-KN“', 'Štipľavá paprička';
kapustnica;Kapustnica s klobásou;Polievka;VYHODIT;2 surovín s výskytom najviac 2× v celej DB: 'Údené kosti', 'Stredné krúpy';
kapustnik;Kapustník;Príloha;PONECHAT;Bez medzinárodnej predlohy, použiteľný postup (3 krokov / 959 znakov, 23 % ingrediencií bez množstva);
kapustove-gulky-v-sampinonovej-omacke;Kapustové guľky v šampiňónovej omáčke;Príloha;VYHODIT;36 % ingrediencií (8/22) bez množstva – plánovač neurčí výživu ani nákup;
kapustovo-mrkvovy-salat-s-jablkom;Kapustovo-mrkvový šalát s jablkom;Šalát;VYHODIT;"Slabý postup (3 krokov, 199 znakov; medián DB je 689)";
kapustovy-privarok;Kapustový prívarok;Hlavné jedlo;VYHODIT;"Slabý postup (3 krokov, 291 znakov; medián DB je 689); 38 % ingrediencií (3/8) bez množstva – plánovač neurčí výživu ani nákup";
kapustovy-salat-5138;Kapustový šalát;Príloha;PONECHAT;Bez medzinárodnej predlohy, použiteľný postup (3 krokov / 522 znakov, 0 % ingrediencií bez množstva);
kapustovy-salat-ku-chrumkavemu-kuratu;Kapustový šalát ku chrumkavému kuraťu;Šalát;PONECHAT;Bez medzinárodnej predlohy, použiteľný postup (4 krokov / 601 znakov, 12 % ingrediencií bez množstva);
kapustovy-salat;Šalát z kyslej kapusty;Šalát;VYHODIT;"Slabý postup (3 krokov, 273 znakov; medián DB je 689); 2 surovín s výskytom najviac 2× v celej DB: 'Oravská slaninka', 'Vňaťka'";
karamelovy-puding;Karamelový puding (crème caramel);Dezert;VYHODIT;2 surovín s výskytom najviac 2× v celej DB: 'Karamelový puding', 'Karamelové sušienky';
karfiolova-kremova-polievka;Karfiolová krémová polievka;Polievka;VYHODIT;"Slabý postup (3 krokov, 186 znakov; medián DB je 689); 43 % ingrediencií (3/7) bez množstva – plánovač neurčí výživu ani nákup";
karfiolova-natierka-pecena;Pečená karfiolová nátierka;Nátierka;VYHODIT;"Slabý postup (3 krokov, 209 znakov; medián DB je 689); 38 % ingrediencií (3/8) bez množstva – plánovač neurčí výživu ani nákup";
karfiolova-ryza;Karfiolová ryža;Príloha;PONECHAT;Bez medzinárodnej predlohy, použiteľný postup (5 krokov / 477 znakov, 18 % ingrediencií bez množstva);
karfiolove-pyre;Karfiolové pyré;Príloha;VYHODIT;43 % ingrediencií (3/7) bez množstva – plánovač neurčí výživu ani nákup;
karfiolovo-zelerova-polievka-s-doplnkami;Karfiolovo-zelerová polievka s doplnkami;Polievka;VYHODIT;6 surovín s výskytom najviac 2× v celej DB: 'Avokádový olej', 'Masť kuracia', 'Korenie na kuracie mäso';
karfiolovy-salat-peceny-s-tahini;Pečený karfiolový šalát s tahini dresingom;Šalát;VYHODIT;"Duplicita: identický postup aj sada ingrediencií ako ""Cícerový šalát s pečenou paprikou"" (id=cicerovy-salat-s-pecenou-paprikou), ktorý zostáva (dlhší postup / úplnejšie dáta)";
karfiolovy-salat-s-mramorovanym-vajickom;Karfiolový šalát s mramorovaným vajíčkom;Snack;PONECHAT;Bez medzinárodnej predlohy, použiteľný postup (7 krokov / 647 znakov, 18 % ingrediencií bez množstva);
kari-kokosova-polievka-so-zeleninou;Karí kokosová polievka so zeleninou;Polievka;NAHRADIT;"Rozmarný variant medzinárodného jedla: ""Karí kokosová polievka so zeleninou"" + 4 surovín s výskytom najviac 2× v celej DB: 'Huby čerstvé alebo mrazené', 'Omáčka čili', 'Sweet & Sour Sauce'";Chicken Curry (BBC Good Food)
kari-kuraci-salat;Karí kurací šalát;Šalát;NAHRADIT;"Rozmarný variant medzinárodného jedla: ""Karí kurací šalát"" + 44 % ingrediencií (4/9) bez množstva – plánovač neurčí výživu ani nákup";Chicken Curry (BBC Good Food)
kavove-smoothie-s-bananom;Kávové smoothie s banánom;Nápoj;NAHRADIT;"Rozmarný variant medzinárodného jedla: ""Kávové smoothie s banánom""";Fruit Smoothie (BBC Good Food)
kefirovy-napoj-s-ovocim;Kefírový nápoj s ovocím;Nápoj;VYHODIT;4 surovín s výskytom najviac 2× v celej DB: 'Čerstvé kravské mlieko', 'Jogurt biely so živou kultúrou', 'Smotana kyslá 16%';
kelovo-masove-fasirky;Kelovo-mäsové fašírky;Hlavné jedlo;PONECHAT;Bez medzinárodnej predlohy, použiteľný postup (8 krokov / 1055 znakov, 0 % ingrediencií bez množstva);
kelovy-privarok;Kelový prívarok;Hlavné jedlo;VYHODIT;"42 % ingrediencií (5/12) bez množstva – plánovač neurčí výživu ani nákup; 2 surovín s výskytom najviac 2× v celej DB: 'Menší kel', 'Maizena/ kukuričný škrob'";
kivi-dzem-s-pomarancmi-a-bielou-cokoladou;Kivi džem s pomarančmi a bielou čokoládou;Dezert;PONECHAT;Bez medzinárodnej predlohy, použiteľný postup (6 krokov / 689 znakov, 14 % ingrediencií bez množstva);
kivi-limonada;Kivi limonáda;Nápoj;VYHODIT;"Duplicita: identický postup aj sada ingrediencií ako ""Bazalková limonáda"" (id=bazalkova-limonada), ktorý zostáva (dlhší postup / úplnejšie dáta)";
klasicke-palacinky;Klasické palacinky;Raňajky;VYHODIT;"Duplicita: identický postup aj sada ingrediencií ako ""Bielkovinové palacinky"" (id=bielkovinove-palacinky), ktorý zostáva (dlhší postup / úplnejšie dáta)";
klasicke-zemlicky-z-chlebovej-muky;Klasické žemličky z chlebovej múky;Príloha;VYHODIT;3 surovín s výskytom najviac 2× v celej DB: 'Pšeničná chlebová múka', 'Ražná chlebová tmavá múka', 'Jačmenný slad';
kokosove-gulky;Kokosové guľky;Snack;VYHODIT;2 surovín s výskytom najviac 2× v celej DB: 'Puding bez varenia vanilkový', 'Šľahačka v prášku';
kokosove-makronky;Kokosové makrónky;Dezert;VYHODIT;3 surovín s výskytom najviac 2× v celej DB: 'Kvalitné kakao', 'Šľahačka parížska v prášku', 'Syr ricotta';
kokosove-muffiny-hrncekove;Kokosové muffiny hrnčekové;Raňajky;NAHRADIT;"Rozmarný variant medzinárodného jedla: ""Kokosové muffiny hrnčekové""";Muffins (BBC Good Food)
kokosove-tycinky-s-cokoladou;Kokosové tyčinky s čokoládou;Snack;PONECHAT;Bez medzinárodnej predlohy, použiteľný postup (6 krokov / 957 znakov, 33 % ingrediencií bez množstva);
kokosovo-cokoladove-gulky;Kokosovo-čokoládové guľky;Dezert;PONECHAT;Bez medzinárodnej predlohy, použiteľný postup (4 krokov / 658 znakov, 20 % ingrediencií bez množstva);
kokosovo-datlove-tycinky;Kokosovo-datľové tyčinky;Snack;VYHODIT;7 surovín s výskytom najviac 2× v celej DB: 'Kešu', 'Čerstvé vykôstkované datle', 'Čerstvé vykôstkované datle';
kokosovo-limetkovy-napoj;Kokosovo-limetkový nápoj;Nápoj;VYHODIT;2 surovín s výskytom najviac 2× v celej DB: 'Kokosové nesladené mlieko', 'Ovocný džús';
kokosovy-kolac;Kokosový koláč;Dezert;VYHODIT;4 surovín s výskytom najviac 2× v celej DB: 'Kokosová múčka', 'Dolcela puding bourbon vanilka prémium', 'Kokosová múčka';
kolac-kulebjak-rusky-slany;Koláč Kulebjak - ruský, slaný;Hlavné jedlo;PONECHAT;Bez medzinárodnej predlohy, použiteľný postup (7 krokov / 1265 znakov, 14 % ingrediencií bez množstva);
kolac-s-lieskovoorieskovou-natierkou-a-pistaciami;Koláč s lieskovoorieškovou nátierkou a pistáciami;Raňajky;VYHODIT;2 surovín s výskytom najviac 2× v celej DB: 'Lieskovooriešková nátierka', 'Na posypanie';
kopcek-zdravia;Kopček zdravia;Šalát;VYHODIT;40 % ingrediencií (2/5) bez množstva – plánovač neurčí výživu ani nákup;
koprova-omacka-2;Kôprová omáčka;Príloha;PONECHAT;Bez medzinárodnej predlohy, použiteľný postup (6 krokov / 646 znakov, 9 % ingrediencií bez množstva);
koprova-omacka;Kôprová omáčka s vajcom;Hlavné jedlo;PONECHAT;Bez medzinárodnej predlohy, použiteľný postup (6 krokov / 515 znakov, 0 % ingrediencií bez množstva);
korejska-pikantna-polievka-s-tofu;Kórejská pikantná polievka s tofu;Polievka;VYHODIT;5 surovín s výskytom najviac 2× v celej DB: 'Pasta kimchi', 'Nakladaný topinambur', 'Kapusta čínska pak choi';
korejske-kuracie-so-sezamom;Kórejské kuracie so sezamom;Hlavné jedlo;VYHODIT;4 surovín s výskytom najviac 2× v celej DB: 'Ocot ryžový biely', 'Omáčka teriyaki', 'Vňať z cibuľky';
korejsky-uhorkovy-salat;Kórejský pikantný uhorkový šalát;Šalát;VYHODIT;2 surovín s výskytom najviac 2× v celej DB: 'Mungo výhonky biele', 'Zelené výhonky';
korenena-kakaova-zmes-na-horuci-napoj;Korenená kakaová zmes na horúci nápoj;Nápoj;PONECHAT;Bez medzinárodnej predlohy, použiteľný postup (3 krokov / 550 znakov, 0 % ingrediencií bez množstva);
kosicky-s-brokolicovym-tajomstvom;Košíčky s brokolicovým tajomstvom;Raňajky;VYHODIT;2 surovín s výskytom najviac 2× v celej DB: 'Cmar', 'Syr Lučina';
kotlikovy-gulas-stop;Kotlíkový guláš STOP;Hlavné jedlo;VYHODIT;3 surovín s výskytom najviac 2× v celej DB: 'Hovädzie mäso predné', 'Fazuľa biela veľká suchá', 'Gulášové korenie';
kotlikovy-gulas;Kotlíkový hovädzí guláš;Hlavné jedlo;VYHODIT;42 % ingrediencií (5/12) bez množstva – plánovač neurčí výživu ani nákup;
kralicia-sunka;Králičia šunka;Snack;VYHODIT;2 surovín s výskytom najviac 2× v celej DB: 'Králičie mäso', 'Prášková cukor';
krehky-cuketovy-chlebicek;Krehký cuketový chlebíček;Snack;PONECHAT;Bez medzinárodnej predlohy, použiteľný postup (5 krokov / 1438 znakov, 8 % ingrediencií bez množstva);
krehky-obrateny-salotkovy-kolac;Krehký obrátený šalotkový koláč;Hlavné jedlo;PONECHAT;Bez medzinárodnej predlohy, použiteľný postup (5 krokov / 1124 znakov, 9 % ingrediencií bez množstva);
kremova-avokadova-natierka-s-koriandrom;Krémová avokádová nátierka s limetkou a koriandrom;Nátierka;VYHODIT;"Duplicita: identický postup aj sada ingrediencií ako ""Avokádová nátierka s limetkou"" (id=avokadova-natierka-s-limetkou), ktorý zostáva (dlhší postup / úplnejšie dáta)";
kremova-polievka-z-bielej-spargle-s-parmezanom;Krémová polievka z bielej špargle s parmezánom;Polievka;PONECHAT;Bez medzinárodnej predlohy, použiteľný postup (3 krokov / 581 znakov, 21 % ingrediencií bez množstva);
kremova-polievka-zo-zeleniny;Krémová polievka zo zeleniny;Polievka;PONECHAT;Bez medzinárodnej predlohy, použiteľný postup (3 krokov / 379 znakov, 17 % ingrediencií bez množstva);
kremova-quinoa-so-syrom-halloumi-a-s-avokadom;Krémová quinoa so syrom halloumi a s avokádom;Šalát;VYHODIT;2 surovín s výskytom najviac 2× v celej DB: 'Syr halloumi', 'Pasta tahini';
kremove-cestoviny-so-spenatom-a-fetou;Krémové cestoviny so špenátom a fetou;Cestoviny;VYHODIT;38 % ingrediencií (5/13) bez množstva – plánovač neurčí výživu ani nákup;
krkovicka-pecena-na-cibuli-a-na-cesnaku-fotorecept;Krkovička pečená na cibuli a na cesnaku /fotorecept/;Hlavné jedlo;VYHODIT;2 surovín s výskytom najviac 2× v celej DB: 'Krkovička bez kosti', 'Olej slnečnicový/bravčová masť';
krupica-s-karamelom-a-struhanym-jablkom;Krupica s karamelom a strúhaným jablkom;Snack;VYHODIT;4 surovín s výskytom najviac 2× v celej DB: 'Vanilka extrakt', 'Sladké jablko', 'Cukor práškový preosiaty';
krupicova-kasa;Krupicová kaša;Raňajky;VYHODIT;"Slabý postup (3 krokov, 234 znakov; medián DB je 689)";
krupova-polievka-s-kyslou-kapustou-a-udenym-masom;Krúpová polievka s kyslou kapustou a údeným mäsom;Polievka;VYHODIT;"40 % ingrediencií (4/10) bez množstva – plánovač neurčí výživu ani nákup; 2 surovín s výskytom najviac 2× v celej DB: 'Jačmené krúpy č.7', 'Údené mäso'";
kukuricna-kremova-polievka;Kukuričná krémová polievka;Polievka;PONECHAT;Bez medzinárodnej predlohy, použiteľný postup (3 krokov / 1091 znakov, 0 % ingrediencií bez množstva);
kukuricne-spagety-s-restovanymi-paradajkami;Kukuričné špagety s restovanými paradajkami;Hlavné jedlo;PONECHAT;Bez medzinárodnej predlohy, použiteľný postup (3 krokov / 423 znakov, 33 % ingrediencií bez množstva);
kukuricny-chlieb;Kukuričný chlieb;Pečivo;PONECHAT;Bez medzinárodnej predlohy, použiteľný postup (14 krokov / 1267 znakov, 7 % ingrediencií bez množstva);
kukuricny-opekanec-s-gratinovanou-kuracinou;Kukuričný opekanec s gratinovanou kuracinou;Hlavné jedlo;PONECHAT;Bez medzinárodnej predlohy, použiteľný postup (3 krokov / 836 znakov, 28 % ingrediencií bez množstva);
kura-na-zemiakoch;Kura na zemiakoch;Hlavné jedlo;PONECHAT;Bez medzinárodnej predlohy, použiteľný postup (9 krokov / 829 znakov, 33 % ingrediencií bez množstva);
kuraci-cestovinovy-salat-s-ananasom;Kurací cestovinový šalát s ananásom;Šalát;VYHODIT;3 surovín s výskytom najviac 2× v celej DB: 'Cestoviny špirálky', 'Ananásový kompót', 'Olej na opekanie';
kuraci-paprikas;Kurací paprikáš;Hlavné jedlo;VYHODIT;2 surovín s výskytom najviac 2× v celej DB: 'Stehná kuracie s kosťou', 'Paradajkový koncentrát';
kuraci-salat-a-la-caesar-s-parmezanovymi-cipsami;Kurací šalát à la Caesar s parmezánovými čipsami;Šalát;NAHRADIT;"Rozmarný variant medzinárodného jedla: ""Kurací šalát à la Caesar s parmezánovými čipsami""";Caesar Salad (BBC Good Food)
kuraci-salat-s-ovocim;Kurací šalát s ovocím;Šalát;VYHODIT;6 surovín s výskytom najviac 2× v celej DB: 'Ananásové plátky', 'Mandarínkový kompót', 'Mandlí sekaných';
kuraci-salat-s-pomarancom;Kurací šalát s pomarančom;Šalát;VYHODIT;2 surovín s výskytom najviac 2× v celej DB: 'Kuracie klby', 'Peper korenie';
kuraci-salat-so-syrom;Kurací šalát so syrom;Šalát;VYHODIT;"40 % ingrediencií (6/15) bez množstva – plánovač neurčí výživu ani nákup; 3 surovín s výskytom najviac 2× v celej DB: 'Tvrdé paradajky', 'Lístky bazalky', 'Listy šalátu na vyloženie misy'";
kuraci-salat;Kurací šalát;Šalát;VYHODIT;5 surovín s výskytom najviac 2× v celej DB: 'Šalát lollo rosso', 'Šalát lollo biondo', 'Poľný šalát';
kuraci-sendvic-domaci-crispy;Domáci sendvič s kuracím rezňom;Raňajky;VYHODIT;3 surovín s výskytom najviac 2× v celej DB: 'Mozzarella Galbani Light', 'Hriankový chlieb', 'Olej olivový panenský extra';
kuraci-zeleny-salat;Kurací zelený šalát;Šalát;VYHODIT;"Slabý postup (3 krokov, 228 znakov; medián DB je 689); 2 surovín s výskytom najviac 2× v celej DB: 'Kuracina z polievky', 'Jogurtová tatarská omáčka'";
kuracia-mliecna-kysla-polievka;Kuracia mliečna kyslá polievka;Polievka;VYHODIT;35 % ingrediencií (6/17) bez množstva – plánovač neurčí výživu ani nákup;
kuracia-natierka-s-porom;Kuracia nátierka s pórom;Raňajky;PONECHAT;Bez medzinárodnej predlohy, použiteľný postup (5 krokov / 857 znakov, 25 % ingrediencií bez množstva);
kuracia-polievka-s-rezancami;Kuracia polievka s rezancami;Polievka;VYHODIT;2 surovín s výskytom najviac 2× v celej DB: 'Kuracie drobky', 'Cibuľka jarna';
kuracia-rolada-plnena-hubovou-plnkou-a-kapiou;Kuracia roláda plnená hubovou plnkou a kapiou;Raňajky;PONECHAT;Bez medzinárodnej predlohy, použiteľný postup (12 krokov / 1089 znakov, 30 % ingrediencií bez množstva);
kuracia-terina-v-slaninke-s-portskym-vinom;Kuracia terina v slaninke s portským vínom;Nátierka;PONECHAT;Bez medzinárodnej predlohy, použiteľný postup (8 krokov / 1817 znakov, 21 % ingrediencií bez množstva);
kuracie-curry-so-sosovicou;Kuracie curry so šošovicou;Hlavné jedlo;NAHRADIT;"Rozmarný variant medzinárodného jedla: ""Kuracie curry so šošovicou""";Chicken Curry (BBC Good Food)
kuracie-curry-so-zemiakmi;Kuracie curry so zemiakmi;Hlavné jedlo;VYHODIT;"Duplicita: identický postup aj sada ingrediencií ako ""Kuracie curry so šošovicou"" (id=kuracie-curry-so-sosovicou), ktorý zostáva (dlhší postup / úplnejšie dáta)";
kuracie-kari;Kuracie karí;Hlavné jedlo;NAHRADIT;"Rozmarný variant medzinárodného jedla: ""Kuracie karí"" + 2 surovín s výskytom najviac 2× v celej DB: 'Červená veľká cibuľa', 'Korenie čili mleté'";Chicken Curry (BBC Good Food)
kuracie-kridla-s-medovo-cili-omackou;Kuracie krídla s medovo-čili omáčkou;Hlavné jedlo;VYHODIT;5 surovín s výskytom najviac 2× v celej DB: 'Kuracie krídla', 'Worcestrová omáčka', 'Tekuté chilli';
kuracie-kusky-od-eviany;Kuracie kúsky od Eviany;Hlavné jedlo;VYHODIT;2 surovín s výskytom najviac 2× v celej DB: 'Syr Danish blue', 'Korenie biele m';
kuracie-kyjevske;Kuracie Kyjevské;Hlavné jedlo;VYHODIT;42 % ingrediencií (5/12) bez množstva – plánovač neurčí výživu ani nákup;
kuracie-masko-so-smotanou-a-kari;Kuracie mäsko so smotanou a karí;Hlavné jedlo;NAHRADIT;"Rozmarný variant medzinárodného jedla: ""Kuracie mäsko so smotanou a karí"" + slabý postup (3 krokov, 258 znakov; medián DB je 689); 40 % ingrediencií (2/5) bez množstva – plánovač neurčí výživu ani nákup";Chicken Curry (BBC Good Food)
kuracie-maso-v-slanine;Kuracie mäso v slanine;Hlavné jedlo;PONECHAT;Bez medzinárodnej predlohy, použiteľný postup (3 krokov / 398 znakov, 25 % ingrediencií bez množstva);
kuracie-na-kokosovom-kari-so-spenatom;Kuracie na kokosovom kari so špenátom;Hlavné jedlo;NAHRADIT;"Rozmarný variant medzinárodného jedla: ""Kuracie na kokosovom kari so špenátom"" + 43 % ingrediencií (9/21) bez množstva – plánovač neurčí výživu ani nákup; 6 surovín s výskytom najviac 2× v celej DB: 'Stredná šalotka', 'Pór - biela časť', 'Kari pasta'";Chicken Curry (BBC Good Food)
kuracie-nugetky-so-zemiakovym-pyre;Kuracie nugetky so zemiakovým pyré;Hlavné jedlo;PONECHAT;Bez medzinárodnej predlohy, použiteľný postup (3 krokov / 370 znakov, 30 % ingrediencií bez množstva);
kuracie-placky;Kuracie placky;Hlavné jedlo;VYHODIT;"Slabý postup (3 krokov, 296 znakov; medián DB je 689); 2 surovín s výskytom najviac 2× v celej DB: 'Červená pálivá paprika', 'Korenie kari'";
kuracie-po-provensalsky;Kuracie po provensálsky;Hlavné jedlo;VYHODIT;"Slabý postup (3 krokov, 228 znakov; medián DB je 689)";
kuracie-prsia-inak;Kuracie prsia inak;Hlavné jedlo;VYHODIT;"Názov nie je jedlo (marketingové slovo namiesto jedla): ""Kuracie prsia inak""";
kuracie-prsia-na-grile-s-mrkvou-na-smotane;Kuracie prsia na grile s mrkvou na smotane;Príloha;PONECHAT;Bez medzinárodnej predlohy, použiteľný postup (8 krokov / 788 znakov, 31 % ingrediencií bez množstva);
kuracie-prsia-na-toskansky-sposob;Kuracie prsia na toskánsky spôsob;Hlavné jedlo;PONECHAT;Bez medzinárodnej predlohy, použiteľný postup (5 krokov / 1133 znakov, 6 % ingrediencií bez množstva);
kuracie-prsia-plnene-spenatom-a-syrom;Kuracie prsia plnené špenátom a syrom;Hlavné jedlo;PONECHAT;Bez medzinárodnej predlohy, použiteľný postup (5 krokov / 1107 znakov, 31 % ingrediencií bez množstva);
kuracie-prsia-preto-radoma-so-zelerovym-salatom;Kuracie prsia PRETO Radoma so zelerovým šalátom;Šalát;VYHODIT;5 surovín s výskytom najviac 2× v celej DB: 'Prsia kuracie PRETO Radoma', 'Syr eidam údený', 'Zelenina mexická mrazená PRETO Radoma';
kuracie-prsia-s-listovym-salatom;Kuracie prsia s listovým šalátom;Šalát;VYHODIT;2 surovín s výskytom najviac 2× v celej DB: 'Šalát miešaný - baby špenát', 'Údený polooštiepok';
kuracie-prsia-s-pecenymi-zemiakmi-a-brokolicou;Kuracie prsia s pečenými zemiakmi a brokolicou;Hlavné jedlo;VYHODIT;2 surovín s výskytom najviac 2× v celej DB: 'Chrenová horčica', 'Masť domáca bravčová';
kuracie-prsia-s-ratatouille;Kuracie prsia s ratatouille;Hlavné jedlo;NAHRADIT;"Rozmarný variant medzinárodného jedla: ""Kuracie prsia s ratatouille"" + 36 % ingrediencií (4/11) bez množstva – plánovač neurčí výživu ani nákup";Ratatouille (BBC Good Food)
kuracie-prsia-v-sezame;Kuracie prsia v sezame;Hlavné jedlo;VYHODIT;3 surovín s výskytom najviac 2× v celej DB: 'Kuracie prsia nakrájané na malé kúsky', 'Ocot biely vínny', 'Omáčka chilli';
kuracie-prsia-v-slaninovom-kabate;Kuracie prsia v slaninovom kabáte;Hlavné jedlo;VYHODIT;2 surovín s výskytom najviac 2× v celej DB: 'Kalifornská paprika', 'Čínská zelenina';
kuracie-s-ananasom-po-havajsky;Kuracie s ananásom po havajsky;Hlavné jedlo;VYHODIT;38 % ingrediencií (6/16) bez množstva – plánovač neurčí výživu ani nákup;
kuracie-s-brokolicou-a-mandlami;Kuracie s brokolicou a mandľami restované;Hlavné jedlo;PONECHAT;Bez medzinárodnej predlohy, použiteľný postup (4 krokov / 1154 znakov, 12 % ingrediencií bez množstva);
kuracie-s-brokolicou-na-sojovej;Kuracie s brokolicou na sójovej omáčke;Hlavné jedlo;PONECHAT;Bez medzinárodnej predlohy, použiteľný postup (4 krokov / 392 znakov, 17 % ingrediencií bez množstva);
kuracie-satay-s-arasidovou-omackou;Kuracie satay s arašidovou omáčkou;Hlavné jedlo;PONECHAT;Bez medzinárodnej predlohy, použiteľný postup (5 krokov / 1007 znakov, 0 % ingrediencií bez množstva);
kuracie-so-spenatom-sag;Kuracie so špenátom (kura sag);Hlavné jedlo;VYHODIT;2 surovín s výskytom najviac 2× v celej DB: 'Syr na pizzu strúhaný', 'Zvyšky mäsa asi z polovice grilovaného kurčaťa';
kuracie-srdiecka-na-smotane-s-estragonom;Kuracie srdiečka na smotane s estragónom;Hlavné jedlo;VYHODIT;2 surovín s výskytom najviac 2× v celej DB: 'Vývar kurací domáci', 'Sladká 33%-ná smotana';
kuracie-srdiecka-s-chilli-paprickou;Kuracie srdiečka s chilli papričkou;Hlavné jedlo;PONECHAT;Bez medzinárodnej predlohy, použiteľný postup (5 krokov / 1459 znakov, 0 % ingrediencií bez množstva);
kuracie-stehna-dusene-s-olivami-a-citronom;Kuracie stehná dusené s olivami a citrónom;Hlavné jedlo;VYHODIT;2 surovín s výskytom najviac 2× v celej DB: 'Múka špaldová biela', 'Špaldové otruby';
kuracie-stehna-na-cinsky-sposob-originalny-cinsky-recept;Kuracie stehná na čínsky spôsob (originálny čínsky recept);Hlavné jedlo;VYHODIT;3 surovín s výskytom najviac 2× v celej DB: 'Mrkvy', 'Sójová hubová omáčka', 'Korenie sečuánske';
kuracie-stehna-na-paprike;Kuracie stehná na paprike so smotanou;Hlavné jedlo;VYHODIT;4 surovín s výskytom najviac 2× v celej DB: 'Kukuričný olej', 'Korenie na kuracie mäso', 'Korenie Creole';
kuracie-stehna-peceny-traybake;Kuracie stehná pečené so zemiakmi (traybake);Hlavné jedlo;VYHODIT;"Slabý postup (4 krokov, 279 znakov; medián DB je 689)";
kuracie-stehna-s-marhulami;Kuracie stehná s marhuľami;Hlavné jedlo;PONECHAT;Bez medzinárodnej predlohy, použiteľný postup (7 krokov / 520 znakov, 8 % ingrediencií bez množstva);
kuracina-po-gemersky;Kuracina po gemersky;Hlavné jedlo;PONECHAT;Bez medzinárodnej predlohy, použiteľný postup (3 krokov / 327 znakov, 22 % ingrediencií bez množstva);
kuracina-s-kozim-syrom;Kuracina s kozím syrom;Snack;PONECHAT;Bez medzinárodnej predlohy, použiteľný postup (5 krokov / 610 znakov, 0 % ingrediencií bez množstva);
kuracina-v-palacinke;Kuracina v palacinke;Hlavné jedlo;NAHRADIT;"Rozmarný variant medzinárodného jedla: ""Kuracina v palacinke""";Pancakes (BBC Good Food)
kuracinka-na-hrasku-s-ryzou;Kuracinka na hrášku s ryžou;Príloha;VYHODIT;5 surovín s výskytom najviac 2× v celej DB: 'Pretlak z paradajok', 'Pretlak paradajkový domáci', 'Múka hladká na zahustenie';
kurca-odkukane-od-kimlo;Kurča odkukané od @Kimlo;Hlavné jedlo;VYHODIT;4 surovín s výskytom najviac 2× v celej DB: 'Rozpustený med', 'Červená reďkovka', 'Šalátové uhorky';
kuskusovy-salat-so-zeleninou;Kuskusový šalát so zeleninou;Šalát;NAHRADIT;"Rozmarný variant medzinárodného jedla: ""Kuskusový šalát so zeleninou""";Couscous Salad (BBC Good Food)
kuzlo-pod-cibulou;Kúzlo pod cibuľou;Hlavné jedlo;VYHODIT;40 % ingrediencií (4/10) bez množstva – plánovač neurčí výživu ani nákup;
kvaskova-vianocka;Kvásková vianočka;Raňajky;PONECHAT;Bez medzinárodnej predlohy, použiteľný postup (9 krokov / 2568 znakov, 20 % ingrediencií bez množstva);
kvaskove-bezlepkove-bagetky;Kváskové bezlepkové bagetky;Pečivo;VYHODIT;3 surovín s výskytom najviac 2× v celej DB: 'Múka bezlepková Bread mix dark', 'Ryžový kvások', 'Múka bezlepková Bread mix dark';
kvaskove-briosky;Kváskové briošky;Snack;VYHODIT;2 surovín s výskytom najviac 2× v celej DB: 'Sójové vlažné mlieko', 'Lecitín';
kvaskove-plundrove-satocky-s-tvarohom;Kváskové pľundrové šatôčky s tvarohom;Raňajky;PONECHAT;Bez medzinárodnej predlohy, použiteľný postup (9 krokov / 2534 znakov, 20 % ingrediencií bez množstva);
kvaskove-sisky;Kváskové šišky;Raňajky;PONECHAT;"Slovenské/domáce jedlo bez medzinárodnej predlohy; postup 7 krokov / 1409 znakov";
kvaskove-skvarkove-pagace;Kváskové škvarkové pagáče;Raňajky;PONECHAT;"Slovenské/domáce jedlo bez medzinárodnej predlohy; postup 6 krokov / 2205 znakov";
kvaskove-zapletanky;Kváskové zapletanky;Raňajky;VYHODIT;3 surovín s výskytom najviac 2× v celej DB: 'Materský kvások', 'Celý rozkvas', 'Jačmenný slad';
kvaskovy-chlieb-pre-zaciatocnika;Kváskový chlieb pre začiatočníka;Raňajky;VYHODIT;2 surovín s výskytom najviac 2× v celej DB: 'Ražná chlebová hladká múka', 'Múka pšeničná hladká T650';
kvaskovy-orechovy-mazanec;Kváskový orechový mazanec;Raňajky;PONECHAT;Bez medzinárodnej predlohy, použiteľný postup (8 krokov / 2972 znakov, 15 % ingrediencií bez množstva);
kvaskovy-velkonocny-mazanec;Kváskový veľkonočný mazanec;Raňajky;VYHODIT;2 surovín s výskytom najviac 2× v celej DB: 'Pšeničná celozrnná hladká múka', 'Pšeničný kvások';
kysla-kapusta-s-masovymi-gulkami;Kyslá kapusta s mäsovými guľkami;Hlavné jedlo;VYHODIT;3 surovín s výskytom najviac 2× v celej DB: 'Údené vykostené kolienko', 'Pikantná klobása', 'Vajíčka prepeličie';
kysla-sosovicova-polievka;Kyslá šošovicová polievka;Polievka;PONECHAT;Bez medzinárodnej predlohy, použiteľný postup (5 krokov / 348 znakov, 33 % ingrediencií bez množstva);
kysnuta-orechovo-kakaova-babovka;Kysnutá orechovo-kakaová bábovka;Snack;PONECHAT;Bez medzinárodnej predlohy, použiteľný postup (5 krokov / 748 znakov, 9 % ingrediencií bez množstva);
kysnute-kakaove-venceky;Kysnuté kakaové venčeky;Pečivo;PONECHAT;Bez medzinárodnej predlohy, použiteľný postup (12 krokov / 1115 znakov, 22 % ingrediencií bez množstva);
kysnute-knedle;Kysnuté knedle (parné);Príloha;PONECHAT;"Slovenské/domáce jedlo bez medzinárodnej predlohy; postup 3 krokov / 730 znakov";
kysnute-orechove-buchticky;Kysnuté orechové buchtičky;Dezert;VYHODIT;5 surovín s výskytom najviac 2× v celej DB: 'Cukor vanilkový domáci', 'Pomleté orechy', 'Višňový džem';
kysnute-rozky-plnene-slivkovym-lekvarom;Kysnuté rožky plnené slivkovým lekvárom;Raňajky;PONECHAT;Bez medzinárodnej predlohy, použiteľný postup (4 krokov / 1140 znakov, 20 % ingrediencií bez množstva);
lacne-spizy;Lacné špízy;Hlavné jedlo;PONECHAT;Bez medzinárodnej predlohy, použiteľný postup (4 krokov / 485 znakov, 0 % ingrediencií bez množstva);
ladova-kava-s-karamelom;Ľadová káva s karamelom;Nápoj;VYHODIT;40 % ingrediencií (2/5) bez množstva – plánovač neurčí výživu ani nákup;
lahodna-pasteta-z-kralicej-pecene;Lahodná paštéta z králičej pečene;Snack;VYHODIT;2 surovín s výskytom najviac 2× v celej DB: 'Pečeň králičia', 'Farebné korenie';
lahodna-smrzova-prazenica-s-medvedim-cesnakom;Lahodná smržová praženica s medvedím cesnakom;Snack;VYHODIT;"38 % ingrediencií (5/13) bez množstva – plánovač neurčí výživu ani nákup; 3 surovín s výskytom najviac 2× v celej DB: 'Čerstvé smrže', 'Drvená borievka', 'Čerstvé vajíčko'";
lahodny-hamburger-so-slaninou-a-syrom;Lahodný hamburger so slaninou a syrom;Hlavné jedlo;NAHRADIT;"Rozmarný variant medzinárodného jedla: ""Lahodný hamburger so slaninou a syrom"" + 3 surovín s výskytom najviac 2× v celej DB: 'Mäso teľacie', 'Vegeta s cesnakom', 'Pečivo na hamburger'";Classic Beef Burger (BBC Good Food)
langose-od-znamej;Langoše od známej;Príloha;PONECHAT;Bez medzinárodnej predlohy, použiteľný postup (3 krokov / 676 znakov, 14 % ingrediencií bez množstva);
lanove-maslo;Ľanové maslo;Nátierka;PONECHAT;Bez medzinárodnej predlohy, použiteľný postup (3 krokov / 361 znakov, 0 % ingrediencií bez množstva);
lasagne-bolognese;Lasagne bolognese;Cestoviny;NAHRADIT;"Rozmarný variant medzinárodného jedla: ""Lasagne bolognese"" + 43 % ingrediencií (10/23) bez množstva – plánovač neurčí výživu ani nákup; 2 surovín s výskytom najviac 2× v celej DB: 'Mäso hovädzie chudé zadné', 'Paradajková passata'";Spaghetti Bolognese (BBC Good Food)
lasagne-s-mletym-masom-a-zeleninou;Lasagne s mletým mäsom a zeleninou;Hlavné jedlo;NAHRADIT;"Rozmarný variant medzinárodného jedla: ""Lasagne s mletým mäsom a zeleninou"" + 2 surovín s výskytom najviac 2× v celej DB: 'Passata', 'Mrazená zelenina'";Classic Lasagne (BBC Good Food)
lasagne-s-tvarohom;Lasagne s tvarohom;Hlavné jedlo;NAHRADIT;"Rozmarný variant medzinárodného jedla: ""Lasagne s tvarohom""";Classic Lasagne (BBC Good Food)
lasagne-so-zeleninou;Zapekané lasagne so zeleninou;Cestoviny;NAHRADIT;"Rozmarný variant medzinárodného jedla: ""Zapekané lasagne so zeleninou"" + 4 surovín s výskytom najviac 2× v celej DB: 'Mozzarella Galbani', 'Bolonská omáčka', 'Parmezán Parmigiano Reggiano D.O.P'";Classic Lasagne (BBC Good Food)
lavas-nekysnuty-armensky-chlieb;Lavaš - nekysnutý arménsky chlieb;Pečivo;PONECHAT;Bez medzinárodnej predlohy, použiteľný postup (4 krokov / 644 znakov, 0 % ingrediencií bez množstva);
leco-s-klobasou;Lečo s klobásou;Hlavné jedlo;PONECHAT;Bez medzinárodnej predlohy, použiteľný postup (8 krokov / 1398 znakov, 20 % ingrediencií bez množstva);
lekvarove-buchty;Lekvárové buchty;Snack;PONECHAT;"Slovenské/domáce jedlo bez medzinárodnej predlohy; postup 15 krokov / 1126 znakov";
levy-emericky-hamburger;Ľevy emericky hamburger;Snack;NAHRADIT;"Rozmarný variant medzinárodného jedla: ""Ľevy emericky hamburger""";Classic Beef Burger (BBC Good Food)
libanonsky-salat-tabbouleh;Libanonský šalát tabbouleh;Šalát;PONECHAT;Bez medzinárodnej predlohy, použiteľný postup (3 krokov / 350 znakov, 9 % ingrediencií bez množstva);
lieskovo-orieskova-nutella;Lieskovo-oriešková nutella;Nátierka;VYHODIT;2 surovín s výskytom najviac 2× v celej DB: 'Kondenzované mlieko', 'Čokoláda horká 50 %';
lievance-s-ovocim;Lievance s ovocím;Raňajky;PONECHAT;Bez medzinárodnej predlohy, použiteľný postup (6 krokov / 551 znakov, 25 % ingrediencií bez množstva);
lievance-so-spenatom-sunkou-a-s-vajickom;Lievance so špenátom, šunkou a s vajíčkom;Raňajky;PONECHAT;Bez medzinárodnej predlohy, použiteľný postup (3 krokov / 657 znakov, 28 % ingrediencií bez množstva);
lievance-z-kysnuteho-cesta-viderecept;Lievance z kysnutého cesta (viderecept);Hlavné jedlo;PONECHAT;Bez medzinárodnej predlohy, použiteľný postup (19 krokov / 1288 znakov, 14 % ingrediencií bez množstva);
limonada-s-lesnymi-cucoriedkami;Limonáda s lesnými čučoriedkami;Nápoj;VYHODIT;"Slabý postup (2 krokov, 260 znakov; medián DB je 689)";
listkove-medvedie-slimaciky;Lístkové medvedie slimáčiky;Raňajky;PONECHAT;Bez medzinárodnej predlohy, použiteľný postup (7 krokov / 425 znakov, 0 % ingrediencií bez množstva);
lokse;Lokše;Príloha;PONECHAT;"Slovenské/domáce jedlo bez medzinárodnej predlohy; postup 3 krokov / 552 znakov";
losos-na-panvici;Losos na panvici;Hlavné jedlo;VYHODIT;38 % ingrediencií (3/8) bez množstva – plánovač neurčí výživu ani nákup;
losos-s-cuketou;Losos s cuketou;Hlavné jedlo;VYHODIT;38 % ingrediencií (3/8) bez množstva – plánovač neurčí výživu ani nákup;
losos-s-koprovou-omackou;Losos s kôprovou omáčkou;Hlavné jedlo;PONECHAT;Bez medzinárodnej predlohy, použiteľný postup (4 krokov / 692 znakov, 33 % ingrediencií bez množstva);
losos-s-medovo-horcicovou-korkou;Losos s medovo-horčicovou kôrkou;Hlavné jedlo;VYHODIT;36 % ingrediencií (4/11) bez množstva – plánovač neurčí výživu ani nákup;
losos-s-quinoa-a-zeleninou;Losos s quinoa a zeleninou;Hlavné jedlo;VYHODIT;36 % ingrediencií (4/11) bez množstva – plánovač neurčí výživu ani nákup;
losos-so-sosovicou;Losos so šošovicou;Hlavné jedlo;VYHODIT;2 surovín s výskytom najviac 2× v celej DB: 'Filety z lososa', 'Omáčka teriyaki';
losos-so-spenatom-a-smotanou;Losos so špenátom a smotanou;Hlavné jedlo;PONECHAT;Bez medzinárodnej predlohy, použiteľný postup (4 krokov / 804 znakov, 25 % ingrediencií bez množstva);
losos-teriyaki;Losos teriyaki;Hlavné jedlo;VYHODIT;3 surovín s výskytom najviac 2× v celej DB: 'Shan´shi wok olej', 'Shan´shi Teriyaki omáčka', 'Shan´shi sójová omáčka';
losos-v-nori-kabatiku;Losos v nori kabátiku;Hlavné jedlo;VYHODIT;2 surovín s výskytom najviac 2× v celej DB: 'Quinoe', 'Riasa nori';
losos-v-papilote-so-zeleninou;Losos v papilote so zeleninou;Hlavné jedlo;VYHODIT;2 surovín s výskytom najviac 2× v celej DB: 'Losos bez kože', 'Vločky čili';
lososova-natierka;Lososová nátierka;Nátierka;VYHODIT;2 surovín s výskytom najviac 2× v celej DB: 'Veto', 'Sardelové filetky';
lososovy-tatarak;Lososový tatarák;Hlavné jedlo;VYHODIT;40 % ingrediencií (2/5) bez množstva – plánovač neurčí výživu ani nákup;
ludaskasa-kasa-z-husacich-drobov;Ludaskása-kaša z husacích drobov;Hlavné jedlo;VYHODIT;2 surovín s výskytom najviac 2× v celej DB: 'Droby husacie', 'Vývar z husacích drobov';
lupacky;Lupačky;Príloha;PONECHAT;Bez medzinárodnej predlohy, použiteľný postup (8 krokov / 701 znakov, 25 % ingrediencií bez množstva);
madarska-domaca-zimna-salama;Madarská domáca zimná saláma;Raňajky;PONECHAT;Bez medzinárodnej predlohy, použiteľný postup (3 krokov / 650 znakov, 0 % ingrediencií bez množstva);
madarska-konska-salama-kasy-kozacka-domaca-salama;Maďarská konská saláma Kasy - kozácka domáca saláma;Raňajky;VYHODIT;3 surovín s výskytom najviac 2× v celej DB: 'Konské mäso', 'Konská masť', 'Salámové črevá';
madarske-zemiakove-pagaciky;Maďarské zemiakové pagáčiky;Príloha;PONECHAT;"Slovenské/domáce jedlo bez medzinárodnej predlohy; postup 3 krokov / 827 znakov";
madarsky-gulas-nasa-verzia;Maďarský guláš - naša verzia;Hlavné jedlo;VYHODIT;"36 % ingrediencií (5/14) bez množstva – plánovač neurčí výživu ani nákup; 2 surovín s výskytom najviac 2× v celej DB: 'Nožina hovädzia', 'Gulášová pasta'";
madarsky-gulas;Maďarský guláš;Hlavné jedlo;PONECHAT;"Slovenské/domáce jedlo bez medzinárodnej predlohy; postup 6 krokov / 858 znakov";
madarsky-hemendex;Maďarský hemendex;Raňajky;VYHODIT;"Slabý postup (3 krokov, 241 znakov; medián DB je 689)";
majkine-tvarohove-buchty;Majkine tvarohové buchty;Snack;PONECHAT;"Slovenské/domáce jedlo bez medzinárodnej predlohy; postup 3 krokov / 571 znakov";
majonezovy-a-cibulovy-salat;Majonézový a cibuľový  šalát;Hlavné jedlo;PONECHAT;Bez medzinárodnej predlohy, použiteľný postup (14 krokov / 1504 znakov, 20 % ingrediencií bez množstva);
majonezovy-salat-slonie-zradlo;Majonézový šalát slonie žrádlo;Šalát;VYHODIT;2 surovín s výskytom najviac 2× v celej DB: 'Mäkká saláma', 'Zavárané uhorky';
makove-buchty;Makové buchty;Raňajky;PONECHAT;"Slovenské/domáce jedlo bez medzinárodnej predlohy; postup 7 krokov / 1246 znakov";
makove-zemiakovo-pohankove-sulance;Makové zemiakovo-pohánkové šúľance;Hlavné jedlo;VYHODIT;2 surovín s výskytom najviac 2× v celej DB: 'Práškový bezlepkový cukor', 'Ovocie čerstvé (lesná zmes';
makovo-cokoladova-torta-s-cucoriedkami;Makovo-čokoládová torta s čučoriedkami;Dezert;VYHODIT;3 surovín s výskytom najviac 2× v celej DB: 'Celý mak', 'Jahodový lekvár', 'Čerstvé čučorieky';
makovo-malinove-muffiny;Makovo-malinové muffiny;Snack;NAHRADIT;"Rozmarný variant medzinárodného jedla: ""Makovo-malinové muffiny"" + slabý postup (3 krokov, 279 znakov; medián DB je 689)";Muffins (BBC Good Food)
makovo-tarohovy-kolac-so-slivkami;Makovo-tarohový koláč so slivkami;Snack;VYHODIT;3 surovín s výskytom najviac 2× v celej DB: 'Krupica cukor', 'Vaječný žĺtok', 'Mäkký tvaroh';
makovy-kolac;Makový koláč;Dezert;VYHODIT;"Slabý postup (3 krokov, 228 znakov; medián DB je 689)";
makovy-zavin;Makový závin;Dezert;PONECHAT;"Slovenské/domáce jedlo bez medzinárodnej predlohy; postup 5 krokov / 646 znakov";
malinove-muffiny;Malinové muffiny;Dezert;NAHRADIT;"Rozmarný variant medzinárodného jedla: ""Malinové muffiny""";Muffins (BBC Good Food)
malinove-smoothie;Malinové smoothie;Nápoj;NAHRADIT;"Rozmarný variant medzinárodného jedla: ""Malinové smoothie"" + slabý postup (1 krokov, 207 znakov; medián DB je 689)";Fruit Smoothie (BBC Good Food)
mandlove-kari-s-baby-kukurickami;Mandľové karí s baby kukuričkami;Hlavné jedlo;NAHRADIT;"Rozmarný variant medzinárodného jedla: ""Mandľové karí s baby kukuričkami"" + 38 % ingrediencií (6/16) bez množstva – plánovač neurčí výživu ani nákup; 2 surovín s výskytom najviac 2× v celej DB: 'Paprička čili zelená', 'Ghee - prepustené maslo'";Chicken Curry (BBC Good Food)
mandlovo-cucoriedkove-smoothie;Mandľovo-čučoriedkové smoothie;Nápoj;NAHRADIT;"Rozmarný variant medzinárodného jedla: ""Mandľovo-čučoriedkové smoothie"" + slabý postup (2 krokov, 238 znakov; medián DB je 689)";Fruit Smoothie (BBC Good Food)
mangoldova-omeleta;Mangoldová omeleta;Raňajky;NAHRADIT;"Rozmarný variant medzinárodného jedla: ""Mangoldová omeleta""";Omelette (BBC Good Food)
manspasta;Manspasta;Hlavné jedlo;VYHODIT;"35 % ingrediencií (6/17) bez množstva – plánovač neurčí výživu ani nákup; 2 surovín s výskytom najviac 2× v celej DB: 'Domáce fetuccine', 'Bešamel'";
mant-yemegi-mant-jemeji;Mantı yemeği / Mantı jeméji;Polievka;VYHODIT;3 surovín s výskytom najviac 2× v celej DB: 'Kumin', 'Salça', 'Biber salça';
marhulove-smoothie;Marhuľové smoothie;Nápoj;VYHODIT;"Duplicita: identický postup aj sada ingrediencií ako ""Kávové smoothie s banánom"" (id=kavove-smoothie-s-bananom), ktorý zostáva (dlhší postup / úplnejšie dáta)";
marinovana-cervena-kapusta-k-pecenemu-masu;Marinovaná červená kapusta k pečenému mäsu;Príloha;PONECHAT;Bez medzinárodnej predlohy, použiteľný postup (3 krokov / 947 znakov, 13 % ingrediencií bez množstva);
marinovane-kuracie-nugetky-v-zemiakovom-cesticku;Marinované kuracie nugetky v zemiakovom cestíčku;Hlavné jedlo;PONECHAT;Bez medzinárodnej predlohy, použiteľný postup (4 krokov / 630 znakov, 17 % ingrediencií bez množstva);
marinovane-kuracie-rezniky;Marinované kuracie rezníky;Hlavné jedlo;VYHODIT;3 surovín s výskytom najviac 2× v celej DB: 'Zemiakový jemný škrob', 'Sojová sladká omáčka', 'Korenie 4 druhy zomlieť';
marocke-kuracie-s-kuskusom;Marocké kuracie s kuskusom a sušeným ovocím;Hlavné jedlo;NAHRADIT;"Rozmarný variant medzinárodného jedla: ""Marocké kuracie s kuskusom a sušeným ovocím"" + 4 surovín s výskytom najviac 2× v celej DB: 'Pasta harisa', 'Šťava z citróna aj kôra', 'Šťava z pomaranča aj kôra'";Couscous Salad (BBC Good Food)
mashi-plnena-kapusta-trocha-inac;Mashi - plnená kapusta trocha ináč;Príloha;VYHODIT;2 surovín s výskytom najviac 2× v celej DB: 'Kapusta biela hlávková', 'Peper';
maslove-slimaky;Maslové slimáky;Raňajky;PONECHAT;Bez medzinárodnej predlohy, použiteľný postup (11 krokov / 843 znakov, 20 % ingrediencií bez množstva);
maslove-venceky;Maslové venčeky;Raňajky;PONECHAT;Bez medzinárodnej predlohy, použiteľný postup (8 krokov / 1871 znakov, 18 % ingrediencií bez množstva);
maso-na-horcicovej-omacke-so-sampinonmi;Mäso na horčicovej omáčke so šampiňónmi;Hlavné jedlo;PONECHAT;Bez medzinárodnej predlohy, použiteľný postup (8 krokov / 1910 znakov, 24 % ingrediencií bez množstva);
maso-v-kavovej-marinade-na-svieckovu;Mäso v kávovej marináde na sviečkovú;Hlavné jedlo;VYHODIT;2 surovín s výskytom najviac 2× v celej DB: 'Nescafé káva', 'Hrubšia cverna';
masova-polievka-s-hubami;Mäsová polievka s hubami;Polievka;PONECHAT;Bez medzinárodnej predlohy, použiteľný postup (3 krokov / 402 znakov, 18 % ingrediencií bez množstva);
masova-zmes-na-hrianky;Mäsová zmes na hrianky;Nátierka;VYHODIT;2 surovín s výskytom najviac 2× v celej DB: 'Bravčový bôčik prerastený', 'Nakladač deko';
masove-gulky-s-omackou;Mäsové guľky s omáčkou;Hlavné jedlo;PONECHAT;Bez medzinárodnej predlohy, použiteľný postup (6 krokov / 809 znakov, 20 % ingrediencií bez množstva);
masove-gulky-v-zemiakovom-nakype;Mäsove guľky v zemiakovom nákype;Hlavné jedlo;PONECHAT;Bez medzinárodnej predlohy, použiteľný postup (12 krokov / 1081 znakov, 14 % ingrediencií bez množstva);
masove-tycinky;Mäsové tyčinky;Hlavné jedlo;VYHODIT;2 surovín s výskytom najviac 2× v celej DB: 'Korenie brusketa', 'Červená mletá paprika údená';
masovy-paj-meat-pie;Mäsový páj - Meat pie;Hlavné jedlo;VYHODIT;35 % ingrediencií (7/20) bez množstva – plánovač neurčí výživu ani nákup;
masovy-zavin;Mäsový závin;Raňajky;VYHODIT;38 % ingrediencií (3/8) bez množstva – plánovač neurčí výživu ani nákup;
matcha-latte;Matcha latte;Nápoj;VYHODIT;"Nepoužiteľný postup (1 krokov, 36 znakov); 2 surovín s výskytom najviac 2× v celej DB: 'Čaj matcha', 'Škorica bio'";
mazanec-z-pekarnicky-s-celozrnnou-mukou;Mazanec z pekárničky s celozrnnou múkou;Raňajky;VYHODIT;"Slabý postup (3 krokov, 231 znakov; medián DB je 689); 4 surovín s výskytom najviac 2× v celej DB: 'Kôra z 1 citróna', 'Kandizované ovocie', 'Vlašské orechy sekané'";
medailoniky-z-bravcovej-panenky-s-parmezanom;Medailóniky z bravčovej panenky s parmezánom;Hlavné jedlo;VYHODIT;3 surovín s výskytom najviac 2× v celej DB: 'Jablkovo-citrónový kompót', 'Drobné baby paradajky', 'Na bo';
medovnicky;Medovníčky;Pečivo;PONECHAT;Bez medzinárodnej predlohy, použiteľný postup (3 krokov / 528 znakov, 0 % ingrediencií bez množstva);
medovo-orechova-natierka;Medovo-orechová nátierka;Nátierka;VYHODIT;3 surovín s výskytom najviac 2× v celej DB: 'Lahôdkové droždie', 'Rastlinný tuk', 'Vlašské pomleté orechy';
medvedie-morcacie-prsia-ako-cina;Medvedie morčacie prsia ako čína;Hlavné jedlo;PONECHAT;Bez medzinárodnej predlohy, použiteľný postup (7 krokov / 697 znakov, 7 % ingrediencií bez množstva);
medvedie-pesto;Medvedie pesto;Nátierka;NAHRADIT;"Rozmarný variant medzinárodného jedla: ""Medvedie pesto""";Pesto alla Genovese (BBC Good Food)
mekke-praclikyy;Mäkké praclíky;Pečivo;PONECHAT;Bez medzinárodnej predlohy, použiteľný postup (3 krokov / 440 znakov, 11 % ingrediencií bez množstva);
melonove-smoothie;Melónové smoothie;Nápoj;NAHRADIT;"Rozmarný variant medzinárodného jedla: ""Melónové smoothie"" + slabý postup (1 krokov, 257 znakov; medián DB je 689)";Fruit Smoothie (BBC Good Food)
melonovy-salat-s-fetou-a-matou;Melónový šalát s fetou a mätou;Šalát;PONECHAT;Bez medzinárodnej predlohy, použiteľný postup (5 krokov / 590 znakov, 0 % ingrediencií bez množstva);
menemenovy-sendvic;Menemenový sendvič;Raňajky;VYHODIT;"Duplicita: identický postup aj sada ingrediencií ako ""Bryndzový sendvič so slaninkou"" (id=brynzovy-sendvic-slaninka), ktorý zostáva (dlhší postup / úplnejšie dáta)";
mexicky-gulas-ako-varim-ja;Mexický guláš ako varím ja;Hlavné jedlo;PONECHAT;"Slovenské/domáce jedlo bez medzinárodnej predlohy; postup 3 krokov / 636 znakov";
mexicky-gulas;Mexický guláš;Hlavné jedlo;VYHODIT;38 % ingrediencií (3/8) bez množstva – plánovač neurčí výživu ani nákup;
michane-vajicka-so-slaninou;Miešané vajíčka so slaninou;Raňajky;VYHODIT;"38 % ingrediencií (5/13) bez množstva – plánovač neurčí výživu ani nákup; 2 surovín s výskytom najviac 2× v celej DB: 'Minibaklažány', 'Fazuľa biela sterilizovaná'";
minestrone;Minestrone;Polievka;VYHODIT;40 % ingrediencií (6/15) bez množstva – plánovač neurčí výživu ani nákup;
mini-pochutka-z-rohlikov-aj-pre-zaciatocnikov;Mini pochúťka z rohlíkov aj pre začiatočníkov;Hlavné jedlo;VYHODIT;"Názov nie je jedlo (marketingové slovo namiesto jedla): ""Mini pochúťka z rohlíkov aj pre začiatočníkov""";
mix-salat-s-vajickami-na-tvrdo;Mix šalát s vajíčkami na tvrdo;Šalát;VYHODIT;12 surovín s výskytom najviac 2× v celej DB: 'Šalát Romain čerstvý menší', 'Zelená cibuľka', 'Reďkovky červené stredne veľké';
mixovany-cicer-s-rimskou-rascou;Mixovaný cícer s rímskou rascou;Snack;PONECHAT;Bez medzinárodnej predlohy, použiteľný postup (3 krokov / 376 znakov, 33 % ingrediencií bez množstva);
mliecna-ryza-s-ceresnami;Mliečna ryža s čerešňami;Hlavné jedlo;VYHODIT;3 surovín s výskytom najviac 2× v celej DB: 'Cukor muscovado', 'Šťava z čerešní', 'Celý klinček';
mliecne-masko;Mliečne mäsko;Príloha;VYHODIT;2 surovín s výskytom najviac 2× v celej DB: 'Paštrnák', 'Bucatini';
moj-jablkovy-kolac;Môj jablkový koláč;Snack;VYHODIT;4 surovín s výskytom najviac 2× v celej DB: 'Repný cukor', 'Puding pravá vanilka dr. Oetker', 'Smotanový tvaroh';
moj-pravoslavny-velkonocny-kolac;Môj pravoslávny veľkonočný koláč - Козунак;Raňajky;PONECHAT;Bez medzinárodnej predlohy, použiteľný postup (5 krokov / 1652 znakov, 11 % ingrediencií bez množstva);
moj-prvy-domaci-celozrnny-chlebik;Môj prvý domáci celozrnný chlebík;Pečivo;PONECHAT;Bez medzinárodnej predlohy, použiteľný postup (4 krokov / 1674 znakov, 10 % ingrediencií bez množstva);
moja-letna-vecera;Moja letná večera;Hlavné jedlo;PONECHAT;Bez medzinárodnej predlohy, použiteľný postup (3 krokov / 365 znakov, 0 % ingrediencií bez množstva);
moja-ryza-tiez-rychlovka;Moja ryža - tiež rýchlovka;Príloha;PONECHAT;Bez medzinárodnej predlohy, použiteľný postup (3 krokov / 451 znakov, 0 % ingrediencií bez množstva);
moja-vianocna-kapustnica;Moja vianočná kapustnica;Polievka;VYHODIT;3 surovín s výskytom najviac 2× v celej DB: 'Údené koleno', 'Pikantná klobása', 'Nepikantná klobása';
moje-nadychane-knedle;Moje nadýchané knedle;Príloha;PONECHAT;"Slovenské/domáce jedlo bez medzinárodnej predlohy; postup 3 krokov / 844 znakov";
moravske-kolace;Moravské koláče;Dezert;PONECHAT;Bez medzinárodnej predlohy, použiteľný postup (4 krokov / 605 znakov, 25 % ingrediencií bez množstva);
moravsky-vrabec;Moravský vrabec;Hlavné jedlo;PONECHAT;Bez medzinárodnej predlohy, použiteľný postup (3 krokov / 1022 znakov, 28 % ingrediencií bez množstva);
morcaci-hamburger;Morčací hamburger;Hlavné jedlo;NAHRADIT;"Rozmarný variant medzinárodného jedla: ""Morčací hamburger""";Classic Beef Burger (BBC Good Food)
morcacia-pecen-na-jablkach;Morčacia pečeň na jablkách;Hlavné jedlo;VYHODIT;3 surovín s výskytom najviac 2× v celej DB: 'Pečeň morčacia', 'Jablká zelené', 'Jablká červené';
morcacia-rolada-s-fazulou;Morčacia roláda s fazuľou;Hlavné jedlo;VYHODIT;"Slabý postup (5 krokov, 289 znakov; medián DB je 689); 4 surovín s výskytom najviac 2× v celej DB: 'Stehná morčacie mleté', 'Mrazená zelenina', 'Paprika chilli mletá'";
morcacie-kari;Morčacie kari;Hlavné jedlo;NAHRADIT;"Rozmarný variant medzinárodného jedla: ""Morčacie kari"" + 40 % ingrediencií (4/10) bez množstva – plánovač neurčí výživu ani nákup; 2 surovín s výskytom najviac 2× v celej DB: 'Stehná dolné morčacie', 'Korenie kari'";Chicken Curry (BBC Good Food)
morcacie-kuracie-spizy-trocha-inak;Morčacie (kuracie) špízy trocha inak;Hlavné jedlo;VYHODIT;"Názov nie je jedlo (marketingové slovo namiesto jedla): ""Morčacie (kuracie) špízy trocha inak""";
morcacie-na-hriboch;Morčacie na hríboch;Hlavné jedlo;PONECHAT;Bez medzinárodnej predlohy, použiteľný postup (5 krokov / 1311 znakov, 18 % ingrediencií bez množstva);
morcacie-prsia-na-pikantnom-baklazane;Morčacie prsia na pikantnom baklažáne;Hlavné jedlo;PONECHAT;Bez medzinárodnej predlohy, použiteľný postup (3 krokov / 570 znakov, 31 % ingrediencií bez množstva);
morcacie-prsia-na-sposob-asconese;Morčacie prsia na spôsob Asconese;Hlavné jedlo;NAHRADIT;"Rozmarný variant medzinárodného jedla: ""Morčacie prsia na spôsob Asconese"" + 2 surovín s výskytom najviac 2× v celej DB: 'Sterilizované paradajky', 'Cestoviny tagliatelle'";Scones (BBC Good Food)
morcacie-prsia-piatich-voni;Morčacie prsia piatich vôní;Hlavné jedlo;VYHODIT;2 surovín s výskytom najviac 2× v celej DB: 'Korenie piatich vôní', 'Pekinská kapusta';
morcacie-prsia-plnene-fetou-a-spenatom;Morčacie prsia plnené fetou a špenátom;Hlavné jedlo;PONECHAT;Bez medzinárodnej predlohy, použiteľný postup (13 krokov / 1152 znakov, 22 % ingrediencií bez množstva);
morcacie-prsia-plnene-udenou-sunkou;Morčacie prsia plnené údenou šunkou;Hlavné jedlo;VYHODIT;2 surovín s výskytom najviac 2× v celej DB: 'Domáce prošuto', 'Nátierka papriková domáca';
morcacie-prsia-podla-duranda;Morčacie prsia podľa Duranda;Hlavné jedlo;PONECHAT;Bez medzinárodnej predlohy, použiteľný postup (7 krokov / 939 znakov, 20 % ingrediencií bez množstva);
morcacie-prsia-s-ajvarom;Morčacie prsia s ajvarom;Hlavné jedlo;PONECHAT;Bez medzinárodnej predlohy, použiteľný postup (4 krokov / 772 znakov, 33 % ingrediencií bez množstva);
morcacie-prsia-s-hlivou-paradajkou-a-syrom;Morčacie prsia s hlivou, paradajkou a syrom;Hlavné jedlo;PONECHAT;Bez medzinárodnej predlohy, použiteľný postup (10 krokov / 876 znakov, 30 % ingrediencií bez množstva);
morcacie-prsia-so-susenymi-paradajkami;Morčacie prsia so sušenými paradajkami;Hlavné jedlo;PONECHAT;Bez medzinárodnej predlohy, použiteľný postup (3 krokov / 437 znakov, 27 % ingrediencií bez množstva);
morcacie-prsia-so-zeleninou;Morčacie prsia so zeleninou;Hlavné jedlo;VYHODIT;"Slabý postup (3 krokov, 274 znakov; medián DB je 689)";
morcacie-prsia-v-masle-vykupane;Morčacie prsia v masle vykúpané;Hlavné jedlo;PONECHAT;Bez medzinárodnej predlohy, použiteľný postup (3 krokov / 615 znakov, 12 % ingrediencií bez množstva);
morcacie-prsia-v-syrovej-omacke;Morčacie prsia v syrovej omáčke;Hlavné jedlo;PONECHAT;Bez medzinárodnej predlohy, použiteľný postup (4 krokov / 744 znakov, 29 % ingrediencií bez množstva);
morcacie-prsia-v-syrovo-cesnakovom-cesticku;Morčacie prsia v syrovo-cesnakovom cestíčku;Hlavné jedlo;PONECHAT;Bez medzinárodnej predlohy, použiteľný postup (9 krokov / 1011 znakov, 27 % ingrediencií bez množstva);
morcacie-ragu;Morčacie ragú;Hlavné jedlo;VYHODIT;"Slabý postup (3 krokov, 272 znakov; medián DB je 689); 40 % ingrediencií (4/10) bez množstva – plánovač neurčí výživu ani nákup; 2 surovín s výskytom najviac 2× v celej DB: 'Stehno morčacie', 'Fazuľkové zelené struky'";
morcacie-stehno-na-vine;Morčacie stehno na víne;Hlavné jedlo;VYHODIT;2 surovín s výskytom najviac 2× v celej DB: 'Stehno morčacie', 'Červené suché víno';
morciacie-fasirky-v-kari-omacke;Morčacie fašírky v kari omáčke;Hlavné jedlo;NAHRADIT;"Rozmarný variant medzinárodného jedla: ""Morčacie fašírky v kari omáčke"" + 36 % ingrediencií (4/11) bez množstva – plánovač neurčí výživu ani nákup";Chicken Curry (BBC Good Food)
morciacie-fasirky-v-paradajkovej-omacke;Morčacie fašírky v paradajkovej omáčke;Hlavné jedlo;VYHODIT;"Duplicita: identický postup aj sada ingrediencií ako ""Morčacie fašírky v kari omáčke"" (id=morciacie-fasirky-v-kari-omacke), ktorý zostáva (dlhší postup / úplnejšie dáta)";
morciacie-fasirky-v-tekvicovej-omacke;Morčacie fašírky v tekvicovej omáčke;Hlavné jedlo;VYHODIT;"Duplicita: identický postup aj sada ingrediencií ako ""Morčacie fašírky v kari omáčke"" (id=morciacie-fasirky-v-kari-omacke), ktorý zostáva (dlhší postup / úplnejšie dáta)";
morciacie-prsia-s-brusnicovou-plnkou;Morčacie prsia s brusnicovou plnkou;Hlavné jedlo;PONECHAT;Bez medzinárodnej predlohy, použiteľný postup (4 krokov / 520 znakov, 10 % ingrediencií bez množstva);
morciacie-rezne-s-brusnicovou-omackou;Morčacie rezne s brusnicovou omáčkou;Hlavné jedlo;VYHODIT;2 surovín s výskytom najviac 2× v celej DB: 'Rezne morčacie', 'Cesnak pokrájaný na plátky';
morusovo-citronovy-dzem;Morušovo-citrónový džem;Raňajky;PONECHAT;Bez medzinárodnej predlohy, použiteľný postup (6 krokov / 2121 znakov, 0 % ingrediencií bez množstva);
mramorove-vajicka;Mramorové vajíčka;Raňajky;VYHODIT;2 surovín s výskytom najviac 2× v celej DB: 'Surové vajce', 'Malé rajčiny';
mrkvova-natierka;Mrkvová nátierka;Nátierka;VYHODIT;3 surovín s výskytom najviac 2× v celej DB: 'Pasta tahini', 'Lahôdkové droždie', 'Feferónová pasta';
mrkvove-tycinky-s-jogurtovym-dipom;Mrkvové tyčinky s jogurtovým dipom;Snack;VYHODIT;36 % ingrediencií (4/11) bez množstva – plánovač neurčí výživu ani nákup;
mrkvovo-jablkovy-salat;Mrkvovo-jablkový šalát;Šalát;VYHODIT;2 surovín s výskytom najviac 2× v celej DB: 'Zelené jablko', 'Paprička jalopeño';
msemen-vajcovy-wrap;Marocký wrap s vajcom (msemen štýl);Raňajky;PONECHAT;Bez medzinárodnej predlohy, použiteľný postup (4 krokov / 426 znakov, 29 % ingrediencií bez množstva);
musaka-na-moj-sposob-fotorecept;Musaka na môj spôsob /fotorecept/;Hlavné jedlo;NAHRADIT;"Rozmarný variant medzinárodného jedla: ""Musaka na môj spôsob /fotorecept/""";Moussaka (BBC Good Food)
mushroom-risotto;Mushroom Risotto;Hlavné jedlo;NAHRADIT;"Rozmarný variant medzinárodného jedla: ""Mushroom Risotto"" + 36 % ingrediencií (5/14) bez množstva – plánovač neurčí výživu ani nákup; 2 surovín s výskytom najviac 2× v celej DB: 'Hlivy', 'Olej olivovy'";Risotto alla Milanese (BBC Good Food)
musli-tycinky-dobra-nalada;Müsli tyčinky - Dobrá nálada;Snack;VYHODIT;4 surovín s výskytom najviac 2× v celej DB: 'Ľanová semienka', 'Kokosové fliačky', 'Mlieko mandľove';
musubi-sunka-vajce-havajsky;Musubi sendvič so šunkou a vajcom;Raňajky;VYHODIT;"Duplicita: identický postup aj sada ingrediencií ako ""Bryndzový sendvič so slaninkou"" (id=brynzovy-sendvic-slaninka), ktorý zostáva (dlhší postup / úplnejšie dáta)";
nafukanci;Nafúkanci;Snack;PONECHAT;Bez medzinárodnej predlohy, použiteľný postup (14 krokov / 1069 znakov, 7 % ingrediencií bez množstva);
nakladany-hermelin-na-kyslo;Nakladaný Hermelín na kyslo;Snack;VYHODIT;4 surovín s výskytom najviac 2× v celej DB: 'Heremelín', 'Pikant Fix Dr.Oetker', 'Ocot biely';
natierka-salat;Nátierka - šalát;Nátierka;PONECHAT;Bez medzinárodnej predlohy, použiteľný postup (7 krokov / 355 znakov, 25 % ingrediencií bez množstva);
natierka-z-fazule-a-cesnaku;Nátierka z bielej fazule a cesnaku;Nátierka;VYHODIT;2 surovín s výskytom najviac 2× v celej DB: 'Sezamová pasta', 'Olej zo sušených paradajok';
natierka-z-peceneho-cesnaku-a-fazule;Nátierka z pečeného cesnaku a fazule;Nátierka;PONECHAT;Bez medzinárodnej predlohy, použiteľný postup (3 krokov / 362 znakov, 29 % ingrediencií bez množstva);
natierka-z-peceneho-cesnaku;Nátierka z pečeného cesnaku;Nátierka;VYHODIT;"Duplicita: identický postup aj sada ingrediencií ako ""Nátierka z pečeného cesnaku a fazule"" (id=natierka-z-peceneho-cesnaku-a-fazule), ktorý zostáva (dlhší postup / úplnejšie dáta)";
natierka-z-pecenej-cvikly-a-orechov;Nátierka z pečenej cvikly a orechov;Nátierka;PONECHAT;Bez medzinárodnej predlohy, použiteľný postup (3 krokov / 365 znakov, 25 % ingrediencií bez množstva);
natierka-z-pecenej-cvikly-s-fetou;Nátierka z pečenej cvikly s fetou;Nátierka;VYHODIT;"Duplicita: identický postup aj sada ingrediencií ako ""Pečená karfiolová nátierka"" (id=karfiolova-natierka-pecena), ktorý zostáva (dlhší postup / úplnejšie dáta)";
natierka-z-pecenej-papriky-s-cesnakom;Nátierka z pečenej papriky s cesnakom;Nátierka;VYHODIT;"Duplicita: identický postup aj sada ingrediencií ako ""Nátierka z pečeného cesnaku a fazule"" (id=natierka-z-peceneho-cesnaku-a-fazule), ktorý zostáva (dlhší postup / úplnejšie dáta)";
natierka-z-redkovky-a-listov;Nátierka z reďkovky a listov;Nátierka;VYHODIT;"Slabý postup (5 krokov, 265 znakov; medián DB je 689); 2 surovín s výskytom najviac 2× v celej DB: 'Červená reďkovka', 'Reďkovkové listy'";
natierka-z-tuniaka-a-kukurice;Nátierka z tuniaka a kukurice;Nátierka;VYHODIT;"Slabý postup (3 krokov, 229 znakov; medián DB je 689)";
natierka-z-tuniaka-s-kaparmi;Nátierka z tuniaka s kaparmi;Nátierka;VYHODIT;"Duplicita: identický postup aj sada ingrediencií ako ""Nátierka z tuniaka a kukurice"" (id=natierka-z-tuniaka-a-kukurice), ktorý zostáva (dlhší postup / úplnejšie dáta)";
natierka-zo-susenych-paradajok;Nátierka zo sušených paradajok;Nátierka;VYHODIT;2 surovín s výskytom najviac 2× v celej DB: 'Paradajka cherry', 'Extrakt z droždia';
nektarinkovy-kolacik;Nektarinkový koláčik;Snack;PONECHAT;Bez medzinárodnej predlohy, použiteľný postup (15 krokov / 692 znakov, 0 % ingrediencií bez množstva);
nemecka-polievka;Nemecká polievka;Polievka;PONECHAT;Bez medzinárodnej predlohy, použiteľný postup (4 krokov / 383 znakov, 20 % ingrediencií bez množstva);
nemecky-zemiakovy-salat;Nemecký zemiakový šalát (teplý);Šalát;PONECHAT;"Slovenské/domáce jedlo bez medzinárodnej predlohy; postup 9 krokov / 1472 znakov";
neprava-husacia-pecen;Nepravá husacia pečeň;Hlavné jedlo;PONECHAT;Bez medzinárodnej predlohy, použiteľný postup (4 krokov / 344 znakov, 33 % ingrediencií bez množstva);
obalovany-morsky-cert-s-cestovinou-fregola;Obaľovaný morský čert s cestovinou fregola;Hlavné jedlo;VYHODIT;4 surovín s výskytom najviac 2× v celej DB: 'Morský čert', 'Šunka prosciutto', 'Cestoviny fregola';
oblozene-rozky-sunka-syr;Obložené rožky so šunkou a syrom;Raňajky;PONECHAT;Bez medzinárodnej predlohy, použiteľný postup (3 krokov / 582 znakov, 0 % ingrediencií bez množstva);
oblubena-polievka-kralovnej-alzbety-ii;Obľúbená polievka kráľovnej Alžbety II;Hlavné jedlo;VYHODIT;9 surovín s výskytom najviac 2× v celej DB: 'Pečienky kuracie', 'Žalúdky kuracie', 'Malý zeler';
obratene-bravcove-rezne;Obrátené bravčové rezne;Hlavné jedlo;PONECHAT;Bez medzinárodnej predlohy, použiteľný postup (11 krokov / 1721 znakov, 27 % ingrediencií bez množstva);
obratene-hovadzie-rezne;Obrátené hovädzie rezne;Hlavné jedlo;VYHODIT;2 surovín s výskytom najviac 2× v celej DB: 'Roštenka hovadzia', 'Bravčový vývar';
olivova-natierka-tapenade;Olivová nátierka (tapenade);Nátierka;VYHODIT;"Slabý postup (3 krokov, 186 znakov; medián DB je 689)";
omeleta-s-dzemom;Omeleta s džemom;Hlavné jedlo;NAHRADIT;"Rozmarný variant medzinárodného jedla: ""Omeleta s džemom""";Omelette (BBC Good Food)
omeleta-so-syrom-a-sunkou;Omeleta so syrom a šunkou;Raňajky;NAHRADIT;"Rozmarný variant medzinárodného jedla: ""Omeleta so syrom a šunkou"" + 36 % ingrediencií (4/11) bez množstva – plánovač neurčí výživu ani nákup";Omelette (BBC Good Food)
opite-ovocie;Opité ovocie;Nápoj;VYHODIT;2 surovín s výskytom najviac 2× v celej DB: 'Bazový sirup', 'Jablčný suchý cider';
orechove-rozky-viano;Orechové rožky (vianočné);Pečivo;PONECHAT;Bez medzinárodnej predlohy, použiteľný postup (7 krokov / 776 znakov, 0 % ingrediencií bez množstva);
orechovica;Orechovica;Nápoj;VYHODIT;3 surovín s výskytom najviac 2× v celej DB: 'Zelené orechy', 'Zrná kávové celé', 'Vínovica';
orechovo-kokosova-granola-s-brusnicami;Orechovo-kokosová granola s brusnicami;Raňajky;PONECHAT;Bez medzinárodnej predlohy, použiteľný postup (4 krokov / 609 znakov, 0 % ingrediencií bez množstva);
orechovo-vanilkovy-veniec;Orechovo-vanilkový veniec;Raňajky;VYHODIT;3 surovín s výskytom najviac 2× v celej DB: 'Múka hladká extra špeciál', 'Cukor škoricový', 'Karamelový cukor';
orechovy-kolac;Orechový koláč;Dezert;VYHODIT;4 surovín s výskytom najviac 2× v celej DB: 'Kakao holandského typu', 'Instantná káva', 'RIAVA orech';
orieskovo-hrozienkova-resanka;Orieškovo-hrozienková resanka;Raňajky;PONECHAT;Bez medzinárodnej predlohy, použiteľný postup (4 krokov / 1147 znakov, 13 % ingrediencií bez množstva);
original-zidovske-macesove-knedlicky-do-polievky;Originál židovské macesové knedličky do polievky;Príloha;PONECHAT;"Slovenské/domáce jedlo bez medzinárodnej predlohy; postup 3 krokov / 1023 znakov";
orzo-salat;Orzo šalát so zeleninou;Cestoviny;PONECHAT;Bez medzinárodnej predlohy, použiteľný postup (5 krokov / 591 znakov, 19 % ingrediencií bez množstva);
ovocna-tycinka-domaca;Domáca ovocno-orechová tyčinka;Snack;PONECHAT;Bez medzinárodnej predlohy, použiteľný postup (4 krokov / 553 znakov, 0 % ingrediencií bez množstva);
ovocne-zele;Ovocné želé;Dezert;VYHODIT;5 surovín s výskytom najviac 2× v celej DB: 'Hladká tortová múka', 'Plnka jahodová v prášku', 'Jahodový sirup';
ovocny-salat-s-citrusmi-a-matou;Ovocný šalát s citrusmi a mätou;Šalát;VYHODIT;"Slabý postup (3 krokov, 173 znakov; medián DB je 689)";
ovocny-salat-s-jogurtom-a-granolou;Ovocný šalát s jogurtom a granolou;Šalát;VYHODIT;"Duplicita: identický postup aj sada ingrediencií ako ""Ovocný šalát s citrusmi a mätou"" (id=ovocny-salat-s-citrusmi-a-matou), ktorý zostáva (dlhší postup / úplnejšie dáta)";
ovocny-salat-s-medovo-limetkovym-dresingom;Ovocný šalát s medovo-limetkovým dresingom;Šalát;VYHODIT;"Duplicita: identický postup aj sada ingrediencií ako ""Ovocný šalát s citrusmi a mätou"" (id=ovocny-salat-s-citrusmi-a-matou), ktorý zostáva (dlhší postup / úplnejšie dáta)";
ovocny-spiz;Ovocný špíz;Snack;VYHODIT;43 % ingrediencií (3/7) bez množstva – plánovač neurčí výživu ani nákup;
ovsena-kasa-s-brusnicami-a-orechmi;Ovsená kaša s brusnicami a orechmi;Raňajky;PONECHAT;Bez medzinárodnej predlohy, použiteľný postup (9 krokov / 320 znakov, 0 % ingrediencií bez množstva);
ovsena-kasa-s-hruskou-a-skoricou;Ovsená kaša s hruškou a škoricou;Raňajky;VYHODIT;2 surovín s výskytom najviac 2× v celej DB: 'Zmes mletého korenia', 'Rastlinné maslo';
ovsena-kasa-s-jablkom-a-skoricou;Ovsená kaša s jablkom a škoricou;Raňajky;PONECHAT;Bez medzinárodnej predlohy, použiteľný postup (3 krokov / 594 znakov, 0 % ingrediencií bez množstva);
ovsena-kasa-s-kakaom-a-bananom;Ovsená kaša s kakaom a banánom;Raňajky;PONECHAT;Bez medzinárodnej predlohy, použiteľný postup (3 krokov / 338 znakov, 0 % ingrediencií bez množstva);
ovsene-ranajkove-rozky;Ovsené raňajkové rožky;Pečivo;PONECHAT;Bez medzinárodnej predlohy, použiteľný postup (9 krokov / 1022 znakov, 0 % ingrediencií bez množstva);
ovsene-susienky-na-ranajky;Ovsené sušienky na raňajky;Raňajky;PONECHAT;Bez medzinárodnej predlohy, použiteľný postup (4 krokov / 828 znakov, 0 % ingrediencií bez množstva);
ovsene-susienky-s-cokoladou;Ovsené sušienky s čokoládou;Dezert;VYHODIT;"Duplicita: identický postup aj sada ingrediencií ako ""Ovsené sušienky na raňajky"" (id=ovsene-susienky-na-ranajky), ktorý zostáva (dlhší postup / úplnejšie dáta)";
ovsene-susienky-slane;Ovsené sušienky slané so syrom;Pečivo;PONECHAT;Bez medzinárodnej predlohy, použiteľný postup (3 krokov / 491 znakov, 0 % ingrediencií bez množstva);
ovsenobananovy-chlebik;Ovsenobanánový chlebík;Pečivo;VYHODIT;"Duplicita: identický postup aj sada ingrediencií ako ""Cottage chlebík"" (id=cottage-chlebik), ktorý zostáva (dlhší postup / úplnejšie dáta)";
paella-ako-si-ju-robime-doma;Paella, ako si ju robíme doma;Hlavné jedlo;NAHRADIT;"Rozmarný variant medzinárodného jedla: ""Paella, ako si ju robíme doma"" + 6 surovín s výskytom najviac 2× v celej DB: 'Stehno kuracie dolné', 'Krevety tigrie mrazené', 'Guľatá ryža'";Paella (BBC Good Food)
paella-so-zeleninou-a-kuracim-masom;Paella so zeleninou a kuracím mäsom;Hlavné jedlo;NAHRADIT;"Rozmarný variant medzinárodného jedla: ""Paella so zeleninou a kuracím mäsom"" + 3 surovín s výskytom najviac 2× v celej DB: 'Ryža guľatá Lagris', 'Ochucovadlo Kurča', 'Morské plody'";Paella (BBC Good Food)
pagace-a-buchty-z-cukrovej-repy-s-makom;Pagáče a buchty z cukrovej repy s makom;Raňajky;VYHODIT;2 surovín s výskytom najviac 2× v celej DB: 'Cukrová repa', 'Šípkový lekvár';
pain-perdu-sladke-potesenie-na-ranajky;,,Pain perdu,, sladké potešenie na raňajky;Raňajky;VYHODIT;"Slabý postup (5 krokov, 275 znakov; medián DB je 689)";
pak-choi-so-stratenym-vajickom-a-holandskou-omackou;Pak choi so strateným vajíčkom a holandskou omáčkou;Šalát;PONECHAT;Bez medzinárodnej predlohy, použiteľný postup (6 krokov / 1355 znakov, 15 % ingrediencií bez množstva);
palacinky-s-cokoladou;Palacinky s čokoládovou omáčkou;Dezert;VYHODIT;"Duplicita: identický postup aj sada ingrediencií ako ""Bielkovinové palacinky"" (id=bielkovinove-palacinky), ktorý zostáva (dlhší postup / úplnejšie dáta)";
palacinky-s-pribinacikom;Palacinky s pribináčikom;Snack;NAHRADIT;"Rozmarný variant medzinárodného jedla: ""Palacinky s pribináčikom"" + slabý postup (3 krokov, 286 znakov; medián DB je 689)";Pancakes (BBC Good Food)
panenka-plnena-broskynami;Panenka plnená broskyňami;Hlavné jedlo;PONECHAT;Bez medzinárodnej predlohy, použiteľný postup (7 krokov / 1118 znakov, 8 % ingrediencií bez množstva);
panini-kurca-pesto-mozzarella;Panini s kurčaťom a pestom;Raňajky;NAHRADIT;"Rozmarný variant medzinárodného jedla: ""Panini s kurčaťom a pestom""";Pesto alla Genovese (BBC Good Food)
panini-morcacie-avokado;Panini s morčacím mäsom a avokádom;Raňajky;VYHODIT;"Duplicita: identický postup aj sada ingrediencií ako ""Panini s kurčaťom a pestom"" (id=panini-kurca-pesto-mozzarella), ktorý zostáva (dlhší postup / úplnejšie dáta)";
paprikova-polievka;Papriková polievka;Hlavné jedlo;VYHODIT;2 surovín s výskytom najviac 2× v celej DB: 'Mäsitá červená paprika', 'Mäsitá žltá paprika';
paradajkova-polievka-s-bazalkou;Paradajková polievka s bazalkou;Polievka;PONECHAT;Bez medzinárodnej predlohy, použiteľný postup (5 krokov / 506 znakov, 20 % ingrediencií bez množstva);
paradajkova-polievka-so-smotanou;Paradajková polievka so smotanou;Polievka;PONECHAT;Bez medzinárodnej predlohy, použiteľný postup (10 krokov / 679 znakov, 31 % ingrediencií bez množstva);
paradajkove-pesto;Paradajkové pesto;Nátierka;NAHRADIT;"Rozmarný variant medzinárodného jedla: ""Paradajkové pesto""";Pesto alla Genovese (BBC Good Food)
paradajky-s-nakladanymi-egresmi-a-cerstvym-kravskym-syrom;Paradajky s nakladanými egrešmi a čerstvým kravským syrom;Šalát;VYHODIT;6 surovín s výskytom najviac 2× v celej DB: 'Farebné paradajky', 'Strapcové paradajky', 'Kravský čerstvý syr';
paradajky-v-octovom-naleve;Paradajky v octovom náleve;Príloha;VYHODIT;3 surovín s výskytom najviac 2× v celej DB: 'Malé paradajky', 'Cibuľky', 'Celé klinčeky';
parene-buchty;Parené buchty s lekvárom;Dezert;VYHODIT;40 % ingrediencií (6/15) bez množstva – plánovač neurčí výživu ani nákup;
parker-house-zemle;Parker House žemle;Raňajky;VYHODIT;3 surovín s výskytom najviac 2× v celej DB: 'Múka chlebová pšeničná T 650', 'Rozpustené vlažné maslo', 'Rozpustené vlažné maslo';
party-jezko;Párty ježko;Nátierka;VYHODIT;40 % ingrediencií (2/5) bez množstva – plánovač neurčí výživu ani nákup;
pazdernaky;Pazderňáky;Snack;VYHODIT;4 surovín s výskytom najviac 2× v celej DB: 'Zemiaky varené v šupke', 'Mlieko vlažné do kvásku', 'Mleté oškvarky';
pecena-cvikla-s-tymianom;Pečená cvikla s tymianom;Príloha;PONECHAT;Bez medzinárodnej predlohy, použiteľný postup (3 krokov / 682 znakov, 14 % ingrediencií bez množstva);
pecena-krkovicka-nebicko-v-papulke;Pečená krkovička - nebíčko v papuľke;Hlavné jedlo;PONECHAT;Bez medzinárodnej predlohy, použiteľný postup (5 krokov / 461 znakov, 12 % ingrediencií bez množstva);
pecena-zelenina-s-balzamikovym-octom;Pečená zelenina s balzamikovým octom;Príloha;VYHODIT;2 surovín s výskytom najviac 2× v celej DB: 'Reďkovka biela', 'Hlávková červená kapusta';
pecene-bataty;Pečené batáty;Príloha;PONECHAT;Bez medzinárodnej predlohy, použiteľný postup (3 krokov / 634 znakov, 10 % ingrediencií bez množstva);
pecene-bravcove-kare-na-oregane;Pečené bravčové karé na oregane;Hlavné jedlo;PONECHAT;Bez medzinárodnej predlohy, použiteľný postup (6 krokov / 1345 znakov, 30 % ingrediencií bez množstva);
pecene-bravcove-kare-plnene-bryndzou-a-olivami;Pečené bravčové karé plnené bryndzou a olivami;Hlavné jedlo;PONECHAT;"Slovenské/domáce jedlo bez medzinárodnej predlohy; postup 4 krokov / 690 znakov";
pecene-bravcove-pliecko-s-vonavou-krustou;Pečené bravčové pliecko s voňavou krustou;Hlavné jedlo;VYHODIT;36 % ingrediencií (4/11) bez množstva – plánovač neurčí výživu ani nákup;
pecene-kuracie-stehna-na-zelenine;Pečené kuracie stehná na zelenine;Hlavné jedlo;PONECHAT;Bez medzinárodnej predlohy, použiteľný postup (5 krokov / 388 znakov, 29 % ingrediencií bez množstva);
pecene-sladko-kysle-pikantne-kridelka;Pečené sladko-kyslé pikantné krídelká;Hlavné jedlo;VYHODIT;2 surovín s výskytom najviac 2× v celej DB: 'Krídelká kuracie', 'Omáčka chilli';
pecene-vajcia-klobaska-sunka-a-hrasok;Pečené vajcia, klobáska, šunka a hrášok;Raňajky;PONECHAT;Bez medzinárodnej predlohy, použiteľný postup (3 krokov / 602 znakov, 25 % ingrediencií bez množstva);
pecene-vajecne-hniezda;Pečené vaječné hniezda;Raňajky;PONECHAT;Bez medzinárodnej predlohy, použiteľný postup (7 krokov / 554 znakov, 33 % ingrediencií bez množstva);
pecenova-pasteta-leniva;Pečeňová paštéta (lenivá);Raňajky;VYHODIT;38 % ingrediencií (3/8) bez množstva – plánovač neurčí výživu ani nákup;
pecenova-pasteta-s-hruskami;Pečeňová paštéta s hruškami;Raňajky;PONECHAT;Bez medzinárodnej predlohy, použiteľný postup (5 krokov / 690 znakov, 0 % ingrediencií bez množstva);
pecenovy-krem-so-gelee-a-tymianom-eat-smarter;Pečeňový krém so gelee a tymianom - eat smarter;Nátierka;VYHODIT;4 surovín s výskytom najviac 2× v celej DB: 'Hydinová pečeň', 'Jablkový priezračný džús', 'Jablkový priezračný džús';
peceny-bocik-s-tvarohovou-knedlou;Pečený bôčik s tvarohovou knedľou;Hlavné jedlo;PONECHAT;"Slovenské/domáce jedlo bez medzinárodnej predlohy; postup 3 krokov / 767 znakov";
pecivo-bageta;Bageta (príloha);Pečivo;VYHODIT;"Duplicita: identický postup aj sada ingrediencií ako ""Bageta s oštiepkom a paradajkami"" (id=bageta-ostiepok), ktorý zostáva (dlhší postup / úplnejšie dáta)";
pecivo-celozrnny;Celozrnný chlieb;Pečivo;VYHODIT;2 surovín s výskytom najviac 2× v celej DB: 'Muka celozrnna', 'Ľanové semiačka';
pecivo-toast;Toastový chlieb;Pečivo;PONECHAT;Bez medzinárodnej predlohy, použiteľný postup (5 krokov / 1463 znakov, 17 % ingrediencií bez množstva);
pekelne-placky;Pekelné placky;Hlavné jedlo;VYHODIT;2 surovín s výskytom najviac 2× v celej DB: 'Sterlizovaná kápia', 'Sterilizovaný chren';
penne-ala-co-dom-dal;Penne alá čo dom dal...;Cestoviny;PONECHAT;Bez medzinárodnej predlohy, použiteľný postup (3 krokov / 317 znakov, 0 % ingrediencií bez množstva);
penne-alla-vodka;Penne alla vodka;Cestoviny;PONECHAT;Bez medzinárodnej predlohy, použiteľný postup (7 krokov / 562 znakov, 25 % ingrediencií bez množstva);
penne-con-gorgonzola;Penne con Gorgonzola;Cestoviny;VYHODIT;"36 % ingrediencií (4/11) bez množstva – plánovač neurčí výživu ani nákup; 4 surovín s výskytom najviac 2× v celej DB: 'Penne Rigate', 'Nastrúhaný parmezán', 'Mozzarela'";
penne-s-bazalkovym-pestom;Penne s bazalkovým pestom;Cestoviny;NAHRADIT;"Rozmarný variant medzinárodného jedla: ""Penne s bazalkovým pestom"" + slabý postup (3 krokov, 231 znakov; medián DB je 689); 40 % ingrediencií (2/5) bez množstva – plánovač neurčí výživu ani nákup";Pesto alla Genovese (BBC Good Food)
perfektna-domaca-nutella;Perfektná domáca Nutella;Nátierka;PONECHAT;Bez medzinárodnej predlohy, použiteľný postup (8 krokov / 809 znakov, 20 % ingrediencií bez množstva);
peri-peri-chicken;Peri-Peri Chicken;Hlavné jedlo;VYHODIT;"Duplicita: identický postup aj sada ingrediencií ako ""Cornell Chicken"" (id=cornell-chicken), ktorý zostáva (dlhší postup / úplnejšie dáta)";
perkelt-z-vykostenej-kraliciny;Perkelt z vykostenej králičiny;Hlavné jedlo;VYHODIT;3 surovín s výskytom najviac 2× v celej DB: 'Mäso králičie bez kostí', 'Ďumbier', 'Vývar z kosti králika';
pestre-pruzky;Pestré prúžky;Príloha;PONECHAT;Bez medzinárodnej predlohy, použiteľný postup (3 krokov / 516 znakov, 30 % ingrediencií bez množstva);
pestry-ovocny-salat-s-avokadovo-acidkovym-dipom;Pestrý ovocný šalát s avokádovo-acidkovým dipom;Raňajky;VYHODIT;5 surovín s výskytom najviac 2× v celej DB: 'Marhuľa väčšia', 'Žltý melón', 'Oranžový melón';
pikantna-natierka-z-kyslych-ryb;Pikantná nátierka z kyslých rýb;Nátierka;VYHODIT;2 surovín s výskytom najviac 2× v celej DB: 'Kyslé ryby', 'Moravanka';
pikantne-fasirky-v-kabatiku-z-udenej-slaniny;Pikantné fašírky v kabátiku z údenej slaniny;Hlavné jedlo;VYHODIT;2 surovín s výskytom najviac 2× v celej DB: 'Pliecko bravčove mleté', 'Údená mäsitá slanina';
pikantne-hovadzie-zadne-na-cabernet-sauvignon;Pikantné hovädzie zadné na Cabernet sauvignon;Hlavné jedlo;VYHODIT;3 surovín s výskytom najviac 2× v celej DB: 'Feferóny', 'Cabernet sauvignon', 'Vývar hovädzí domáci';
pikantne-morcacie-prsia-na-mede;Pikantné morčacie prsia na mede;Hlavné jedlo;PONECHAT;Bez medzinárodnej predlohy, použiteľný postup (6 krokov / 1057 znakov, 25 % ingrediencií bez množstva);
pikantny-mangold-s-cukinou-a-chorizom;Pikantný mangold s cukinou a chorizom;Raňajky;VYHODIT;5 surovín s výskytom najviac 2× v celej DB: 'Klobása chorizo', 'Paprička jalapeňos', 'Olej olivový panenský extra';
ping-pong;Ping-pong;Cestoviny;VYHODIT;2 surovín s výskytom najviac 2× v celej DB: 'Čínske rezance', 'Cibuľová vňať';
pirohy-s-bryndzou-udenym-masom-a-viedenskou-cibulkou;Pirohy s bryndzou, údeným mäsom a viedenskou cibuľkou;Hlavné jedlo;PONECHAT;"Slovenské/domáce jedlo bez medzinárodnej predlohy; postup 3 krokov / 624 znakov";
pita-chlieb;Pita chlieb;Pečivo;VYHODIT;44 % ingrediencií (4/9) bez množstva – plánovač neurčí výživu ani nákup;
pizza-cesto-domace;Domáce pizza cesto;Pečivo;NAHRADIT;"Rozmarný variant medzinárodného jedla: ""Domáce pizza cesto""";Pizza Margherita (BBC Good Food)
pizza-hawai;Pizza Hawai;Hlavné jedlo;NAHRADIT;"Rozmarný variant medzinárodného jedla: ""Pizza Hawai""";Pizza Margherita (BBC Good Food)
pizza-margherita;Pizza Margherita;Hlavné jedlo;NAHRADIT;"Rozmarný variant medzinárodného jedla: ""Pizza Margherita"" + 2 surovín s výskytom najviac 2× v celej DB: 'Múka na pizzu', 'Paradajkový podklad'";Pizza Margherita (BBC Good Food)
pizza-quattro-formaggi;Pizza quattro formaggi;Hlavné jedlo;VYHODIT;"Duplicita: identický postup aj sada ingrediencií ako ""Cestoviny quattro formaggi"" (id=cestoviny-quattro-formaggi), ktorý zostáva (dlhší postup / úplnejšie dáta)";
pizza-rezne;Pizza rezne;Hlavné jedlo;NAHRADIT;"Rozmarný variant medzinárodného jedla: ""Pizza rezne""";Pizza Margherita (BBC Good Food)
pizza-sunkova-prosciutto;Pizza s prosciuttom a rukolou;Hlavné jedlo;NAHRADIT;"Rozmarný variant medzinárodného jedla: ""Pizza s prosciuttom a rukolou""";Pizza Margherita (BBC Good Food)
pizza-tuniakova;Pizza s tuniakom a cibuľou;Hlavné jedlo;NAHRADIT;"Rozmarný variant medzinárodného jedla: ""Pizza s tuniakom a cibuľou"" + 43 % ingrediencií (3/7) bez množstva – plánovač neurčí výživu ani nákup";Pizza Margherita (BBC Good Food)
pizza-vegetariana;Pizza vegetariana;Hlavné jedlo;NAHRADIT;"Rozmarný variant medzinárodného jedla: ""Pizza vegetariana"" + 2 surovín s výskytom najviac 2× v celej DB: 'Korenie na guláš', 'Worčestrová omáčka'";Pizza Margherita (BBC Good Food)
pizzove-placky;Pizzové placky;Snack;PONECHAT;Bez medzinárodnej predlohy, použiteľný postup (3 krokov / 460 znakov, 20 % ingrediencií bez množstva);
plavnicka-rolada;Plavnická roláda;Hlavné jedlo;VYHODIT;40 % ingrediencií (4/10) bez množstva – plánovač neurčí výživu ani nákup;
pletenec-s-jahodovo-tvarohovou-plnkou;Pletenec s jahodovo-tvarohovou plnkou;Raňajky;VYHODIT;3 surovín s výskytom najviac 2× v celej DB: 'Mäkké maslo', 'Žĺtko', 'Žĺtko';
plnena-paprika;Plnená paprika;Hlavné jedlo;PONECHAT;Bez medzinárodnej predlohy, použiteľný postup (3 krokov / 639 znakov, 14 % ingrediencií bez množstva);
plnena-sunka;Plnená šunka;Snack;PONECHAT;Bez medzinárodnej predlohy, použiteľný postup (4 krokov / 1480 znakov, 0 % ingrediencií bez množstva);
plnene-bedle;Plnené bedle;Snack;VYHODIT;3 surovín s výskytom najviac 2× v celej DB: 'Bedle', 'Plesňový syr', 'Maslo Ghee';
plnene-bravcove-kare-s-kostou;Plnené bravčové karé s kosťou;Hlavné jedlo;VYHODIT;"36 % ingrediencií (5/14) bez množstva – plánovač neurčí výživu ani nákup; 4 surovín s výskytom najviac 2× v celej DB: 'Bravčové karé s kosťou', 'Prerastená slanina', 'Zmes korenia na pečené mäso'";
plnene-cesnakovo-syrove-buchticky;Plnené cesnakovo syrové buchtičky;Pečivo;PONECHAT;Bez medzinárodnej predlohy, použiteľný postup (10 krokov / 1552 znakov, 10 % ingrediencií bez množstva);
plnene-kuracie-prsia;Plnené kuracie prsia;Hlavné jedlo;VYHODIT;3 surovín s výskytom najviac 2× v celej DB: 'Korenie štyroch farieb čerstvo pomlete', 'Cibuľka mladá s vňaťou', 'Syr eidam jemne nastrúhaný';
plnene-morcacie-prsia-so-slimakovou-klobasou;Plnené morčacie prsia so slimákovou klobásou;Hlavné jedlo;PONECHAT;Bez medzinárodnej predlohy, použiteľný postup (13 krokov / 1184 znakov, 31 % ingrediencií bez množstva);
plnene-papriky;Plnené papriky v paradajkovej omáčke;Hlavné jedlo;VYHODIT;3 surovín s výskytom najviac 2× v celej DB: 'Dusená ryža', 'Múka hladká na zásmažku', 'Smotana sladká 30%';
plnene-vajicka;Plnené vajíčka;Snack;VYHODIT;"Slabý postup (3 krokov, 196 znakov; medián DB je 689)";
plnene-zapekane-zemle-so-sunkou-vajcom-a-syrom;Plnené zapekané žemle so šunkou, vajcom a syrom;Raňajky;PONECHAT;Bez medzinárodnej predlohy, použiteľný postup (6 krokov / 562 znakov, 0 % ingrediencií bez množstva);
plneny-hovadzi-mesec-na-sampinonoch;Plnený hovädzí mešec na šampiňónoch;Hlavné jedlo;PONECHAT;Bez medzinárodnej predlohy, použiteľný postup (20 krokov / 1809 znakov, 20 % ingrediencií bez množstva);
plundrove-cesto-maslove;Pľundrové cesto - maslové;Raňajky;VYHODIT;2 surovín s výskytom najviac 2× v celej DB: 'Obyčajné maslo', 'Ľubovoľná';
pochutka-z-cvikly-na-ranajky-veceru-i-pre-navstevu;Pochúťka z cvikly na raňajky, večeru i pre návštevu;Šalát;VYHODIT;"Názov nie je jedlo (marketingové slovo namiesto jedla): ""Pochúťka z cvikly na raňajky, večeru i pre návštevu""";
pogaca-kukuricne-tasticky;Poğaça - kukuričné taštičky;Snack;PONECHAT;Bez medzinárodnej predlohy, použiteľný postup (14 krokov / 2215 znakov, 8 % ingrediencií bez množstva);
pogaca-porovo-bryndzove-poaca;Poğaça/ Pórovo-bryndzové poača;Raňajky;PONECHAT;"Slovenské/domáce jedlo bez medzinárodnej predlohy; postup 7 krokov / 1631 znakov";
pohankovy-pohar;Pohánkový pohár;Raňajky;PONECHAT;Bez medzinárodnej predlohy, použiteľný postup (6 krokov / 359 znakov, 29 % ingrediencií bez množstva);
polievka-s-krupickovymi-haluskami;Polievka s krupičkovými haluškami;Polievka;PONECHAT;"Slovenské/domáce jedlo bez medzinárodnej predlohy; postup 6 krokov / 680 znakov";
polievka-s-masovymi-gulkami;Polievka s mäsovými guľkami;Polievka;VYHODIT;2 surovín s výskytom najviac 2× v celej DB: 'Jačmeň', 'Slepačí bujón';
polievka-z-bazanta-s-bielym-vinom-chardonnay;Polievka z bažanta s bielym vínom Chardonnay;Hlavné jedlo;VYHODIT;8 surovín s výskytom najviac 2× v celej DB: 'Bažant', 'Kosti hovädzie', 'Veľký petržlen';
polievka-z-kuracich-drobov;Polievka z kuracích drobov;Hlavné jedlo;VYHODIT;3 surovín s výskytom najviac 2× v celej DB: 'Kuracie droby', 'Feferónka', 'Celé klinčeky';
polievka-z-volskeho-chvosta-king-dun-niu-wei;Polievka z volského chvosta /King Dun Niu Wei/;Polievka;VYHODIT;3 surovín s výskytom najviac 2× v celej DB: 'Huby šitake', 'Hovädzí chvost', 'Ryžové víno';
postna-kapustnica;Pôstna kapustnica;Polievka;PONECHAT;"Slovenské/domáce jedlo bez medzinárodnej predlohy; postup 3 krokov / 486 znakov";
prazenica-s-bedlou;Praženica s bedľou;Raňajky;VYHODIT;5 surovín s výskytom najviac 2× v celej DB: 'Jedlá bedľa', 'Mletá paprika sladká', 'Turmerick';
prazenica-so-slaninou;Praženica so slaninou;Raňajky;VYHODIT;"Slabý postup (3 krokov, 248 znakov; medián DB je 689); 2 surovín s výskytom najviac 2× v celej DB: 'Paradajka nakrájaná na plátky', 'Suchá klobása'";
prazenica;Praženica;Raňajky;PONECHAT;Bez medzinárodnej predlohy, použiteľný postup (3 krokov / 394 znakov, 0 % ingrediencií bez množstva);
prazsky-kolac;Pražský koláč;Snack;VYHODIT;2 surovín s výskytom najviac 2× v celej DB: 'Krémový prášok', 'Smotana sladká na šľahanie';
priloha-americke-zemiaky;Americké zemiaky;Príloha;VYHODIT;"Slabý postup (3 krokov, 229 znakov; medián DB je 689); 40 % ingrediencií (2/5) bez množstva – plánovač neurčí výživu ani nákup";
priloha-hranolky;Pečené hranolky;Príloha;PONECHAT;Bez medzinárodnej predlohy, použiteľný postup (6 krokov / 630 znakov, 25 % ingrediencií bez množstva);
priloha-kuskus;Kuskus;Príloha;NAHRADIT;"Rozmarný variant medzinárodného jedla: ""Kuskus""";Couscous Salad (BBC Good Food)
priloha-opekane-zemiaky;Opekané zemiaky;Príloha;VYHODIT;2 surovín s výskytom najviac 2× v celej DB: 'Baby zemiaky alebo nové zemiaky', 'LUNTER Spicy Sausages';
priloha-pecene-zemiaky;Pečené zemiaky z plechu;Príloha;PONECHAT;Bez medzinárodnej predlohy, použiteľný postup (9 krokov / 650 znakov, 29 % ingrediencií bez množstva);
priloha-ryza-cibulka;Dusená ryža s cibuľkou;Príloha;VYHODIT;"Duplicita: identický postup aj sada ingrediencií ako ""Dusená ryža so zeleninou"" (id=dusena-ryza-so-zeleninou), ktorý zostáva (dlhší postup / úplnejšie dáta)";
priloha-ryza-jazminova;Jazmínová ryža;Príloha;VYHODIT;"Duplicita: identický postup aj sada ingrediencií ako ""Jazmínová ryža s kokosom"" (id=jazminova-ryza-s-kokosom), ktorý zostáva (dlhší postup / úplnejšie dáta)";
priloha-ryza-varena;Varená ryža;Príloha;VYHODIT;40 % ingrediencií (2/5) bez množstva – plánovač neurčí výživu ani nákup;
priloha-zemiakova-kasa;Zemiaková kaša (príloha);Príloha;PONECHAT;Bez medzinárodnej predlohy, použiteľný postup (4 krokov / 631 znakov, 30 % ingrediencií bez množstva);
priloha-zemiaky-varene;Varené zemiaky;Príloha;PONECHAT;Bez medzinárodnej predlohy, použiteľný postup (5 krokov / 1233 znakov, 25 % ingrediencií bez množstva);
prirodna-krkovicka-s-kyslou-kapustou;Prírodná krkovička s kyslou kapustou;Hlavné jedlo;PONECHAT;Bez medzinárodnej predlohy, použiteľný postup (8 krokov / 1571 znakov, 33 % ingrediencií bez množstva);
privarok-zo-zelenej-fazulky-nakyslo;Prívarok zo zelenej fazuľky nakyslo;Príloha;PONECHAT;Bez medzinárodnej predlohy, použiteľný postup (4 krokov / 602 znakov, 0 % ingrediencií bez množstva);
proteinova-dobrota;Proteínová dobrota;Raňajky;VYHODIT;"Názov nie je jedlo (marketingové slovo namiesto jedla): ""Proteínová dobrota""";
proteinove-lievance;Proteínové lievance;Snack;VYHODIT;40 % ingrediencií (2/5) bez množstva – plánovač neurčí výživu ani nákup;
proteinove-placky;Proteínové placky;Snack;VYHODIT;2 surovín s výskytom najviac 2× v celej DB: 'Sladidlo umelé al. Stevia', 'Vanilková esencia';
proteinovy-dezert;Proteínový dezert;Snack;VYHODIT;3 surovín s výskytom najviac 2× v celej DB: 'Pšeničné otruby', 'Vanilkový proteín', 'Mäkký hrudkovitý tvaroh';
provensalske-kurca;Provensálske kurča;Hlavné jedlo;PONECHAT;Bez medzinárodnej predlohy, použiteľný postup (3 krokov / 357 znakov, 22 % ingrediencií bez množstva);
prsicka-s-kuriatkovou-omackou-a-kalerabovou-ryzou;Prsičká s kuriatkovou omáčkou a kalerábovou ryžou;Hlavné jedlo;PONECHAT;Bez medzinárodnej predlohy, použiteľný postup (3 krokov / 774 znakov, 31 % ingrediencií bez množstva);
prvy-kvaskovy-chlebik-krok-za-krokom;Prvý kváskový chlebík krok za krokom;Pečivo;PONECHAT;Bez medzinárodnej predlohy, použiteľný postup (11 krokov / 2963 znakov, 0 % ingrediencií bez množstva);
pudingovo-lekvarove-kolace;Pudingovo-lekvárové koláče;Raňajky;VYHODIT;2 surovín s výskytom najviac 2× v celej DB: 'Puding vanilkový v prášku', 'Jahodová marmeláda';
pupavovo-karamelovy-sirup;Púpavovo-karamelový sirup;Nápoj;PONECHAT;Bez medzinárodnej predlohy, použiteľný postup (8 krokov / 497 znakov, 0 % ingrediencií bez množstva);
quinoa-salat-s-avokadom-a-fazuľou;Quinoa šalát s avokádom a čiernou fazuľou;Šalát;PONECHAT;Bez medzinárodnej predlohy, použiteľný postup (3 krokov / 313 znakov, 25 % ingrediencií bez množstva);
quinoa-salat-so-zeleninou;Quinoa šalát so zeleninou;Šalát;PONECHAT;Bez medzinárodnej predlohy, použiteľný postup (3 krokov / 384 znakov, 22 % ingrediencií bez množstva);
ragu-z-daniela-so-spenatovou-roladou;Ragú z daniela so špenátovou roládou;Hlavné jedlo;PONECHAT;Bez medzinárodnej predlohy, použiteľný postup (3 krokov / 589 znakov, 32 % ingrediencií bez množstva);
rajcinova-polievka-s-ryzou;Paradajková polievka s ryžou;Polievka;PONECHAT;Bez medzinárodnej predlohy, použiteľný postup (3 krokov / 639 znakov, 33 % ingrediencií bez množstva);
rajska-omacka;Paradajková (rajská) omáčka s mäsom;Hlavné jedlo;PONECHAT;Bez medzinárodnej predlohy, použiteľný postup (4 krokov / 385 znakov, 18 % ingrediencií bez množstva);
ranajkovy-burrito;Raňajkový burrito;Raňajky;NAHRADIT;"Rozmarný variant medzinárodného jedla: ""Raňajkový burrito"" + 7 surovín s výskytom najviac 2× v celej DB: 'Sladká kukurica', 'Uvarená ryža', 'Sójový granulát'";Beef Burrito (TheMealDB)
ranajkovy-wrap-s-vajcom-a-avokadom;Raňajkový wrap s vajcom a avokádom;Raňajky;PONECHAT;Bez medzinárodnej predlohy, použiteľný postup (3 krokov / 877 znakov, 12 % ingrediencií bez množstva);
rascova-polievka;Rascová polievka;Polievka;VYHODIT;"Slabý postup (5 krokov, 243 znakov; medián DB je 689)";
ravioly-s-vlcou-plnkou-na-krevetovej-omacke;Ravioly s „vlčou“ plnkou na krevetovej omáčke;Hlavné jedlo;VYHODIT;"38 % ingrediencií (5/13) bez množstva – plánovač neurčí výživu ani nákup; 2 surovín s výskytom najviac 2× v celej DB: 'Morský vlk', 'Domáce cestoviny'";
razne-rozky;Ražné rožky;Pečivo;PONECHAT;Bez medzinárodnej predlohy, použiteľný postup (4 krokov / 858 znakov, 22 % ingrediencií bez množstva);
raznici-z-bravcoveho-masa-s-cherry-paradajkami;Ražniči z bravčového mäsa s cherry paradajkami;Hlavné jedlo;PONECHAT;Bez medzinárodnej predlohy, použiteľný postup (7 krokov / 944 znakov, 0 % ingrediencií bez množstva);
raznici-z-lososa;Ražniči z lososa;Hlavné jedlo;VYHODIT;3 surovín s výskytom najviac 2× v celej DB: 'Filety z lososa', 'Korenie na ryby', 'Špajdle';
razny-chlieb-so-semienkami;Ražný chlieb so semienkami;Pečivo;PONECHAT;Bez medzinárodnej predlohy, použiteľný postup (6 krokov / 798 znakov, 9 % ingrediencií bez množstva);
razny-chlieb;Ražný chlieb;Pečivo;VYHODIT;"Duplicita: identický postup aj sada ingrediencií ako ""Ražný chlieb so semienkami"" (id=razny-chlieb-so-semienkami), ktorý zostáva (dlhší postup / úplnejšie dáta)";
rebarborove-catni;Rebarborové čatní;Nátierka;VYHODIT;"36 % ingrediencií (5/14) bez množstva – plánovač neurčí výživu ani nákup; 3 surovín s výskytom najviac 2× v celej DB: 'Očistená rebarbora', 'Čerstvý ďumbier', 'Horčičné semienko'";
redkovkova-natierka-s-jogurtom;Reďkovková nátierka s jogurtom;Nátierka;PONECHAT;Bez medzinárodnej predlohy, použiteľný postup (3 krokov / 343 znakov, 0 % ingrediencií bez množstva);
rezance-s-kuracim-masom-v-kari-omacke;Rezance s kuracím mäsom v kari omáčke;Cestoviny;NAHRADIT;"Rozmarný variant medzinárodného jedla: ""Rezance s kuracím mäsom v kari omáčke""";Chicken Curry (BBC Good Food)
rezance-s-tvarohom;Rezance s tvarohom;Cestoviny;PONECHAT;Bez medzinárodnej predlohy, použiteľný postup (14 krokov / 1713 znakov, 12 % ingrediencií bez množstva);
rezancovy-nakyp;Rezancový nákyp s tvarohom;Dezert;PONECHAT;Bez medzinárodnej predlohy, použiteľný postup (3 krokov / 727 znakov, 12 % ingrediencií bez množstva);
rezancovy-salat-s-kuracim-masom;Rezancový šalát s kuracím mäsom;Šalát;PONECHAT;Bez medzinárodnej predlohy, použiteľný postup (6 krokov / 1238 znakov, 6 % ingrediencií bez množstva);
rezne-s-chutnou-omackou;Rezne s chutnou omáčkou;Hlavné jedlo;PONECHAT;Bez medzinárodnej predlohy, použiteľný postup (6 krokov / 514 znakov, 25 % ingrediencií bez množstva);
rezne-v-snehovom-cesticku;Rezne v snehovom cestičku;Hlavné jedlo;PONECHAT;Bez medzinárodnej predlohy, použiteľný postup (6 krokov / 591 znakov, 25 % ingrediencií bez množstva);
rezne-z-bravcovej-panenky;Rezne z bravčovej panenky;Hlavné jedlo;PONECHAT;Bez medzinárodnej predlohy, použiteľný postup (6 krokov / 486 znakov, 20 % ingrediencií bez množstva);
rezne-z-kuriatka-v-orieskovom-cesticku;Rezne z kuriatka v orieškovom cestíčku;Hlavné jedlo;VYHODIT;2 surovín s výskytom najviac 2× v celej DB: 'Oriešky kešu', 'Šalát lollo rosso';
rillettes;Rillettes;Nátierka;VYHODIT;3 surovín s výskytom najviac 2× v celej DB: 'Pliecko bravčové bez kože', 'Suché biele víno', 'Karamelový základ';
rissoni-so-sparglou-a-rukolou;Rissoni so špargľou a rukolou;Cestoviny;VYHODIT;2 surovín s výskytom najviac 2× v celej DB: 'Cestovina Rissoni', 'Zelená špargľa';
rizoto;Rizoto;Hlavné jedlo;NAHRADIT;"Rozmarný variant medzinárodného jedla: ""Rizoto""";Risotto alla Milanese (BBC Good Food)
rolada-z-mleteho-masa;Roláda z mletého mäsa;Hlavné jedlo;VYHODIT;38 % ingrediencií (3/8) bez množstva – plánovač neurčí výživu ani nákup;
roladove-trio;Roládové trio;Dezert;VYHODIT;5 surovín s výskytom najviac 2× v celej DB: 'Prášok do perníka', 'Citrónová kôra aj šťava', 'Cukorpráškový';
rolky-plnene-kyslou-kapustou;Rolky plnené kyslou kapustou;Hlavné jedlo;VYHODIT;"36 % ingrediencií (4/11) bez množstva – plánovač neurčí výživu ani nákup; 2 surovín s výskytom najviac 2× v celej DB: 'Bravé karé', 'Bravčová šunka'";
rolky-s-tuniakom;Rolky s tuniakom;Hlavné jedlo;VYHODIT;4 surovín s výskytom najviac 2× v celej DB: 'Ryžové plátky', 'Klíčky fazule', 'Chilly paprika';
rozky-alebo-zemlicky;Rožky alebo žemličky;Pečivo;PONECHAT;Bez medzinárodnej predlohy, použiteľný postup (5 krokov / 828 znakov, 0 % ingrediencií bez množstva);
rozky-s-makovou-plnkou;Rožky s makovou plnkou;Raňajky;PONECHAT;Bez medzinárodnej predlohy, použiteľný postup (12 krokov / 1581 znakov, 20 % ingrediencií bez množstva);
rozky-so-zemiakovou-vodou;Rožky so zemiakovou vodou;Snack;VYHODIT;4 surovín s výskytom najviac 2× v celej DB: 'Múka chlebová T 650', 'Voda zo zemiakov vlažná', 'Bravčová roztopená masť';
rukolovy-salat-s-hruskou-a-orechmi;Rukolový šalát s hruškou a orechmi;Šalát;PONECHAT;Bez medzinárodnej predlohy, použiteľný postup (4 krokov / 487 znakov, 33 % ingrediencií bez množstva);
rybaci-salat-s-cuketou;Rybací šalát s cuketou;Šalát;VYHODIT;2 surovín s výskytom najviac 2× v celej DB: 'Lahôdkové zavináče', 'Omáčka čili ostrá';
rybacia-kari-polievka;Rybacia karí polievka;Polievka;NAHRADIT;"Rozmarný variant medzinárodného jedla: ""Rybacia karí polievka""";Chicken Curry (BBC Good Food)
rybacia-kremova-polievka;Rybacia krémová polievka (chowder);Polievka;VYHODIT;3 surovín s výskytom najviac 2× v celej DB: 'Filé rybie', 'Rybí vývar', 'Crème fraîche';
rybacia-polievka;Rybacia polievka;Polievka;VYHODIT;"Duplicita: identický postup aj sada ingrediencií ako ""Rybacia karí polievka"" (id=rybacia-kari-polievka), ktorý zostáva (dlhší postup / úplnejšie dáta)";
rybacie-file-na-cesnaku-a-chrene;Rybacie filé na cesnaku a chrene;Hlavné jedlo;PONECHAT;Bez medzinárodnej predlohy, použiteľný postup (6 krokov / 603 znakov, 33 % ingrediencií bez množstva);
rybacie-file-na-cesnaku;Rybacie filé na cesnaku;Hlavné jedlo;PONECHAT;Bez medzinárodnej predlohy, použiteľný postup (6 krokov / 459 znakov, 29 % ingrediencií bez množstva);
rybacie-file-na-zemiakoch;Rybacie filé na zemiakoch;Hlavné jedlo;PONECHAT;Bez medzinárodnej predlohy, použiteľný postup (7 krokov / 430 znakov, 9 % ingrediencií bez množstva);
rybi-salat-feferonovy-takmer-podla-csn;Rybí šalát feferónový takmer podľa ČSN;Šalát;VYHODIT;6 surovín s výskytom najviac 2× v celej DB: 'Fazuľa v slanom náleve', 'Makrely v oleji', 'Sleď v oleji';
rybie-file-pecene-s-citronom;Rybie filé pečené s citrónom;Hlavné jedlo;VYHODIT;"Slabý postup (6 krokov, 274 znakov; medián DB je 689); 40 % ingrediencií (2/5) bez množstva – plánovač neurčí výživu ani nákup";
rybie-file-s-fazulovym-ragu;Rybie filé s fazuľovým ragú;Hlavné jedlo;PONECHAT;Bez medzinárodnej predlohy, použiteľný postup (3 krokov / 519 znakov, 17 % ingrediencií bez množstva);
rychla-bublanina-pre-malych-aj-velkych;Rýchla bublanina pre malých aj veľkých;Snack;PONECHAT;"Slovenské/domáce jedlo bez medzinárodnej predlohy; postup 11 krokov / 781 znakov";
rychla-pernikova-babovka;Rýchla perníková bábovka;Raňajky;PONECHAT;Bez medzinárodnej predlohy, použiteľný postup (3 krokov / 429 znakov, 17 % ingrediencií bez množstva);
rychla-zapekacka-po-nasom;Rýchla zapekačka po našom;Raňajky;VYHODIT;"Názov nie je jedlo (marketingové slovo namiesto jedla): ""Rýchla zapekačka po našom""";
rychle-velkonocne-ranajky;Rýchle veľkonočné raňajky;Raňajky;PONECHAT;Bez medzinárodnej predlohy, použiteľný postup (4 krokov / 452 znakov, 17 % ingrediencií bez množstva);
ryza-s-bravcovym-masom;Ryža s bravčovým mäsom;Hlavné jedlo;PONECHAT;Bez medzinárodnej predlohy, použiteľný postup (9 krokov / 1166 znakov, 31 % ingrediencií bez množstva);
ryzova-priloha-so-zeleninou-a-vajcom;Ryžová príloha so zeleninou a vajcom;Príloha;VYHODIT;40 % ingrediencií (2/5) bez množstva – plánovač neurčí výživu ani nákup;
ryzove-rezance-s-hovadzim-a-zeleninou;Ryžové rezance s hovädzím mäsom a zeleninou;Cestoviny;VYHODIT;43 % ingrediencií (3/7) bez množstva – plánovač neurčí výživu ani nákup;
ryzove-rolky-so-zeleninou-a-s-fazulou;Ryžové rolky so zeleninou a s fazuľou;Hlavné jedlo;VYHODIT;3 surovín s výskytom najviac 2× v celej DB: 'Papier ryžový okrúhly', 'Fazuľa azuki', 'Kvaka';
ryzovy-salat-s-fetou-a-olivami;Ryžový šalát s fetou a olivami;Šalát;VYHODIT;"Slabý postup (3 krokov, 247 znakov; medián DB je 689)";
ryzovy-salat-s-harissa-cuketou;Ryžový šalát s harissa cuketou;Šalát;VYHODIT;"40 % ingrediencií (4/10) bez množstva – plánovač neurčí výživu ani nákup; 5 surovín s výskytom najviac 2× v celej DB: 'Zmes ryže SOS Long a SOS Brown', 'Zmes korenia marocká', 'Cukety'";
sabesova-chala;Šábesová chala;Raňajky;PONECHAT;Bez medzinárodnej predlohy, použiteľný postup (19 krokov / 2374 znakov, 11 % ingrediencií bez množstva);
sabich-wrap;Sabich wrap;Raňajky;VYHODIT;"Duplicita: identický postup aj sada ingrediencií ako ""Etiópsky wrap s vajcom (injera štýl)"" (id=injera-vajcovy-wrap-etiopsky), ktorý zostáva (dlhší postup / úplnejšie dáta)";
salat-balkanskym-syrom;Šalát balkánskym syrom;Šalát;VYHODIT;"Slabý postup (3 krokov, 134 znakov; medián DB je 689)";
salat-mexicka-pasta-s-ciernou-fazulou;Šalát Mexická pasta s čiernou fazuľou;Cestoviny;VYHODIT;8 surovín s výskytom najviac 2× v celej DB: 'Cibuľa šalotka', 'Korenie chilli mleté', 'Cider ocot';
salat-s-camembertom-a-orechmi;Šalát s camembertom a orechmi;Šalát;VYHODIT;"Slabý postup (3 krokov, 229 znakov; medián DB je 689)";
salat-s-cottage-a-zeleninou;Šalát s cottage syrom a zeleninou;Šalát;PONECHAT;Bez medzinárodnej predlohy, použiteľný postup (4 krokov / 586 znakov, 25 % ingrediencií bez množstva);
salat-s-kuracim-maskom;Šalát s kuracím mäskom;Šalát;VYHODIT;3 surovín s výskytom najviac 2× v celej DB: 'Mrkva a hrášok sterilizované', 'Cestoviny motýliky', 'Korenie na šalát';
salat-s-masom-syrom-a-orechami;Šalát s mäsom, syrom a orechami;Šalát;VYHODIT;"40 % ingrediencií (4/10) bez množstva – plánovač neurčí výživu ani nákup; 4 surovín s výskytom najviac 2× v celej DB: 'Štipka cukru', 'Studené pečené hydinové mäso', 'Tvrdého syra'";
salat-s-udenym-hovadzim-carpacciom;Šalát s údeným hovädzím carpacciom;Hlavné jedlo;VYHODIT;"Slabý postup (3 krokov, 236 znakov; medián DB je 689); 2 surovín s výskytom najviac 2× v celej DB: 'Pyré mangové', 'Carpaccio hovädzie údené sušené'";
salat-so-syrom-cheddar;Šalát so syrom Cheddar;Šalát;PONECHAT;Bez medzinárodnej predlohy, použiteľný postup (3 krokov / 438 znakov, 23 % ingrediencií bez množstva);
salat-tabouleh;Šalát tabouleh;Šalát;PONECHAT;Bez medzinárodnej predlohy, použiteľný postup (5 krokov / 865 znakov, 17 % ingrediencií bez množstva);
salat-z-cerveneho-zelia-coleslaw;Šalát z červeného zelia (coleslaw);Šalát;NAHRADIT;"Rozmarný variant medzinárodného jedla: ""Šalát z červeného zelia (coleslaw)"" + 36 % ingrediencií (4/11) bez množstva – plánovač neurčí výživu ani nákup; 5 surovín s výskytom najviac 2× v celej DB: 'Strúhaný sterilizovaný zeler', 'Kukurica v konzerve', 'Krabie tyčinky mrazené'";Coleslaw (BBC Good Food)
salat-z-hnedej-ryze-so-zeleninou;Šalát z hnedej ryže so zeleninou;Šalát;VYHODIT;3 surovín s výskytom najviac 2× v celej DB: 'Ryža Basmati', 'Jačmenné krúpy - č. 7', 'Citorny';
salat-z-kuracich-prs-na-sposob-tresky;Šalát z kuracích pŕs na spôsob tresky;Raňajky;VYHODIT;3 surovín s výskytom najviac 2× v celej DB: 'Worcestrerská omáčka', 'Omáčka čili', 'Nálev z uhoriek';
salat-z-peceneho-bataty-s-fetou;Šalát z pečeného batátu s fetou;Šalát;PONECHAT;Bez medzinárodnej predlohy, použiteľný postup (3 krokov / 690 znakov, 13 % ingrediencií bez množstva);
salat-z-peceneho-karfiolu-a-cicerku-s-kurkumou;Šalát z pečeného karfiolu a cíceru s kurkumou;Šalát;VYHODIT;"Duplicita: identický postup aj sada ingrediencií ako ""Cícerový šalát s pečenou paprikou"" (id=cicerovy-salat-s-pecenou-paprikou), ktorý zostáva (dlhší postup / úplnejšie dáta)";
salat-z-peceneho-karfiolu-s-hrozienkami;Šalát z pečeného karfiolu s hrozienkami;Šalát;PONECHAT;Bez medzinárodnej predlohy, použiteľný postup (3 krokov / 369 znakov, 33 % ingrediencií bez množstva);
salat-z-peceneho-zemiaku-so-slaninou;Šalát z pečeného zemiaku so slaninou;Šalát;PONECHAT;Bez medzinárodnej predlohy, použiteľný postup (4 krokov / 833 znakov, 17 % ingrediencií bez množstva);
salat-z-pecenej-cvikly-a-pomaranca;Šalát z pečenej cvikly a pomaranča;Šalát;PONECHAT;Bez medzinárodnej predlohy, použiteľný postup (7 krokov / 1355 znakov, 33 % ingrediencií bez množstva);
salat-z-pecenej-mrkvy-s-fetou;Šalát z pečenej mrkvy s fetou;Šalát;VYHODIT;"Duplicita: identický postup aj sada ingrediencií ako ""Šalát z pečeného batátu s fetou"" (id=salat-z-peceneho-bataty-s-fetou), ktorý zostáva (dlhší postup / úplnejšie dáta)";
salat-z-pecenej-papriky-a-paradajok;Šalát z pečenej papriky a paradajok;Šalát;VYHODIT;3 surovín s výskytom najviac 2× v celej DB: 'Veľké mäsité paradajky', 'Celozrnný starší chlieb', 'Oregano čerstvé alebo sušené';
salat-z-pecenej-repy-s-fetou;Šalát z pečenej repy s fetou;Šalát;PONECHAT;Bez medzinárodnej predlohy, použiteľný postup (3 krokov / 403 znakov, 33 % ingrediencií bez množstva);
salat-z-quinoi-s-peceenym-karfiolom;Šalát z quinoi s pečeným karfiolom;Šalát;PONECHAT;Bez medzinárodnej predlohy, použiteľný postup (3 krokov / 401 znakov, 15 % ingrediencií bez množstva);
salat-z-quinoy-s-grilovanou-zeleninou-a-so-syrom-feta;Šalát z quinoy s grilovanou zeleninou a so syrom feta;Šalát;PONECHAT;Bez medzinárodnej predlohy, použiteľný postup (4 krokov / 423 znakov, 33 % ingrediencií bez množstva);
salat-zdobeny-uhorkou-a-mrkvou;Šalát zdobený uhorkou a mrkvou;Šalát;VYHODIT;2 surovín s výskytom najviac 2× v celej DB: 'Sterilizovaná zelenina', 'Malá cibuľka';
salsa-picante;Salsa Picante;Príloha;VYHODIT;"Slabý postup (3 krokov, 291 znakov; medián DB je 689); 2 surovín s výskytom najviac 2× v celej DB: 'Čilli paprička žltá', 'Koriander čerstvý lístky'";
sampinonova-polievka-s-kari;Šampiňónová polievka s karí korením;Polievka;NAHRADIT;"Rozmarný variant medzinárodného jedla: ""Šampiňónová polievka s karí korením""";Chicken Curry (BBC Good Food)
sampinonova-polievka-so-smotanou;Šampiňónová polievka so smotanou;Polievka;VYHODIT;"Duplicita: identický postup aj sada ingrediencií ako ""Šampiňónová polievka s karí korením"" (id=sampinonova-polievka-s-kari), ktorý zostáva (dlhší postup / úplnejšie dáta)";
sampinonovo-sunkovo-nivova-omacka-na-cestoviny;Šampiňónovo-šunkovo-nivová omáčka na cestoviny;Príloha;PONECHAT;Bez medzinárodnej predlohy, použiteľný postup (4 krokov / 869 znakov, 33 % ingrediencií bez množstva);
sardinkova-natierka;Sardinková nátierka;Raňajky;PONECHAT;Bez medzinárodnej predlohy, použiteľný postup (3 krokov / 302 znakov, 0 % ingrediencií bez množstva);
sedliacke-bravcove-pliecko;Sedliacke bravčové pliecko;Hlavné jedlo;PONECHAT;Bez medzinárodnej predlohy, použiteľný postup (12 krokov / 2286 znakov, 18 % ingrediencií bez množstva);
segedin-a-knedla-z-rozkami;Segedín a knedľa z rožkami;Hlavné jedlo;PONECHAT;"Slovenské/domáce jedlo bez medzinárodnej predlohy; postup 9 krokov / 1709 znakov";
segedinsky-gulas;Segedínsky guláš;Hlavné jedlo;PONECHAT;"Slovenské/domáce jedlo bez medzinárodnej predlohy; postup 4 krokov / 569 znakov";
seitan-steak-na-bazalkovom-fenikli;Seitan steak na bazalkovom fenikli;Hlavné jedlo;VYHODIT;38 % ingrediencií (3/8) bez množstva – plánovač neurčí výživu ani nákup;
sekana-z-bocika;Sekaná z bôčika;Snack;PONECHAT;Bez medzinárodnej predlohy, použiteľný postup (6 krokov / 762 znakov, 0 % ingrediencií bez množstva);
sekana;Sekaná;Hlavné jedlo;VYHODIT;3 surovín s výskytom najviac 2× v celej DB: 'Kuchynská soľ', 'Petržlenová posekaná vňať', 'Cibuľa nasekaná nadrobno a opražená na oleji';
semizotu-yemegi;Semizotu yemeği;Hlavné jedlo;VYHODIT;4 surovín s výskytom najviac 2× v celej DB: 'Semizotu', 'Salça (paradajkove pyré', 'Čajové maslo';
sendvic-croque-monsieur;Croque Monsieur;Raňajky;VYHODIT;4 surovín s výskytom najviac 2× v celej DB: 'Karlovarská šunka', 'Syr Gruyere', 'Bešamel';
sendvic-monte-cristo;Monte Cristo sendvič;Raňajky;VYHODIT;2 surovín s výskytom najviac 2× v celej DB: 'Hriankový chlieb', 'Šípkový džem';
sezamovy-cestovinovy-salat;Sezamový cestovinový šalát;Cestoviny;VYHODIT;"Duplicita: identický postup aj sada ingrediencií ako ""Ázijský cestovinový šalát s arašidovou omáčkou"" (id=azijsky-cestovinovy-salat-s-arasidovou-omackou), ktorý zostáva (dlhší postup / úplnejšie dáta)";
shoyu-ramen;Shoyu Ramen;Polievka;NAHRADIT;"Rozmarný variant medzinárodného jedla: ""Shoyu Ramen"" + 5 surovín s výskytom najviac 2× v celej DB: 'Riasa kombu', 'LUNTER Marinated Tofu Soy Sauce', 'Huby shiitake'";Ramen (Wikibooks Cookbook)
shx-burger;SHX burger;Hlavné jedlo;NAHRADIT;"Rozmarný variant medzinárodného jedla: ""SHX burger"" + 2 surovín s výskytom najviac 2× v celej DB: 'Burgerová žemľa', 'Omáčka Sriracha'";Classic Beef Burger (BBC Good Food)
simit-syrovy-sendvic;Simit sendvič so syrom;Raňajky;VYHODIT;"Duplicita: identický postup aj sada ingrediencií ako ""Bryndzový sendvič so slaninkou"" (id=brynzovy-sendvic-slaninka), ktorý zostáva (dlhší postup / úplnejšie dáta)";
skandinavsky-chlieb-v-pekarnicke;Škandinávsky chlieb v pekárničke;Pečivo;PONECHAT;Bez medzinárodnej predlohy, použiteľný postup (8 krokov / 1680 znakov, 0 % ingrediencií bez množstva);
skordalia-grecka-natierka;Skordalia-σκορδαλι-grécka nátierka;Snack;VYHODIT;2 surovín s výskytom najviac 2× v celej DB: 'Chlieb domáci', 'Jogurt biely domáci';
skoricove-jablka-pecene;Škoricové pečené jablká;Dezert;PONECHAT;Bez medzinárodnej predlohy, použiteľný postup (3 krokov / 670 znakov, 22 % ingrediencií bez množstva);
skoricove-jablkove-tasticky-pecene;Škoricové jablkové taštičky pečené;Dezert;VYHODIT;"Duplicita: identický postup aj sada ingrediencií ako ""Škoricové pečené jablká"" (id=skoricove-jablka-pecene), ktorý zostáva (dlhší postup / úplnejšie dáta)";
skoricove-rolky-bez-drozdia;Rýchle škoricové rolky bez droždia;Dezert;PONECHAT;Bez medzinárodnej predlohy, použiteľný postup (7 krokov / 1251 znakov, 23 % ingrediencií bez množstva);
skoricove-slimaky;Škoricové slimáky;Pečivo;VYHODIT;7 surovín s výskytom najviac 2× v celej DB: 'Celozrnná špeciál - stredná', 'Surový žĺtok', 'Hnedý cukor krystalovy';
skoricovniky;Škoricovníky;Raňajky;PONECHAT;Bez medzinárodnej predlohy, použiteľný postup (8 krokov / 1482 znakov, 7 % ingrediencií bez množstva);
skoricovo-jablkove-buchty;Škoricovo-jablkové buchty;Pečivo;PONECHAT;"Slovenské/domáce jedlo bez medzinárodnej predlohy; postup 6 krokov / 798 znakov";
skoricovy-chlieb;Škoricový chlieb;Pečivo;PONECHAT;Bez medzinárodnej predlohy, použiteľný postup (13 krokov / 1598 znakov, 0 % ingrediencií bez množstva);
skoricovy-pletenec;Škoricový pletenec;Raňajky;PONECHAT;Bez medzinárodnej predlohy, použiteľný postup (5 krokov / 665 znakov, 20 % ingrediencií bez množstva);
skvarkova-natierka;Škvarková nátierka;Nátierka;VYHODIT;2 surovín s výskytom najviac 2× v celej DB: 'Domáce škvarky', 'Cibuľa nasekaná nadrobno';
skvarkove-pagace;Škvarkové pagáče;Pečivo;VYHODIT;2 surovín s výskytom najviac 2× v celej DB: 'Pekárenské droždie', 'Bravčové oškvarky';
sladka-kapustnica;Sladká kapustová polievka;Polievka;PONECHAT;Bez medzinárodnej predlohy, použiteľný postup (5 krokov / 471 znakov, 33 % ingrediencií bez množstva);
sladke-cuketove-cestoviny;Sladké cuketové cestoviny;Cestoviny;VYHODIT;"38 % ingrediencií (3/8) bez množstva – plánovač neurčí výživu ani nákup; 2 surovín s výskytom najviac 2× v celej DB: 'Cuketa stredne veľká', 'Posekané orechy'";
sladke-zemle;Sladké mliečne žemličky;Pečivo;PONECHAT;Bez medzinárodnej predlohy, použiteľný postup (5 krokov / 923 znakov, 0 % ingrediencií bez množstva);
slane-croissanty-so-sunkou-a-syrom;Slané croissanty so šunkou a syrom;Pečivo;NAHRADIT;"Rozmarný variant medzinárodného jedla: ""Slané croissanty so šunkou a syrom"" + 2 surovín s výskytom najviac 2× v celej DB: 'Promix UNI múka bezlepková', 'Nízkotučný mäkký krémový tvaroh'";Croissants (BBC Good Food)
slane-mafiny-so-spenatom-a-fetou;Slané mafiny so špenátom a fetou;Pečivo;PONECHAT;Bez medzinárodnej predlohy, použiteľný postup (5 krokov / 440 znakov, 0 % ingrediencií bez množstva);
slane-makove-tycinky;Slané makové tyčinky;Pečivo;PONECHAT;Bez medzinárodnej predlohy, použiteľný postup (3 krokov / 628 znakov, 0 % ingrediencií bez množstva);
slane-mandle-pecene;Slané pečené mandle;Snack;PONECHAT;Bez medzinárodnej predlohy, použiteľný postup (3 krokov / 702 znakov, 12 % ingrediencií bez množstva);
slane-muffiny-syr-slanina;Slané muffiny so syrom a slaninou;Pečivo;NAHRADIT;"Rozmarný variant medzinárodného jedla: ""Slané muffiny so syrom a slaninou"" + 38 % ingrediencií (6/16) bez množstva – plánovač neurčí výživu ani nákup";Muffins (BBC Good Food)
slane-pecene-hrasky;Slané pečené hrášky;Snack;VYHODIT;2 surovín s výskytom najviac 2× v celej DB: 'Filo cesto', 'Mladá fazuľka';
slane-pletenky-s-vegetou;Slané pletenky s vegetou;Pečivo;PONECHAT;Bez medzinárodnej predlohy, použiteľný postup (7 krokov / 764 znakov, 33 % ingrediencií bez množstva);
slane-rozky;Slané rožky;Pečivo;PONECHAT;Bez medzinárodnej predlohy, použiteľný postup (14 krokov / 1230 znakov, 18 % ingrediencií bez množstva);
slane-slimaky-so-syrom-a-bylinkami;Slané slimáky so syrom a bylinkami;Pečivo;VYHODIT;2 surovín s výskytom najviac 2× v celej DB: 'Posekané orechy', 'Čajové maslo';
slane-susienky-s-parmezanom;Slané sušienky s parmezánom;Pečivo;VYHODIT;"Duplicita: identický postup aj sada ingrediencií ako ""Ovsené sušienky slané so syrom"" (id=ovsene-susienky-slane), ktorý zostáva (dlhší postup / úplnejšie dáta)";
slany-kolac-s-cottage-cheese-a-koprom;Slaný koláč s cottage cheese a kôprom;Snack;PONECHAT;Bez medzinárodnej predlohy, použiteľný postup (3 krokov / 629 znakov, 17 % ingrediencií bez množstva);
slavnostny-chlieb;Slávnostný chlieb;Pečivo;PONECHAT;Bez medzinárodnej predlohy, použiteľný postup (6 krokov / 1807 znakov, 20 % ingrediencií bez množstva);
slavnostny-salat-s-granatovym-jablkom;Slávnostný šalát s granátovým jablkom;Šalát;PONECHAT;Bez medzinárodnej predlohy, použiteľný postup (3 krokov / 328 znakov, 14 % ingrediencií bez množstva);
sledova-natierka-s-cottage-cheesom;Sleďová nátierka s Cottage Cheesom;Raňajky;VYHODIT;3 surovín s výskytom najviac 2× v celej DB: 'Cottage Cheese biely', 'Slede v paradajkovej omáčke', 'Mladá cibuľa';
slepaci-vyvar-s-rezancami;Slepačí vývar s rezancami;Polievka;VYHODIT;3 surovín s výskytom najviac 2× v celej DB: 'Mrkva väčšia', 'Slepačí bujón', 'Syr tvdrý typu eidam';
slnecnicove-rozky;Slnečnicové rožky;Pečivo;PONECHAT;Bez medzinárodnej predlohy, použiteľný postup (3 krokov / 610 znakov, 0 % ingrediencií bez množstva);
slnecnicove-tycinky;Slnečnicové  tyčinky;Raňajky;PONECHAT;Bez medzinárodnej predlohy, použiteľný postup (6 krokov / 619 znakov, 0 % ingrediencií bez množstva);
slnecnicovy-chlieb;Slnečnicový chlieb;Pečivo;VYHODIT;2 surovín s výskytom najviac 2× v celej DB: 'Slnečnicová múka', 'Otruby';
smazene-kolieska-zo-sladkych-zemiakov;Smažené kolieska zo sladkých zemiakov;Príloha;PONECHAT;Bez medzinárodnej predlohy, použiteľný postup (6 krokov / 1090 znakov, 17 % ingrediencií bez množstva);
smotanovo-tvarohovy-syr-spundekas;Smotanovo-tvarohový syr - Spundekäs;Nátierka;PONECHAT;Bez medzinárodnej predlohy, použiteľný postup (3 krokov / 356 znakov, 20 % ingrediencií bez množstva);
smotanovo-zemiakove-skladane-pagace;Smotanovo-zemiakové skladané pagáče;Snack;PONECHAT;"Slovenské/domáce jedlo bez medzinárodnej predlohy; postup 6 krokov / 1353 znakov";
snack-acidko;Acidofilné mlieko;Snack;PONECHAT;Bez medzinárodnej predlohy, použiteľný postup (7 krokov / 761 znakov, 15 % ingrediencií bez množstva);
snack-banan;Banán;Snack;VYHODIT;5 surovín s výskytom najviac 2× v celej DB: 'Holandské kakako', 'Kyslastý džem', 'Puding banánový Dr. Oetker';
snack-cerealna-tycinka;Cereálna tyčinka;Snack;PONECHAT;Bez medzinárodnej predlohy, použiteľný postup (5 krokov / 483 znakov, 0 % ingrediencií bez množstva);
snack-cherry-paradajky;Cherry paradajky;Snack;VYHODIT;40 % ingrediencií (4/10) bez množstva – plánovač neurčí výživu ani nákup;
snack-cokoladka;Čokoládová tyčinka;Snack;VYHODIT;2 surovín s výskytom najviac 2× v celej DB: 'Čokoláda mliečna', 'Obyčajné ovsené maslové keksy';
snack-cottage;Cottage syr;Snack;VYHODIT;38 % ingrediencií (3/8) bez množstva – plánovač neurčí výživu ani nákup;
snack-cucoriedky;Čučoriedky;Snack;PONECHAT;Bez medzinárodnej predlohy, použiteľný postup (6 krokov / 1442 znakov, 6 % ingrediencií bez množstva);
snack-grecky-jogurt-med;Grécky jogurt s medom;Snack;VYHODIT;"Duplicita: identický postup aj sada ingrediencií ako ""Grécky jogurt s medom a orechmi"" (id=grecky-jogurt-s-medom-a-orechmi), ktorý zostáva (dlhší postup / úplnejšie dáta)";
snack-horka-cokolada;Horká čokoláda;Snack;PONECHAT;Bez medzinárodnej predlohy, použiteľný postup (6 krokov / 791 znakov, 12 % ingrediencií bez množstva);
snack-hruska;Hruška;Snack;PONECHAT;Bez medzinárodnej predlohy, použiteľný postup (3 krokov / 328 znakov, 25 % ingrediencií bez množstva);
snack-hummus-zelenina;Hummus so zeleninou;Snack;NAHRADIT;"Rozmarný variant medzinárodného jedla: ""Hummus so zeleninou"" + 44 % ingrediencií (4/9) bez množstva – plánovač neurčí výživu ani nákup; 3 surovín s výskytom najviac 2× v celej DB: 'Maslová očistená tekvica', 'Cícer Lagris', 'Sezam čierny'";Hummus (BBC Good Food)
snack-jablko;Jablko;Snack;VYHODIT;2 surovín s výskytom najviac 2× v celej DB: 'Víno červené čierna ríbezľa', 'Galaretka čierna ríbezľa';
snack-kefir;Kefír;Snack;PONECHAT;Bez medzinárodnej predlohy, použiteľný postup (14 krokov / 1166 znakov, 25 % ingrediencií bez množstva);
snack-kiwi;Kiwi;Snack;VYHODIT;6 surovín s výskytom najviac 2× v celej DB: 'Pudingový prášok nugátový', 'Kyslá pochuťková smotana', 'Stužovač šľahačky';
snack-krekry;Slané krekry;Snack;PONECHAT;Bez medzinárodnej predlohy, použiteľný postup (13 krokov / 929 znakov, 18 % ingrediencií bez množstva);
snack-mandarinka;Mandarínka;Snack;PONECHAT;Bez medzinárodnej predlohy, použiteľný postup (3 krokov / 1097 znakov, 0 % ingrediencií bez množstva);
snack-misa-typ;Tvarohový krém (typ Miša);Snack;VYHODIT;2 surovín s výskytom najviac 2× v celej DB: 'Maizena', 'Jedlé sušené kvety';
snack-mrkva-hummus;Mrkva s hummusom;Snack;NAHRADIT;"Rozmarný variant medzinárodného jedla: ""Mrkva s hummusom""";Hummus (BBC Good Food)
snack-musli-jogurt;Müsli s jogurtom;Snack;VYHODIT;4 surovín s výskytom najviac 2× v celej DB: 'Pohánkové vločky', 'Kukuričné lupienky', 'Čokoládové bezlepkové cereálie';
snack-olivy;Olivy;Snack;PONECHAT;Bez medzinárodnej predlohy, použiteľný postup (4 krokov / 486 znakov, 31 % ingrediencií bez množstva);
snack-oriesky;Hrsť orieškov;Snack;PONECHAT;Bez medzinárodnej predlohy, použiteľný postup (4 krokov / 598 znakov, 10 % ingrediencií bez množstva);
snack-pomaranc;Pomaranč;Snack;VYHODIT;4 surovín s výskytom najviac 2× v celej DB: 'Pomaranče celé /väčšie/', 'Želatínový ztužovač za studena', 'Smeta fix ztužovač na šľahačku';
snack-proteinova-tycinka;Proteínová tyčinka;Snack;VYHODIT;2 surovín s výskytom najviac 2× v celej DB: 'Semienka slnečnice lúpané', 'Proteín 80%';
snack-proteinovy-puding;Proteínový puding;Snack;PONECHAT;Bez medzinárodnej predlohy, použiteľný postup (3 krokov / 456 znakov, 20 % ingrediencií bez množstva);
snack-puding;Puding;Snack;VYHODIT;"Duplicita: identický postup aj sada ingrediencií ako ""Proteínový puding"" (id=snack-proteinovy-puding), ktorý zostáva (dlhší postup / úplnejšie dáta)";
snack-ryzove-chlebicky;Ryžové chlebíčky s arašidovým maslom;Snack;PONECHAT;"Slovenské/domáce jedlo bez medzinárodnej predlohy; postup 4 krokov / 1381 znakov";
snack-skyr;Skyr;Snack;VYHODIT;2 surovín s výskytom najviac 2× v celej DB: 'Drvený klinček', 'Skyr';
snack-susene-ovocie;Sušené ovocie;Snack;VYHODIT;"Slabý postup (3 krokov, 238 znakov; medián DB je 689)";
snack-syr-hrozno;Syr s hroznom;Snack;PONECHAT;Bez medzinárodnej predlohy, použiteľný postup (6 krokov / 767 znakov, 20 % ingrediencií bez množstva);
snack-tvaroh;Tvaroh;Snack;PONECHAT;Bez medzinárodnej predlohy, použiteľný postup (5 krokov / 325 znakov, 33 % ingrediencií bez množstva);
snack-tvarohovy-dezert;Tvarohový dezert s ovocím;Snack;VYHODIT;5 surovín s výskytom najviac 2× v celej DB: 'Dlhé piškóty', 'Jemný vanilkový tvaroh', 'Stužovač šľahačky';
snack-uhorka;Uhorka;Snack;VYHODIT;"Slabý postup (3 krokov, 271 znakov; medián DB je 689); 2 surovín s výskytom najviac 2× v celej DB: 'Uhorková šťava', 'Xantan'";
so-gogi-sanjeok-hovadzie-na-razni;So-gogi-sanjeok – hovädzie na ražni;Hlavné jedlo;VYHODIT;3 surovín s výskytom najviac 2× v celej DB: 'Mäso hovädzie chudé', 'Cibuľky mladé s vňaťou veľké', 'Sezamové opražené semienka';
sojove-rezance-s-kari;Sójové rezance s karí;Hlavné jedlo;NAHRADIT;"Rozmarný variant medzinárodného jedla: ""Sójové rezance s karí"" + 4 surovín s výskytom najviac 2× v celej DB: 'Sójové rezance', 'Prášok Humus BIO', 'Zmes korenia BIO'";Chicken Curry (BBC Good Food)
solet;Šolet;Hlavné jedlo;PONECHAT;Bez medzinárodnej predlohy, použiteľný postup (3 krokov / 797 znakov, 9 % ingrediencií bez množstva);
sopak-podla-mna-cernobog;Šopák podľa mňa ČERNOBOG;Šalát;PONECHAT;Bez medzinárodnej predlohy, použiteľný postup (6 krokov / 715 znakov, 25 % ingrediencií bez množstva);
sopsky-salat-s-domacimi-pizza-tycinkami;Šopský šalát s domácimi pizza tyčinkami;Šalát;NAHRADIT;"Rozmarný variant medzinárodného jedla: ""Šopský šalát s domácimi pizza tyčinkami"" + 2 surovín s výskytom najviac 2× v celej DB: 'Syr balkánskeho typu', 'Olej olivový Ocho Delicioso'";Pizza Margherita (BBC Good Food)
sosovica-s-parkom;Šošovica s párkom;Polievka;PONECHAT;Bez medzinárodnej predlohy, použiteľný postup (8 krokov / 1103 znakov, 14 % ingrediencií bez množstva);
sosovicova-polievka-2158;Šošovicová polievka;Polievka;PONECHAT;Bez medzinárodnej predlohy, použiteľný postup (3 krokov / 760 znakov, 9 % ingrediencií bez množstva);
sosovicova-polievka-s-kari;Šošovicová polievka s karí korením;Polievka;NAHRADIT;"Rozmarný variant medzinárodného jedla: ""Šošovicová polievka s karí korením"" + 36 % ingrediencií (4/11) bez množstva – plánovač neurčí výživu ani nákup";Chicken Curry (BBC Good Food)
sosovicova-polievka;Šošovicová polievka kyslá;Polievka;PONECHAT;Bez medzinárodnej predlohy, použiteľný postup (3 krokov / 474 znakov, 0 % ingrediencií bez množstva);
sosovicova-s-udenymi-kostami-na-zahriatie;Šošovicová s údenými kosťami na zahriatie;Polievka;VYHODIT;36 % ingrediencií (4/11) bez množstva – plánovač neurčí výživu ani nákup;
sosovicovy-hrniec;Šošovicový hrniec;Polievka;PONECHAT;Bez medzinárodnej predlohy, použiteľný postup (4 krokov / 528 znakov, 21 % ingrediencií bez množstva);
sosovicovy-prejt-s-psenom;Šošovicový prejt s pšenom;Hlavné jedlo;PONECHAT;Bez medzinárodnej predlohy, použiteľný postup (5 krokov / 491 znakov, 33 % ingrediencií bez množstva);
sosovicovy-privarok;Šošovicový prívarok;Hlavné jedlo;VYHODIT;40 % ingrediencií (2/5) bez množstva – plánovač neurčí výživu ani nákup;
sosovicovy-salat-s-paradajkou-a-rukolou;Šošovicový šalát s paradajkou a rukolou;Šalát;PONECHAT;Bez medzinárodnej predlohy, použiteľný postup (3 krokov / 389 znakov, 30 % ingrediencií bez množstva);
sosovicovy-salat;Šošovicový šalát;Šalát;VYHODIT;"Slabý postup (3 krokov, 255 znakov; medián DB je 689)";
spagety-bolognese;Špagety bolognese;Hlavné jedlo;NAHRADIT;"Rozmarný variant medzinárodného jedla: ""Špagety bolognese"" + 2 surovín s výskytom najviac 2× v celej DB: 'Rajčinový pretlak', 'Bezvaječné špagety'";Spaghetti Bolognese (BBC Good Food)
spagety-colore;Špagety colore;Hlavné jedlo;PONECHAT;Bez medzinárodnej predlohy, použiteľný postup (4 krokov / 732 znakov, 9 % ingrediencií bez množstva);
spagety-so-susenymi-paradajkami-kapary-a-petrzlenom;Špagety so sušenými paradajkami, kapary a petržlenom;Cestoviny;PONECHAT;Bez medzinárodnej predlohy, použiteľný postup (4 krokov / 864 znakov, 12 % ingrediencií bez množstva);
spagety-so-zeleninou-a-susenymi-paradajkami;Špagety so zeleninou a sušenými paradajkami;Cestoviny;PONECHAT;Bez medzinárodnej predlohy, použiteľný postup (4 krokov / 482 znakov, 30 % ingrediencií bez množstva);
spaghetti-in-una-polpetta;Spaghetti in una polpetta;Hlavné jedlo;VYHODIT;"Slabý postup (3 krokov, 277 znakov; medián DB je 689)";
spaghetti-s-bolonskou-omackou;Spaghetti s Boloňskou omáčkou;Cestoviny;VYHODIT;2 surovín s výskytom najviac 2× v celej DB: 'Prerastená slanina', 'Prosciutto crudo';
spak-ma-smak;Špak má šmak;Príloha;VYHODIT;"Slabý postup (3 krokov, 269 znakov; medián DB je 689); 2 surovín s výskytom najviac 2× v celej DB: 'Rajčiaky', 'Zelko'";
spaldova-bublanina;Špaldová bublanina;Raňajky;VYHODIT;2 surovín s výskytom najviac 2× v celej DB: 'Odkôstkované umyté čerešne', 'Odstopkované umyté jahody';
spaldova-polievka;Špaldová polievka;Polievka;VYHODIT;40 % ingrediencií (4/10) bez množstva – plánovač neurčí výživu ani nákup;
spanielska-omeleta;Španielska omeleta;Raňajky;NAHRADIT;"Rozmarný variant medzinárodného jedla: ""Španielska omeleta"" + slabý postup (3 krokov, 268 znakov; medián DB je 689); 38 % ingrediencií (3/8) bez množstva – plánovač neurčí výživu ani nákup";Omelette (BBC Good Food)
spanielske-vtacky-bez-udenin;Španielske vtáčky bez údenín;Hlavné jedlo;VYHODIT;40 % ingrediencií (6/15) bez množstva – plánovač neurčí výživu ani nákup;
spanielske-vtacky-na-pokemonsky-sposob;Španielske vtáčky na pokémonský spôsob;Hlavné jedlo;PONECHAT;Bez medzinárodnej predlohy, použiteľný postup (15 krokov / 955 znakov, 0 % ingrediencií bez množstva);
spargľová-kremova-polievka;Špargľová krémová polievka;Polievka;PONECHAT;Bez medzinárodnej predlohy, použiteľný postup (3 krokov / 359 znakov, 25 % ingrediencií bez množstva);
spenatova-kremova-polievka;Špenátová krémová polievka;Polievka;PONECHAT;Bez medzinárodnej predlohy, použiteľný postup (3 krokov / 450 znakov, 22 % ingrediencií bez množstva);
spenatova-pasta;Špenátová pasta;Príloha;PONECHAT;Bez medzinárodnej predlohy, použiteľný postup (3 krokov / 529 znakov, 27 % ingrediencií bez množstva);
spenatove-cannelloni-s-ovcim-syrom;Špenátové cannelloni s ovčím syrom;Cestoviny;VYHODIT;"36 % ingrediencií (5/14) bez množstva – plánovač neurčí výživu ani nákup; 2 surovín s výskytom najviac 2× v celej DB: 'Cestovina cannelloni', 'Špenátový pretlak'";
spenatove-pelmene-s-mletym-masom;Špenátové pelmene s mletým mäsom;Cestoviny;PONECHAT;Bez medzinárodnej predlohy, použiteľný postup (3 krokov / 654 znakov, 11 % ingrediencií bez množstva);
spenatove-pesto;Špenátové pesto;Nátierka;NAHRADIT;"Rozmarný variant medzinárodného jedla: ""Špenátové pesto""";Pesto alla Genovese (BBC Good Food)
spenatovy-privarok;Špenátový prívarok;Hlavné jedlo;VYHODIT;"Slabý postup (3 krokov, 291 znakov; medián DB je 689); 2 surovín s výskytom najviac 2× v celej DB: 'Smotana na varenie 10%', 'Škrobový prášok'";
spenatovy-quiche;Špenátový quiche;Hlavné jedlo;NAHRADIT;"Rozmarný variant medzinárodného jedla: ""Špenátový quiche""";Quiche Lorraine (BBC Good Food)
spenatovy-salat-s-jahodami-a-orechmi;Špenátový šalát s jahodami a orechmi;Šalát;VYHODIT;4 surovín s výskytom najviac 2× v celej DB: 'Mandľové lupene', 'Makový olej', 'Balzamikový tmavý ocot';
spikovany-diviak-na-sipkach;Špikovaný diviak na šípkach;Hlavné jedlo;VYHODIT;4 surovín s výskytom najviac 2× v celej DB: 'Chrbát z diviaka', 'Šípkový lekvár', 'Biele rožky';
spukove-chrumkave-slimaky;Špukové chrumkavé slimáky;Raňajky;VYHODIT;4 surovín s výskytom najviac 2× v celej DB: 'Múka špaldová hladká 812', 'Olej extra panenský', 'Soľ himalájska ružová';
stavnata-bublanina-s-tvarohom-a-cokoladou;Šťavnatá bublanina s tvarohom a čokoládou;Dezert;PONECHAT;"Slovenské/domáce jedlo bez medzinárodnej predlohy; postup 4 krokov / 744 znakov";
stavnate-hovadzie-muffiny;Šťavnaté hovädzie muffiny;Hlavné jedlo;NAHRADIT;"Rozmarný variant medzinárodného jedla: ""Šťavnaté hovädzie muffiny""";Muffins (BBC Good Food)
stavnate-kuracie-rezne-v-parmezanovej-struhanke;Štavnaté kuracie rezne v parmezánovej strúhanke;Hlavné jedlo;PONECHAT;Bez medzinárodnej predlohy, použiteľný postup (11 krokov / 1063 znakov, 0 % ingrediencií bez množstva);
studeny-cestovinovy-salat-feta-oliv;Studený cestovinový šalát s fetou a olivami;Cestoviny;PONECHAT;Bez medzinárodnej predlohy, použiteľný postup (3 krokov / 333 znakov, 29 % ingrediencií bez množstva);
studeny-cestovinovy-salat-s-hraskom-a-matou;Studený cestovinový šalát s hráškom a mätou;Cestoviny;VYHODIT;"Duplicita: identický postup aj sada ingrediencií ako ""Studený cestovinový šalát s fetou a olivami"" (id=studeny-cestovinovy-salat-feta-oliv), ktorý zostáva (dlhší postup / úplnejšie dáta)";
studeny-cestovinovy-salat-s-kuracim-a-curry;Studený cestovinový šalát s kuracím mäsom a karí dresingom;Cestoviny;VYHODIT;"Duplicita: identický postup aj sada ingrediencií ako ""Studený cestovinový šalát s fetou a olivami"" (id=studeny-cestovinovy-salat-feta-oliv), ktorý zostáva (dlhší postup / úplnejšie dáta)";
studeny-cestovinovy-salat-so-zelenym-pestom;Studený cestovinový šalát so zeleným pestom a mozzarellou;Cestoviny;VYHODIT;"Duplicita: identický postup aj sada ingrediencií ako ""Studený cestovinový šalát s fetou a olivami"" (id=studeny-cestovinovy-salat-feta-oliv), ktorý zostáva (dlhší postup / úplnejšie dáta)";
studeny-rezancovy-salat-s-kokosom-a-limetkou;Studený rezancový šalát s kokosom a limetkou;Cestoviny;VYHODIT;"Duplicita: identický postup aj sada ingrediencií ako ""Studený cestovinový šalát s fetou a olivami"" (id=studeny-cestovinovy-salat-feta-oliv), ktorý zostáva (dlhší postup / úplnejšie dáta)";
studeny-rezancovy-salat-s-krevetami-a-mangom;Studený rezancový šalát s krevetami a mangom;Cestoviny;VYHODIT;"Duplicita: identický postup aj sada ingrediencií ako ""Studený cestovinový šalát s fetou a olivami"" (id=studeny-cestovinovy-salat-feta-oliv), ktorý zostáva (dlhší postup / úplnejšie dáta)";
sulance-s-makom-zo-zemiakoveho-cesta;Šúľance s makom zo zemiakového cesta;Hlavné jedlo;PONECHAT;"Slovenské/domáce jedlo bez medzinárodnej predlohy; postup 8 krokov / 770 znakov";
sulance-s-makom;Šúľance s makom;Dezert;PONECHAT;"Slovenské/domáce jedlo bez medzinárodnej predlohy; postup 5 krokov / 534 znakov";
sulance-s-tvarohom;Šúľance s tvarohom;Dezert;PONECHAT;"Slovenské/domáce jedlo bez medzinárodnej predlohy; postup 7 krokov / 695 znakov";
sultanova-pochutka-jahnaci-perkelt-na-baklazanovom-pyre;Sultánova pochúťka - jahňací perkelt na baklažánovom pyré;Hlavné jedlo;VYHODIT;"Názov nie je jedlo (marketingové slovo namiesto jedla): ""Sultánova pochúťka - jahňací perkelt na baklažánovom pyré""";
sunka-a-la-wellington-na-sosovicovom-ragu;Šunka à la Wellington na šošovicovom ragú;Hlavné jedlo;PONECHAT;Bez medzinárodnej predlohy, použiteľný postup (5 krokov / 850 znakov, 20 % ingrediencií bez množstva);
sunka-v-aspiku;Šunka v aspiku;Snack;VYHODIT;2 surovín s výskytom najviac 2× v celej DB: 'Korenie čiene celé', 'Prášková želatína';
sunka-v-chlebe;Šunka v chlebe;Raňajky;PONECHAT;Bez medzinárodnej predlohy, použiteľný postup (9 krokov / 1589 znakov, 0 % ingrediencií bez množstva);
sunkova-rolada;Šunková roláda;Snack;VYHODIT;"Slabý postup (3 krokov, 258 znakov; medián DB je 689)";
susene-hrusky;Sušené hrušky;Snack;VYHODIT;3 surovín s výskytom najviac 2× v celej DB: 'Jablkový džús', 'Brusnicový džem', 'Agar agar';
susene-jablkove-lupienky;Sušené jablkové lupienky;Snack;PONECHAT;Bez medzinárodnej predlohy, použiteľný postup (6 krokov / 756 znakov, 0 % ingrediencií bez množstva);
susene-marhule-s-mandlami;Sušené marhule s mandľami;Snack;PONECHAT;Bez medzinárodnej predlohy, použiteľný postup (7 krokov / 975 znakov, 22 % ingrediencií bez množstva);
sushi-losos-maki;Losos maki (sushi rolky);Hlavné jedlo;NAHRADIT;"Rozmarný variant medzinárodného jedla: ""Losos maki (sushi rolky)"" + 5 surovín s výskytom najviac 2× v celej DB: 'Ryža na suši', 'Losos čerstvý filet', 'Riasy nori'";Sushi Rolls (Wikibooks Cookbook)
sviatocna-chala;Sviatočná chala;Príloha;PONECHAT;Bez medzinárodnej predlohy, použiteľný postup (3 krokov / 677 znakov, 25 % ingrediencií bez množstva);
svieckovica-na-smotane;Sviečkovica na smotane;Príloha;VYHODIT;2 surovín s výskytom najviac 2× v celej DB: 'Bravčová panenská sviečkovica', 'Čierne a nové korenie';
svieza-kapustova-polievka;Svieža kapustová polievka;Polievka;VYHODIT;"40 % ingrediencií (6/15) bez množstva – plánovač neurčí výživu ani nákup; 2 surovín s výskytom najviac 2× v celej DB: 'Bravčová slabina', 'Sterilizované dubáky'";
sviezenky;Svieženky;Dezert;VYHODIT;2 surovín s výskytom najviac 2× v celej DB: 'Detské piškóty', 'Marhuľový kompót';
sviezi-bazalkovy-napoj;Svieži bazalkový nápoj;Nápoj;VYHODIT;"Slabý postup (1 krokov, 150 znakov; medián DB je 689)";
sviezi-jahodovy-napoj;Svieži jahodový nápoj;Nápoj;VYHODIT;"Slabý postup (1 krokov, 120 znakov; medián DB je 689)";
sviezi-jogurtovo-mrkvovy-salat-s-koprom;Svieži jogurtovo-mrkvový šalát s kôprom;Nátierka;PONECHAT;Bez medzinárodnej predlohy, použiteľný postup (3 krokov / 579 znakov, 25 % ingrediencií bez množstva);
syrova-natierka-s-cesnakom-a-bylinkami;Syrová nátierka s cesnakom a bylinkami;Nátierka;VYHODIT;"Duplicita: identický postup aj sada ingrediencií ako ""Cesnaková nátierka so smotanovým syrom"" (id=cesnakova-natierka-so-smotanovym-syrom), ktorý zostáva (dlhší postup / úplnejšie dáta)";
syrova-natierka-s-paprikou;Syrová nátierka s paprikou;Nátierka;VYHODIT;"Slabý postup (3 krokov, 287 znakov; medián DB je 689); 2 surovín s výskytom najviac 2× v celej DB: 'Menší zeler', 'Majolka'";
syrova-zemlovka;Syrová žemľovka;Snack;VYHODIT;36 % ingrediencií (5/14) bez množstva – plánovač neurčí výživu ani nákup;
syrove-cestoviny-mac-and-cheese;Syrové cestoviny (mac and cheese);Cestoviny;PONECHAT;Bez medzinárodnej predlohy, použiteľný postup (4 krokov / 544 znakov, 33 % ingrediencií bez množstva);
syrove-chipsy-pecene;Syrové chipsy pečené;Snack;VYHODIT;40 % ingrediencií (2/5) bez množstva – plánovač neurčí výživu ani nákup;
syrove-gulky-s-orechmi;Syrové guľky s orechmi;Snack;VYHODIT;"Slabý postup (3 krokov, 274 znakov; medián DB je 689); 40 % ingrediencií (2/5) bez množstva – plánovač neurčí výživu ani nákup";
syrove-gulky-tvarohove;Syrové guľky - tvarohové;Snack;VYHODIT;"36 % ingrediencií (4/11) bez množstva – plánovač neurčí výživu ani nákup; 3 surovín s výskytom najviac 2× v celej DB: 'Syr kravská hrudka domáca', 'Vajcia močacie', 'Marhuľový lekvár'";
syrove-kocky-s-hroznom;Syrové kocky s hroznom;Snack;PONECHAT;Bez medzinárodnej predlohy, použiteľný postup (9 krokov / 885 znakov, 0 % ingrediencií bez množstva);
syrove-rozky-s-bylinkami;Syrové rožky s bylinkami;Pečivo;VYHODIT;2 surovín s výskytom najviac 2× v celej DB: 'Feta syr', 'Sol na posypanie';
syrove-rozky-z-kyslej-smotany;Syrové rožky z kyslej smotany;Pečivo;PONECHAT;Bez medzinárodnej predlohy, použiteľný postup (9 krokov / 882 znakov, 0 % ingrediencií bez množstva);
syrove-slimaky;Syrové slimáky;Pečivo;PONECHAT;Bez medzinárodnej predlohy, použiteľný postup (3 krokov / 528 znakov, 0 % ingrediencií bez množstva);
syrove-tycinky-pecene;Syrové tyčinky pečené;Snack;VYHODIT;"Duplicita: identický postup aj sada ingrediencií ako ""Syrové chipsy pečené"" (id=syrove-chipsy-pecene), ktorý zostáva (dlhší postup / úplnejšie dáta)";
syrovo-slaninove-rozky;Syrovo-slaninové rožky;Pečivo;PONECHAT;Bez medzinárodnej predlohy, použiteľný postup (6 krokov / 902 znakov, 8 % ingrediencií bez množstva);
syrovy-salat-s-kapiou;Syrový šalát s kapiou;Raňajky;VYHODIT;"Slabý postup (4 krokov, 230 znakov; medián DB je 689)";
syrovy-salat-so-sampinonmi;Syrový šalát so šampiňónmi;Šalát;VYHODIT;"Slabý postup (3 krokov, 227 znakov; medián DB je 689); 38 % ingrediencií (3/8) bez množstva – plánovač neurčí výživu ani nákup";
syta-prazenica;Sýta praženica;Raňajky;VYHODIT;38 % ingrediencií (3/8) bez množstva – plánovač neurčí výživu ani nákup;
tagliatelle-s-mletym-masom;Tagliatelle s mletým mäsom;Hlavné jedlo;VYHODIT;3 surovín s výskytom najviac 2× v celej DB: 'Korenie Chilli Con Carne', 'Parmezán na posypanie', 'Tagliatelle';
tagliolini-al-nero-di-seppia;Tagliolini al nero di seppia;Hlavné jedlo;VYHODIT;5 surovín s výskytom najviac 2× v celej DB: 'Cestoviny tagliolini sépiové', 'Sépie', 'Mušle sv. Jakuba';
talianska-zeleninova-polievka;Talianska zeleninová polievka;Polievka;VYHODIT;2 surovín s výskytom najviac 2× v celej DB: 'Zelenina mrazená Talianska', 'Parajky krájané v konzerve';
tatarak-z-ovcieho-syra-s-rukolovou-spongiou;Tatarák z ovčieho syra s rukolovou špongiou;Nátierka;VYHODIT;3 surovín s výskytom najviac 2× v celej DB: 'Hrudkový čerstvý syr', 'Crème fraîche', 'Rebarbora';
tatarska-omacka-z-tofu;Tatárska omáčka z tofu;Príloha;PONECHAT;Bez medzinárodnej predlohy, použiteľný postup (3 krokov / 526 znakov, 0 % ingrediencií bez množstva);
tekvica-na-sladko;Tekvica na sladko;Raňajky;PONECHAT;Bez medzinárodnej predlohy, použiteľný postup (3 krokov / 448 znakov, 25 % ingrediencií bez množstva);
tekvicova-kremova-polievka;Tekvicová krémová polievka;Polievka;VYHODIT;"36 % ingrediencií (5/14) bez množstva – plánovač neurčí výživu ani nákup; 6 surovín s výskytom najviac 2× v celej DB: 'Tekvica stredne veľká', 'Hubový bujón', 'Ocot / nemusí byť/'";
tekvicova-natierka-so-semienkami;Tekvicová nátierka so semienkami;Nátierka;PONECHAT;Bez medzinárodnej predlohy, použiteľný postup (3 krokov / 399 znakov, 0 % ingrediencií bez množstva);
tekvicove-lievance-bez-lepku;Tekvicové lievance bez lepku;Raňajky;PONECHAT;Bez medzinárodnej predlohy, použiteľný postup (3 krokov / 596 znakov, 30 % ingrediencií bez množstva);
tekvicove-rizoto-s-kuracim-masom;Tekvicové rizoto s kuracím mäsom;Hlavné jedlo;NAHRADIT;"Rozmarný variant medzinárodného jedla: ""Tekvicové rizoto s kuracím mäsom"" + 3 surovín s výskytom najviac 2× v celej DB: 'Guľatá ryža', 'Tekvica maslová menšia', 'Syr tvrdý Eidam strúhaný'";Risotto alla Milanese (BBC Good Food)
tekvicovo-zazvorova-polievka;Tekvicovo-zázvorová polievka;Polievka;VYHODIT;"40 % ingrediencií (2/5) bez množstva – plánovač neurčí výživu ani nákup; 2 surovín s výskytom najviac 2× v celej DB: 'Tekvica Hokaido menšia', 'Stredná mrkva'";
tekvicovy-chlieb;Tekvicový chlieb;Pečivo;VYHODIT;4 surovín s výskytom najviac 2× v celej DB: 'Múka Farmhouse Bread', 'Celá racsa', 'Tekvicové semená lúpané';
tekvicovy-jablcnik;Tekvicový jablčník;Snack;VYHODIT;3 surovín s výskytom najviac 2× v celej DB: 'Pšeničné otruby', 'Stevia - prírodné sladidlo', 'Strúhaná tekvica';
telaci-smotanovy-gulas;Teľací smotanový guláš;Hlavné jedlo;VYHODIT;40 % ingrediencií (6/15) bez množstva – plánovač neurčí výživu ani nákup;
telacie-pliecko-na-dubakoch-so-zemiakovym-pyre;Telacie pliecko na dubákoch so zemiakovým pyré;Hlavné jedlo;PONECHAT;Bez medzinárodnej predlohy, použiteľný postup (9 krokov / 914 znakov, 27 % ingrediencií bez množstva);
teply-fazulovy-salat-s-kelom-a-rybou;Teplý fazuľový šalát s kelom a rybou;Šalát;VYHODIT;2 surovín s výskytom najviac 2× v celej DB: 'Údený pstruh', 'Zelené pesto';
teply-kuskusovy-salat-s-fazulou-a-cerstvou-matou;Teplý kuskusový šalát s fazuľou a čerstvou mätou;Cestoviny;NAHRADIT;"Rozmarný variant medzinárodného jedla: ""Teplý kuskusový šalát s fazuľou a čerstvou mätou"" + 36 % ingrediencií (4/11) bez množstva – plánovač neurčí výživu ani nákup; 2 surovín s výskytom najviac 2× v celej DB: 'Zelená fazuľka', 'Červená uvarená fazuľa'";Couscous Salad (BBC Good Food)
teply-tarhonovy-salat-s-kuracim-masom;Teplý tarhoňový šalát s kuracím mäsom;Šalát;PONECHAT;"Slovenské/domáce jedlo bez medzinárodnej predlohy; postup 3 krokov / 640 znakov";
terina-z-bravcoveho-kolena;Terina z bravčového kolena;Hlavné jedlo;VYHODIT;5 surovín s výskytom najviac 2× v celej DB: 'Bravčové nožičky', 'Bravčové kože', 'Farebné celé korenie';
thajsky-salat-podla-jamieho-olivera;Thajský šalát podľa Jamieho Olivera;Šalát;VYHODIT;4 surovín s výskytom najviac 2× v celej DB: 'Paprička chili', 'Fish sauce', 'Aníz';
tiropita-toast-fetovy;Tiropita toast (syrový);Raňajky;VYHODIT;"43 % ingrediencií (3/7) bez množstva – plánovač neurčí výživu ani nákup; 2 surovín s výskytom najviac 2× v celej DB: 'Syr Special Toast', 'Toastový maslový pšeničný chlieb'";
tmavy-kuraci-vyvar;Tmavý kurací vývar;Polievka;VYHODIT;"38 % ingrediencií (3/8) bez množstva – plánovač neurčí výživu ani nákup; 3 surovín s výskytom najviac 2× v celej DB: 'Krídla kuracie', 'Huby väčšie', 'Knedličky'";
toast-s-avokadom-a-vajcom;Toast s avokádom a vajcom;Raňajky;VYHODIT;2 surovín s výskytom najviac 2× v celej DB: 'Cukrová kukurica', 'Výkonky reďkovky';
toast-s-hummusom-a-vajcom;Toast s hummusom a vajcom natvrdo;Raňajky;VYHODIT;"Duplicita: identický postup aj sada ingrediencií ako ""Tiropita toast (syrový)"" (id=tiropita-toast-fetovy), ktorý zostáva (dlhší postup / úplnejšie dáta)";
toast-sunka;Toast so šunkou a syrom;Raňajky;VYHODIT;"Slabý postup (3 krokov, 288 znakov; medián DB je 689); 4 surovín s výskytom najviac 2× v celej DB: 'Gazdovský chlieb', 'Ružové celé korenie', 'Krémový syr'";
toast-z-bananoveho-chleba;Toast z banánového chleba;Snack;PONECHAT;Bez medzinárodnej predlohy, použiteľný postup (4 krokov / 761 znakov, 8 % ingrediencií bez množstva);
tofu-kari-so-zeleninou;Tofu kari so zeleninou;Hlavné jedlo;NAHRADIT;"Rozmarný variant medzinárodného jedla: ""Tofu kari so zeleninou"" + 2 surovín s výskytom najviac 2× v celej DB: 'Karí červená pasta', 'Karí madras'";Chicken Curry (BBC Good Food)
tom-kha-gai;Tom Kha Gai;Polievka;VYHODIT;8 surovín s výskytom najviac 2× v celej DB: 'Sliepka', 'Koreň galangalu', 'Pasta prick pao';
toskansky-chlieb;Toskánsky chlieb;Hlavné jedlo;PONECHAT;Bez medzinárodnej predlohy, použiteľný postup (6 krokov / 968 znakov, 0 % ingrediencií bez množstva);
tradicna-doma-pecena-visnova-strudla;Tradičná doma pečená višňová štrúdľa;Snack;VYHODIT;2 surovín s výskytom najviac 2× v celej DB: 'Vykôstkované višne', 'Vlašské pomleté orechy';
tradicna-zemiakovo-mliecna-polievka-s-mrvenickou;Tradičná zemiakovo-mliečna polievka s mrveničkou;Polievka;PONECHAT;Bez medzinárodnej predlohy, použiteľný postup (3 krokov / 653 znakov, 17 % ingrediencií bez množstva);
trdelnik;Trdelník;Dezert;VYHODIT;"42 % ingrediencií (5/12) bez množstva – plánovač neurčí výživu ani nákup; 2 surovín s výskytom najviac 2× v celej DB: 'Škoricový cukor Liana', 'Kakao tmavé Liana'";
treska-na-zazvore-a-zmesi-4-koreni;Treska na zázvore a zmesi 4 korení;Hlavné jedlo;VYHODIT;3 surovín s výskytom najviac 2× v celej DB: 'Treska filet', 'Reďkovka čierna', 'Zmes 4 korení';
treska-pecena-s-paradajkami;Biela ryba pečená s paradajkami;Hlavné jedlo;VYHODIT;2 surovín s výskytom najviac 2× v celej DB: 'Ryba biela', 'Koenie na ryby';
treska-s-cviklovym-salatom;Treska s cviklovým šalátom;Šalát;VYHODIT;4 surovín s výskytom najviac 2× v celej DB: 'Soľ a rasca mletá', 'Cvikla s chrenom', 'Údený strúhaný oštiepok';
treska-s-kuracou-pecenou;Treska s kuracou pečeňou;Hlavné jedlo;PONECHAT;Bez medzinárodnej predlohy, použiteľný postup (5 krokov / 1212 znakov, 14 % ingrediencií bez množstva);
treska-v-cesticku;Biela ryba v cestíčku (fish and chips);Hlavné jedlo;PONECHAT;Bez medzinárodnej predlohy, použiteľný postup (5 krokov / 650 znakov, 14 % ingrediencií bez množstva);
trhane-morcacie-stehno;Trhané morčacie stehno;Hlavné jedlo;VYHODIT;2 surovín s výskytom najviac 2× v celej DB: 'Stehno morčacie horné', 'Drvená celá rasca';
trocha-zdravsia-babovka;Trocha zdravšia bábovka;Dezert;PONECHAT;Bez medzinárodnej predlohy, použiteľný postup (3 krokov / 486 znakov, 0 % ingrediencií bez množstva);
trojfarebne-siroke-rezance-s-hovadzinou;Trojfarebné široké rezance s hovädzinou;Cestoviny;PONECHAT;Bez medzinárodnej predlohy, použiteľný postup (3 krokov / 488 znakov, 29 % ingrediencií bez množstva);
trojfarebny-fazulovy-salat;Trojfarebný fazuľový šalát;Šalát;VYHODIT;"36 % ingrediencií (4/11) bez množstva – plánovač neurčí výživu ani nákup; 2 surovín s výskytom najviac 2× v celej DB: 'Ryža SOS Exotic Salads', 'Ocot sherry'";
tuniak-na-rukole;Tuniak na rukole;Šalát;PONECHAT;Bez medzinárodnej predlohy, použiteľný postup (5 krokov / 653 znakov, 29 % ingrediencií bez množstva);
tuniak-s-cviklou;Tuniak s cviklou;Snack;PONECHAT;Bez medzinárodnej predlohy, použiteľný postup (6 krokov / 966 znakov, 22 % ingrediencií bez množstva);
tuniak-s-divou-ryzou-a-ovocno-zeleninovym-catni;Tuniak s divou ryžou a ovocno-zeleninovým čatní;Hlavné jedlo;VYHODIT;2 surovín s výskytom najviac 2× v celej DB: 'Divá miešaná ryža', 'Kôprové semienka';
tuniak-so-salatom-a-bazalkovym-dressingom;Tuniak so šalátom a bazalkovým dressingom;Šalát;PONECHAT;Bez medzinárodnej predlohy, použiteľný postup (3 krokov / 933 znakov, 0 % ingrediencií bez množstva);
tuniakova-natierka-s-vajcom;Tuniaková nátierka s vajcom;Nátierka;VYHODIT;"Duplicita: identický postup aj sada ingrediencií ako ""Nátierka z tuniaka a kukurice"" (id=natierka-z-tuniaka-a-kukurice), ktorý zostáva (dlhší postup / úplnejšie dáta)";
tuniakova-natierka-so-smotanovym-jogurtom;Tuniaková nátierka so smotanovým jogurtom;Nátierka;VYHODIT;"Duplicita: identický postup aj sada ingrediencií ako ""Nátierka z tuniaka a kukurice"" (id=natierka-z-tuniaka-a-kukurice), ktorý zostáva (dlhší postup / úplnejšie dáta)";
tuniakova-natierka;Tuniaková nátierka;Nátierka;VYHODIT;"Slabý postup (4 krokov, 186 znakov; medián DB je 689); 40 % ingrediencií (2/5) bez množstva – plánovač neurčí výživu ani nákup";
tuniakovy-salat-fit;Tuniakový šalát fit;Šalát;PONECHAT;Bez medzinárodnej predlohy, použiteľný postup (7 krokov / 789 znakov, 25 % ingrediencií bez množstva);
tuniakovy-salat-so-zelenymi-fazuľkami;Tuniakový šalát so zelenými fazuľkami;Šalát;VYHODIT;2 surovín s výskytom najviac 2× v celej DB: 'Šalát lollo červený a zelený', 'Špenátové lístky čerstvé';
tuniakovy-salat;Tuniakový šalát;Snack;VYHODIT;38 % ingrediencií (3/8) bez množstva – plánovač neurčí výživu ani nákup;
turecky-vajickovy-salat;Turecký vajíčkový šalát;Šalát;PONECHAT;Bez medzinárodnej predlohy, použiteľný postup (7 krokov / 1259 znakov, 33 % ingrediencií bez množstva);
tvarohova-natierka-s-jarnou-cibulkou-fotorecept;Tvarohová nátierka s jarnou cibuľkou /fotorecept/;Raňajky;VYHODIT;4 surovín s výskytom najviac 2× v celej DB: 'Perla/maslo', 'Kyslá smotana/mlieko', 'Jarná cibuľka s vňaťou';
tvarohova-natierka-s-medom-a-orechmi;Tvarohová nátierka s medom a orechmi;Raňajky;VYHODIT;"Slabý postup (3 krokov, 225 znakov; medián DB je 689); 2 surovín s výskytom najviac 2× v celej DB: 'Vňať z jarnej cibuľky', 'Sladkokyslá uhorka'";
tvarohova-natierka-s-rimskym-salatom-little-gem;Tvarohová nátierka s rímskym šalátom Little gem;Nátierka;PONECHAT;Bez medzinárodnej predlohy, použiteľný postup (6 krokov / 516 znakov, 25 % ingrediencií bez množstva);
tvarohove-a-lekvarove-kolace;Tvarohové a lekvárové koláče;Raňajky;VYHODIT;2 surovín s výskytom najviac 2× v celej DB: 'Obyčajný tvaroh', 'Puding vanilkový v prášku';
tvarohove-a-nutellovo-bananove-pecivo;Tvarohové a nutellovo-banánové pečivo;Raňajky;VYHODIT;35 % ingrediencií (6/17) bez množstva – plánovač neurčí výživu ani nákup;
tvarohove-dolky;Tvarohové dolky;Snack;PONECHAT;Bez medzinárodnej predlohy, použiteľný postup (5 krokov / 361 znakov, 0 % ingrediencií bez množstva);
tvarohove-gulky-s-vanilkou;Tvarohové guľky s vanilkou;Snack;VYHODIT;3 surovín s výskytom najviac 2× v celej DB: 'Mäkký tvaroh', 'Vanilkový proteín', 'Ovsená múka';
tvarohove-kolace-s-chrumkavym-povrchom;Tvarohové koláče s chrumkavým povrchom;Raňajky;PONECHAT;Bez medzinárodnej predlohy, použiteľný postup (7 krokov / 1721 znakov, 0 % ingrediencií bez množstva);
tvarohove-kosicky;Tvarohové košíčky;Snack;VYHODIT;"Slabý postup (3 krokov, 190 znakov; medián DB je 689)";
tvarohove-palacinky;Tvarohové palacinky;Raňajky;NAHRADIT;"Rozmarný variant medzinárodného jedla: ""Tvarohové palacinky""";Pancakes (BBC Good Food)
tvarohove-rezance-podla-mojej-mamky;Tvarohové rezance podľa mojej mamky;Cestoviny;PONECHAT;Bez medzinárodnej predlohy, použiteľný postup (5 krokov / 469 znakov, 17 % ingrediencií bez množstva);
tvarohove-rezy;Tvarohové rezy;Dezert;VYHODIT;4 surovín s výskytom najviac 2× v celej DB: 'Kakao tmavé Liana', 'Kypriaci prášok do pečiva Liana', 'Vanilínový cukor Liana';
tvarohove-ruzicky;Tvarohové ružičky;Raňajky;VYHODIT;4 surovín s výskytom najviac 2× v celej DB: 'Žltko', 'Vanilkový cukkor', 'Malé vajce';
tvarohovo-jahodovy-kolac-s-mrvenickou;Tvarohovo-jahodový koláč s mrveničkou;Dezert;PONECHAT;Bez medzinárodnej predlohy, použiteľný postup (8 krokov / 1264 znakov, 16 % ingrediencií bez množstva);
tvarohovo-jahodovy-kolac-studeny;Tvarohovo-jahodový koláč studený (bez pečenia);Dezert;PONECHAT;Bez medzinárodnej predlohy, použiteľný postup (3 krokov / 530 znakov, 25 % ingrediencií bez množstva);
tvarohovo-kokosove-gulky-pecene;Tvarohovo-kokosové guľky pečené;Dezert;PONECHAT;Bez medzinárodnej predlohy, použiteľný postup (4 krokov / 345 znakov, 0 % ingrediencií bez množstva);
tvarohovo-malinovy-kolac;Tvarohovo-malinový koláč;Dezert;PONECHAT;Bez medzinárodnej predlohy, použiteľný postup (4 krokov / 379 znakov, 0 % ingrediencií bez množstva);
tvarohovo-vajickovy-salat;Tvarohovo-vajíčkový šalát;Raňajky;PONECHAT;Bez medzinárodnej predlohy, použiteľný postup (3 krokov / 828 znakov, 25 % ingrediencií bez množstva);
tvarohovy-kolac-s-ananasom-a-kuskami-cokolady;Tvarohový koláč s ananásom a kúskami čokolády;Raňajky;VYHODIT;4 surovín s výskytom najviac 2× v celej DB: 'Obyčajný tvaroh', 'Pudingový vanilkový prášok', 'Ananás v konzerve';
tvarohovy-nakyp;Tvarohový nákyp;Dezert;PONECHAT;Bez medzinárodnej predlohy, použiteľný postup (3 krokov / 355 znakov, 33 % ingrediencií bez množstva);
tvarohovy-zavin;Tvarohový závin;Dezert;PONECHAT;"Slovenské/domáce jedlo bez medzinárodnej predlohy; postup 3 krokov / 582 znakov";
udena-krkovicka-s-hubovou-macankou;Údená krkovička s hubovou máčankou;Hlavné jedlo;VYHODIT;3 surovín s výskytom najviac 2× v celej DB: 'Bravčová krkovička údená', 'Lesné huby', 'Šťava z kyslej kapusty';
vajcova-tortilla;Vajcová tortilla s paprikou a syrom;Raňajky;VYHODIT;"Duplicita: identický postup aj sada ingrediencií ako ""Domáce tortilly"" (id=domace-tortilly), ktorý zostáva (dlhší postup / úplnejšie dáta)";
vajecne-muffiny-so-zeleninou;Vaječné muffiny so zeleninou;Raňajky;NAHRADIT;"Rozmarný variant medzinárodného jedla: ""Vaječné muffiny so zeleninou""";Muffins (BBC Good Food)
vajecny-liker-bez-alkoholu;Vaječný likér bez alkoholu;Nápoj;PONECHAT;Bez medzinárodnej predlohy, použiteľný postup (4 krokov / 454 znakov, 0 % ingrediencií bez množstva);
vajicka-s-cviklovo-avokadovou-plnkou;Vajíčka s cviklovo-avokádovou plnkou;Raňajky;VYHODIT;40 % ingrediencií (2/5) bez množstva – plánovač neurčí výživu ani nákup;
vajickova-natierka-do-prirody;Vajíčková nátierka do prírody;Raňajky;PONECHAT;Bez medzinárodnej predlohy, použiteľný postup (4 krokov / 566 znakov, 14 % ingrediencií bez množstva);
vajickova-natierka-s-kaparmi;Vajíčková nátierka s kaparmi;Nátierka;PONECHAT;Bez medzinárodnej predlohy, použiteľný postup (3 krokov / 312 znakov, 25 % ingrediencií bez množstva);
vajickova-natierka-starej-mamy;Vajíčková nátierka starej mamy;Raňajky;PONECHAT;Bez medzinárodnej predlohy, použiteľný postup (6 krokov / 968 znakov, 18 % ingrediencií bez množstva);
vajickova-natierka;Vajíčková nátierka;Nátierka;VYHODIT;"Duplicita: identický postup aj sada ingrediencií ako ""Vajíčková nátierka s kaparmi"" (id=vajickova-natierka-s-kaparmi), ktorý zostáva (dlhší postup / úplnejšie dáta)";
vajickovo-avokadova-natierka;Vajíčkovo-avokádová nátierka;Nátierka;VYHODIT;"Duplicita: identický postup aj sada ingrediencií ako ""Avokádová nátierka s limetkou"" (id=avokadova-natierka-s-limetkou), ktorý zostáva (dlhší postup / úplnejšie dáta)";
vajickovo-strukovy-fazulovy-salat-fotorecept;Vajičkovo-strukový, fazuľový šalát (fotorecept );Šalát;VYHODIT;2 surovín s výskytom najviac 2× v celej DB: 'Fazuľové mrazené struky', 'Ochucovadlo-Sojová omáčka';
vajickovy-salat-s-koprom;Vajíčkový šalát s kôprom;Šalát;PONECHAT;Bez medzinárodnej predlohy, použiteľný postup (3 krokov / 454 znakov, 30 % ingrediencií bez množstva);
vajickovy-salat;Vajíčkový šalát;Snack;PONECHAT;Bez medzinárodnej predlohy, použiteľný postup (4 krokov / 863 znakov, 22 % ingrediencií bez množstva);
vajicne-pohare-so-slaninou-a-syrom;Vajíčkové poháre so slaninou a syrom;Raňajky;VYHODIT;"Slabý postup (3 krokov, 274 znakov; medián DB je 689); 43 % ingrediencií (3/7) bez množstva – plánovač neurčí výživu ani nákup";
vajicne-ranajky-so-sampinonmi;Vaječné raňajky so šampiňónmi;Raňajky;PONECHAT;Bez medzinárodnej predlohy, použiteľný postup (6 krokov / 911 znakov, 17 % ingrediencií bez množstva);
vajicny-salat-na-tooste;Vajíčkový šalát na toaste;Raňajky;VYHODIT;2 surovín s výskytom najviac 2× v celej DB: 'Vajcia na tvrdo', 'Kapary vo vínnom octe';
vanilkova-zmrzlina-s-kavovou-penou;Vanilková zmrzlina s kávovou penou;Dezert;VYHODIT;5 surovín s výskytom najviac 2× v celej DB: 'Espreso', 'Espreso', 'Pena espuma';
vanilkovy-puding-domaci;Domáci vanilkový puding;Dezert;VYHODIT;"Slabý postup (3 krokov, 293 znakov; medián DB je 689)";
varena-knedla;Varená knedľa;Príloha;PONECHAT;"Slovenské/domáce jedlo bez medzinárodnej predlohy; postup 3 krokov / 636 znakov";
variacia-na-sendvic-coronation-chicken;Variácia na sendvič Coronation chicken;Nátierka;VYHODIT;"35 % ingrediencií (6/17) bez množstva – plánovač neurčí výživu ani nákup; 2 surovín s výskytom najviac 2× v celej DB: 'Korenie čiene mleté', 'Horčičné semienko'";
veganske-cucoriedkove-poptarts;Vegánske čučoriedkové poptarts;Raňajky;VYHODIT;2 surovín s výskytom najviac 2× v celej DB: 'Čučoriedková náplň', 'Cukor práškový + vanilkový';
vegetarianska-musaka-so-sosovicou;Vegetariánska musaka so šošovicou;Hlavné jedlo;NAHRADIT;"Rozmarný variant medzinárodného jedla: ""Vegetariánska musaka so šošovicou""";Moussaka (BBC Good Food)
velkonocna-pascha;Veľkonočná pascha;Raňajky;PONECHAT;Bez medzinárodnej predlohy, použiteľný postup (3 krokov / 554 znakov, 18 % ingrediencií bez množstva);
velkonocna-paska-mazanec;Veľkonočná paska - mazanec;Pečivo;PONECHAT;Bez medzinárodnej predlohy, použiteľný postup (5 krokov / 1133 znakov, 0 % ingrediencií bez množstva);
velkonocna-sunka-v-coca-cole;Veľkonočná šunka v coca-cole;Hlavné jedlo;PONECHAT;Bez medzinárodnej predlohy, použiteľný postup (3 krokov / 339 znakov, 25 % ingrediencií bez množstva);
velkonocny-veniec;Veľkonočný veniec;Raňajky;PONECHAT;Bez medzinárodnej predlohy, použiteľný postup (3 krokov / 851 znakov, 0 % ingrediencií bez množstva);
vianocka-ako-oblacik;Vianočka ako obláčik;Raňajky;PONECHAT;Bez medzinárodnej predlohy, použiteľný postup (4 krokov / 938 znakov, 22 % ingrediencií bez množstva);
vianocka;Vianočka;Pečivo;PONECHAT;Bez medzinárodnej predlohy, použiteľný postup (4 krokov / 582 znakov, 27 % ingrediencií bez množstva);
viedensky-rezen;Vyprážaný rezeň (viedenský);Hlavné jedlo;VYHODIT;5 surovín s výskytom najviac 2× v celej DB: 'Krkovička bravčová bez kosti', 'Studené mlieko', 'Strúhanka jemná domáca';
vihorlatsky-zvitok;Vihorlatský zvitok;Hlavné jedlo;VYHODIT;2 surovín s výskytom najviac 2× v celej DB: 'Sterilizovaná kapusta', 'Škvarky';
visnovy-sirup-bez-odkostkovavania;Višňový sirup bez odkôstkovávania;Nápoj;PONECHAT;Bez medzinárodnej predlohy, použiteľný postup (6 krokov / 762 znakov, 0 % ingrediencií bez množstva);
vitaminova-bomba;Vitamínová bomba;Nápoj;VYHODIT;"Slabý postup (2 krokov, 161 znakov; medián DB je 689)";
vlassky-salat-ako-si-ho-pamatame;Vlašský šalát, ako si ho pamätáme;Šalát;PONECHAT;Bez medzinárodnej predlohy, použiteľný postup (8 krokov / 884 znakov, 0 % ingrediencií bez množstva);
vlassky-salat;Vlašský šalát;Príloha;PONECHAT;Bez medzinárodnej predlohy, použiteľný postup (5 krokov / 863 znakov, 9 % ingrediencií bez množstva);
vlockovo-jablkovo-makovy-zakusok;Vločkovo-jablkovo-makový zákusok;Dezert;PONECHAT;Bez medzinárodnej predlohy, použiteľný postup (8 krokov / 557 znakov, 0 % ingrediencií bez množstva);
vonave-jesenne-jablkove-muffiny;Voňavé jesenné jablkové muffiny;Raňajky;NAHRADIT;"Rozmarný variant medzinárodného jedla: ""Voňavé jesenné jablkové muffiny"" + 2 surovín s výskytom najviac 2× v celej DB: 'Voňavé korenie', 'Voňavé korenie'";Muffins (BBC Good Food)
vonave-kuracie-prsia;Voňavé kuracie prsia;Hlavné jedlo;VYHODIT;2 surovín s výskytom najviac 2× v celej DB: 'Materina dúška', 'Hydinové korenie';
vonave-ovsene-lievance-s-jablkami;Voňavé ovsené lievance s jablkami;Raňajky;PONECHAT;Bez medzinárodnej predlohy, použiteľný postup (3 krokov / 644 znakov, 18 % ingrediencií bez množstva);
vrstvene-kuracie-maso;Vrstvené kuracie mäso;Hlavné jedlo;VYHODIT;2 surovín s výskytom najviac 2× v celej DB: 'Rohy baranie sterilizované', 'Ostrý pikant';
vyborna-zeleninova-odvodnovacia-polievka;Výborná zeleninová odvodňovacia polievka;Polievka;PONECHAT;Bez medzinárodnej predlohy, použiteľný postup (4 krokov / 490 znakov, 8 % ingrediencií bez množstva);
vyborne-lasagne;Výborné lasagne;Hlavné jedlo;NAHRADIT;"Rozmarný variant medzinárodného jedla: ""Výborné lasagne""";Classic Lasagne (BBC Good Food)
vyborne-vyprazane-agatove-kvety;Výborné vyprážané agátové kvety;Hlavné jedlo;PONECHAT;Bez medzinárodnej predlohy, použiteľný postup (5 krokov / 623 znakov, 14 % ingrediencií bez množstva);
vyborny-porovy-kolac-z-kysnuteho-cesta;Výborný pórový koláč z kysnutého cesta;Hlavné jedlo;PONECHAT;Bez medzinárodnej predlohy, použiteľný postup (8 krokov / 740 znakov, 0 % ingrediencií bez množstva);
vyprazane-pirohy-s-kyslou-kapustou;Vyprážané pirohy s kyslou kapustou;Hlavné jedlo;PONECHAT;"Slovenské/domáce jedlo bez medzinárodnej predlohy; postup 6 krokov / 974 znakov";
waldorfsky-salat;Waldorfský šalát;Šalát;PONECHAT;Bez medzinárodnej predlohy, použiteľný postup (4 krokov / 700 znakov, 18 % ingrediencií bez množstva);
yorkshirsky-puding-ako-priloha-k-pecenemu-hovadziemu;Yorkshirský puding ako príloha k pečenému hovädziemu;Príloha;PONECHAT;Bez medzinárodnej predlohy, použiteľný postup (3 krokov / 491 znakov, 14 % ingrediencií bez množstva);
zabijackovy-gulas;Zabíjačkový guláš;Hlavné jedlo;VYHODIT;5 surovín s výskytom najviac 2× v celej DB: 'Krk alebo kližka', 'Pretlak', 'Sušený drhnutý majorán';
zagorska-zemiakova-polievka;Zagorská zemiaková polievka;Polievka;VYHODIT;38 % ingrediencií (5/13) bez množstva – plánovač neurčí výživu ani nákup;
zajacie-ranajky-alebo-recept-na-vybornu-velkonocnu-marmela;Zajačie raňajky alebo recept na výbornú veľkonočnú marmeládu;Nátierka;VYHODIT;2 surovín s výskytom najviac 2× v celej DB: 'Jablká stredné', 'Cukor želírovací 2:1';
zapecena-paradajkova-kapusta-s-mletym-masom;Zapečená paradajková kapusta s mletým mäsom;Hlavné jedlo;VYHODIT;5 surovín s výskytom najviac 2× v celej DB: 'Kapusta biela hlávková', 'Salça', 'Biber salça';
zapecena-zemiakova-kasa;Zapečená zemiaková kaša;Príloha;VYHODIT;38 % ingrediencií (3/8) bez množstva – plánovač neurčí výživu ani nákup;
zapecene-cestoviny-s-kuracim-masom-a-ricottou;Zapečené cestoviny s kuracím mäsom a ricottou;Cestoviny;PONECHAT;Bez medzinárodnej predlohy, použiteľný postup (5 krokov / 1140 znakov, 20 % ingrediencií bez množstva);
zapecene-kuracie-prsia;Zapečené kuracie prsia;Hlavné jedlo;PONECHAT;Bez medzinárodnej predlohy, použiteľný postup (3 krokov / 387 znakov, 11 % ingrediencií bez množstva);
zapeceny-bob-s-tahini;Zapečený bôb s tahini;Hlavné jedlo;PONECHAT;Bez medzinárodnej predlohy, použiteľný postup (5 krokov / 323 znakov, 29 % ingrediencií bez množstva);
zapeceny-syr-so-sunkou;Zapečený syr so šunkou;Snack;VYHODIT;40 % ingrediencií (2/5) bez množstva – plánovač neurčí výživu ani nákup;
zapekana-cestovina-s-cuketou-a-ovcim-syrom;Zapekaná cestovina  s cuketou a ovčím syrom;Cestoviny;PONECHAT;Bez medzinárodnej predlohy, použiteľný postup (8 krokov / 762 znakov, 31 % ingrediencií bez množstva);
zapekana-zelenina-s-kuracim-masom-a-syrom;Zapekaná zelenina s kuracím mäsom a syrom;Hlavné jedlo;VYHODIT;2 surovín s výskytom najviac 2× v celej DB: 'Paprika biela', 'Korenie na hydinu';
zapekane-cestoviny-s-karfiolom-a-syrom;Zapekané cestoviny s karfiolom a syrom;Cestoviny;PONECHAT;Bez medzinárodnej predlohy, použiteľný postup (4 krokov / 363 znakov, 30 % ingrediencií bez množstva);
zapekane-cestoviny-s-kuracim-a-brokolicou;Zapekané cestoviny s kuracím mäsom a brokolicou;Cestoviny;PONECHAT;Bez medzinárodnej predlohy, použiteľný postup (6 krokov / 819 znakov, 27 % ingrediencií bez množstva);
zapekane-cestoviny-so-spenatom-a-ricottou;Zapekané cestoviny so špenátom a ricottou;Cestoviny;VYHODIT;"Duplicita: identický postup aj sada ingrediencií ako ""Zapekané cestoviny s karfiolom a syrom"" (id=zapekane-cestoviny-s-karfiolom-a-syrom), ktorý zostáva (dlhší postup / úplnejšie dáta)";
zapekane-cukety-s-paradajkami-a-mozzarellou;Zapekané cukety s paradajkami a mozzarellou;Hlavné jedlo;VYHODIT;40 % ingrediencií (2/5) bez množstva – plánovač neurčí výživu ani nákup;
zapekane-drzky-so-syrom;Zapekané držky so syrom;Hlavné jedlo;PONECHAT;Bez medzinárodnej predlohy, použiteľný postup (3 krokov / 1598 znakov, 15 % ingrediencií bez množstva);
zapekane-kuracie-rezne-so-syrom;Zapekané kuracie rezne so syrom;Hlavné jedlo;VYHODIT;4 surovín s výskytom najviac 2× v celej DB: 'Kukuričná strúhanka', 'Strúhanka z rožkov', 'Tvrdý údený syr';
zapekane-makarony-so-syrom;Zapekané makaróny so syrom (mac and cheese);Cestoviny;VYHODIT;4 surovín s výskytom najviac 2× v celej DB: 'Makaróny krátke', 'Špenátový pretlak', 'Liptovská bryndza';
zapekane-paradajkove-rurky-s-bryndzou;Zapekané paradajkové rúrky s bryndzou;Cestoviny;PONECHAT;"Slovenské/domáce jedlo bez medzinárodnej predlohy; postup 3 krokov / 757 znakov";
zapekane-zemiaky-s-kuracim-masom-a-karfiolom;Zapekané zemiaky s kuracím mäsom a karfiolom;Hlavné jedlo;VYHODIT;4 surovín s výskytom najviac 2× v celej DB: 'Surové zemiaky', 'Karfiolové ružičky', 'Údené moravské mäso';
zapekane-zemiaky-s-mletym-masom;Zapekané zemiaky s mletým mäsom (shepherd's pie);Hlavné jedlo;PONECHAT;Bez medzinárodnej predlohy, použiteľný postup (4 krokov / 724 znakov, 30 % ingrediencií bez množstva);
zapekane-zemiaky-so-syrom;Zapekané zemiaky so syrom (gratin);Príloha;VYHODIT;40 % ingrediencií (2/5) bez množstva – plánovač neurčí výživu ani nákup;
zapekany-karfiol-s-besamelom;Zapekaný karfiol s bešamelom;Cestoviny;PONECHAT;Bez medzinárodnej predlohy, použiteľný postup (4 krokov / 481 znakov, 22 % ingrediencií bez množstva);
zavarana-cvikla-s-cuketou-a-cibulou;Zaváraná cvikla s cuketou a cibuľou;Šalát;PONECHAT;Bez medzinárodnej predlohy, použiteľný postup (4 krokov / 577 znakov, 0 % ingrediencií bez množstva);
zavitky-z-diviaka-plnene-susenym-ovocim;Závitky z diviaka plnené sušeným ovocím;Hlavné jedlo;PONECHAT;Bez medzinárodnej predlohy, použiteľný postup (3 krokov / 509 znakov, 29 % ingrediencií bez množstva);
zbojnicke-kurca-s-klobasou;Zbojnícke kurča s klobásou;Hlavné jedlo;VYHODIT;3 surovín s výskytom najviac 2× v celej DB: 'Stehná kuracie bez kostí a kože HYZA', 'Klobása Chorizo', 'Korenie čili';
zbojnicke-tajomstvo;Zbojnícke tajomstvo;Raňajky;VYHODIT;2 surovín s výskytom najviac 2× v celej DB: 'Syr plátky', 'Paprika prášok sladká';
zdrave-kura-s-provensalskym-grilovanym-salatom;Zdravé kura s provensálskym grilovaným šalátom;Šalát;VYHODIT;2 surovín s výskytom najviac 2× v celej DB: 'Zelené fazuľky', 'Hliva';
zdrave-predjedlo;Zdravé predjedlo;Príloha;VYHODIT;"Slabý postup (4 krokov, 291 znakov; medián DB je 689)";
zdrave-vafle;Zdravé vafle;Raňajky;NAHRADIT;"Rozmarný variant medzinárodného jedla: ""Zdravé vafle""";Waffles (BBC Good Food)
zeleninova-pizza-z-psena;Zeleninová pizza z pšena;Hlavné jedlo;NAHRADIT;"Rozmarný variant medzinárodného jedla: ""Zeleninová pizza z pšena"" + 2 surovín s výskytom najviac 2× v celej DB: 'Trojfarebná paprika', 'Syr na pizzu'";Pizza Margherita (BBC Good Food)
zeleninova-polievka-s-cestovinami;Zeleninová polievka s cestovinami;Polievka;PONECHAT;Bez medzinárodnej predlohy, použiteľný postup (5 krokov / 876 znakov, 15 % ingrediencií bez množstva);
zeleninova-ryza-na-kokosovom-oleji;Zeleninová ryža na kokosovom oleji;Hlavné jedlo;PONECHAT;Bez medzinárodnej predlohy, použiteľný postup (4 krokov / 1056 znakov, 9 % ingrediencií bez množstva);
zeleninove-halusky-tentokrat-s-tvarohom;Zeleninové halušky tentokrát s tvarohom;Príloha;PONECHAT;"Slovenské/domáce jedlo bez medzinárodnej predlohy; postup 6 krokov / 1217 znakov";
zeleninove-karbonatky-so-syrom;Zeleninové karbonátky so syrom;Hlavné jedlo;VYHODIT;42 % ingrediencií (5/12) bez množstva – plánovač neurčí výživu ani nákup;
zeleninove-rizoto-s-tempehom;Zeleninové rizoto s tempehom;Hlavné jedlo;NAHRADIT;"Rozmarný variant medzinárodného jedla: ""Zeleninové rizoto s tempehom""";Risotto alla Milanese (BBC Good Food)
zeleninovo-batatovy-krem-so-slaninkou;Zeleninovo-batátový krém so slaninkou;Polievka;PONECHAT;Bez medzinárodnej predlohy, použiteľný postup (3 krokov / 1165 znakov, 24 % ingrediencií bez množstva);
zeleninovy-privarok-enviroluncek;Zeleninový prívarok Envirolunček;Príloha;VYHODIT;5 surovín s výskytom najviac 2× v celej DB: 'Zelená mladá fazuľka', 'Nový zemiak', 'Triticale';
zeleninovy-quiche;Zeleninový quiche;Hlavné jedlo;NAHRADIT;"Rozmarný variant medzinárodného jedla: ""Zeleninový quiche""";Quiche Lorraine (BBC Good Food)
zeleninovy-salat-s-tuniakom-a-vajcom;Zeleninový šalát s tuniakom a vajcom;Šalát;PONECHAT;Bez medzinárodnej predlohy, použiteľný postup (4 krokov / 388 znakov, 0 % ingrediencií bez množstva);
zeleninovy-salat-s-vajickom-a-tofu;Zeleninový šalát s vajíčkom a tofu;Šalát;PONECHAT;Bez medzinárodnej predlohy, použiteľný postup (3 krokov / 769 znakov, 17 % ingrediencií bez množstva);
zeleninovy-stir-fry-s-kesu;Zeleninový stir-fry s kešu orechmi;Hlavné jedlo;VYHODIT;"Duplicita: identický postup aj sada ingrediencií ako ""Hovädzí stir-fry so zeleninou"" (id=hovadzi-stir-fry-so-zeleninou), ktorý zostáva (dlhší postup / úplnejšie dáta)";
zeleninovy-vyvar-s-rezancami;Zeleninový vývar s rezancami;Polievka;VYHODIT;"Slabý postup (3 krokov, 288 znakov; medián DB je 689); 40 % ingrediencií (4/10) bez množstva – plánovač neurčí výživu ani nákup";
zeleny-caj-s-medom-a-citronom;Zelený čaj s medom a citrónom;Nápoj;VYHODIT;"Slabý postup (2 krokov, 256 znakov; medián DB je 689)";
zeleny-smoothie-s-uhorkou;Zelený smoothie s uhorkou;Nápoj;NAHRADIT;"Rozmarný variant medzinárodného jedla: ""Zelený smoothie s uhorkou"" + slabý postup (1 krokov, 263 znakov; medián DB je 689); 3 surovín s výskytom najviac 2× v celej DB: 'Datle bio bez kôstok', 'Púpavové listy', 'Hlávkový malý šalát'";Fruit Smoothie (BBC Good Food)
zeleny-smoothie-so-spenatom-a-ananasom;Zelený smoothie so špenátom a ananásom;Nápoj;VYHODIT;"Duplicita: identický postup aj sada ingrediencií ako ""Zelený smoothie s uhorkou"" (id=zeleny-smoothie-s-uhorkou), ktorý zostáva (dlhší postup / úplnejšie dáta)";
zelerova-polievka-lasky;Zelerová polievka lásky;Polievka;PONECHAT;Bez medzinárodnej predlohy, použiteľný postup (5 krokov / 478 znakov, 20 % ingrediencií bez množstva);
zelerovo-jablkova-polievka;Zelerovo-jablková polievka;Polievka;VYHODIT;3 surovín s výskytom najviac 2× v celej DB: 'Korenie štyroch farieb čerstvo pomlete', 'Omáčka čili pálivá', 'Vňať zelerová nadrobno nasekaná';
zelerovy-salat-dia;Zelerový šalát, dia;Príloha;PONECHAT;Bez medzinárodnej predlohy, použiteľný postup (5 krokov / 475 znakov, 0 % ingrediencií bez množstva);
zemiakova-baba;Zemiaková baba;Hlavné jedlo;VYHODIT;"Slabý postup (3 krokov, 273 znakov; medián DB je 689); 44 % ingrediencií (4/9) bez množstva – plánovač neurčí výživu ani nákup";
zemiakova-babka-so-slivkami;Buchty na pare s tvarohom;Dezert;PONECHAT;"Slovenské/domáce jedlo bez medzinárodnej predlohy; postup 10 krokov / 952 znakov";
zemiakova-kasa;Zemiaková kaša;Príloha;VYHODIT;"Duplicita: identický postup aj sada ingrediencií ako ""Zemiaková kaša (príloha)"" (id=priloha-zemiakova-kasa), ktorý zostáva (dlhší postup / úplnejšie dáta)";
zemiakova-polievka;Zemiaková polievka;Polievka;PONECHAT;Bez medzinárodnej predlohy, použiteľný postup (3 krokov / 464 znakov, 8 % ingrediencií bez množstva);
zemiakove-halusky;Zemiakové halušky;Príloha;VYHODIT;2 surovín s výskytom najviac 2× v celej DB: 'Zemiaky varené v šupke', 'Mlieko na zriedenie';
zemiakove-knedle-do-krizovej-polievky;Zemiakové knedle do krízovej polievky;Príloha;PONECHAT;"Slovenské/domáce jedlo bez medzinárodnej predlohy; postup 10 krokov / 474 znakov";
zemiakove-knedle;Zemiakové knedle;Príloha;PONECHAT;"Slovenské/domáce jedlo bez medzinárodnej predlohy; postup 5 krokov / 444 znakov";
zemiakove-kocky-opekane-s-paprikou;Zemiakové kocky opekané s paprikou;Príloha;VYHODIT;"Duplicita: identický postup aj sada ingrediencií ako ""Opekané zemiaky"" (id=priloha-opekane-zemiaky), ktorý zostáva (dlhší postup / úplnejšie dáta)";
zemiakove-kolieska-pecene-s-parmezanom;Zemiakové kolieska pečené s parmezánom;Príloha;VYHODIT;"Duplicita: identický postup aj sada ingrediencií ako ""Pečené zemiaky z plechu"" (id=priloha-pecene-zemiaky), ktorý zostáva (dlhší postup / úplnejšie dáta)";
zemiakove-pagaciky;Zemiakové pagáčiky;Príloha;PONECHAT;"Slovenské/domáce jedlo bez medzinárodnej predlohy; postup 17 krokov / 2252 znakov";
zemiakove-placky;Zemiakové placky;Príloha;PONECHAT;Bez medzinárodnej predlohy, použiteľný postup (4 krokov / 393 znakov, 25 % ingrediencií bez množstva);
zemiakove-rolky-plnene-sunkou-a-syrom;Zemiakové rolky plnené šunkou a syrom;Hlavné jedlo;PONECHAT;Bez medzinárodnej predlohy, použiteľný postup (14 krokov / 1908 znakov, 20 % ingrediencií bez množstva);
zemiakove-wedges-pecene;Zemiakové wedges pečené s bylinkami;Príloha;VYHODIT;"Duplicita: identický postup aj sada ingrediencií ako ""Pečené zemiaky z plechu"" (id=priloha-pecene-zemiaky), ktorý zostáva (dlhší postup / úplnejšie dáta)";
zemiakove-zrazy;Zemiakové zrazy (Картопляні зрази);Hlavné jedlo;PONECHAT;Bez medzinárodnej predlohy, použiteľný postup (6 krokov / 2091 znakov, 30 % ingrediencií bez množstva);
zemiakovo-cesnakova-polievka;Zemiakovo-cesnaková polievka;Polievka;VYHODIT;"Duplicita: identický postup aj sada ingrediencií ako ""Cesnaková polievka"" (id=cesnakova-polievka), ktorý zostáva (dlhší postup / úplnejšie dáta)";
zemiakovo-cuketove-placky;Zemiakovo-cuketové placky;Hlavné jedlo;VYHODIT;36 % ingrediencií (5/14) bez množstva – plánovač neurčí výživu ani nákup;
zemiakovo-uhorkovy-salat;Zemiakovo-uhorkový šalát;Šalát;PONECHAT;Bez medzinárodnej predlohy, použiteľný postup (5 krokov / 465 znakov, 0 % ingrediencií bez množstva);
zemiakovo-vajickovy-salat;Zemiakovo-vajíčkový šalát;Šalát;PONECHAT;Bez medzinárodnej predlohy, použiteľný postup (4 krokov / 541 znakov, 33 % ingrediencií bez množstva);
zemiakovy-chlieb-v-rimskom-hrnci-romertopf;Zemiakový chlieb v rímskom hrnci (Römertopf);Raňajky;VYHODIT;5 surovín s výskytom najviac 2× v celej DB: 'Uvarené prelisované zemiaky', 'Voda podľa potreby', 'Ocot biely';
zemiakovy-chlieb;Zemiakový chlieb;Pečivo;PONECHAT;Bez medzinárodnej predlohy, použiteľný postup (7 krokov / 480 znakov, 0 % ingrediencií bez množstva);
zemiakovy-gulas-so-zeleninou;Zemiakový guláš so zeleninou;Hlavné jedlo;PONECHAT;"Slovenské/domáce jedlo bez medzinárodnej predlohy; postup 6 krokov / 475 znakov";
zemiakovy-gulas;Zemiakový guláš (fačkový);Hlavné jedlo;PONECHAT;"Slovenské/domáce jedlo bez medzinárodnej predlohy; postup 8 krokov / 662 znakov";
zemiakovy-paprikas-inovovany;Zemiakový paprikáš, inovovaný;Hlavné jedlo;VYHODIT;9 surovín s výskytom najviac 2× v celej DB: 'Poľská konzumná klobása', 'Klobása pytliacka slovenská', 'Žltá veľká cibuľa';
zemiakovy-salat-oktobrovy;Zemiakový šalát - októbrový;Príloha;VYHODIT;7 surovín s výskytom najviac 2× v celej DB: 'Červené jablko', 'Saláma diétna', 'Sladkokyslá uhorka';
zemiakovy-salat-s-vajcom-a-horcicou;Zemiakový šalát s vajcom a horčicou;Šalát;VYHODIT;"Duplicita: identický postup aj sada ingrediencií ako ""Nemecký zemiakový šalát (teplý)"" (id=nemecky-zemiakovy-salat), ktorý zostáva (dlhší postup / úplnejšie dáta)";
zemiakovy-salat-so-slaninou-a-fazulkami;Zemiakový šalát so slaninou a zelenými fazuľkami;Šalát;PONECHAT;"Slovenské/domáce jedlo bez medzinárodnej predlohy; postup 3 krokov / 558 znakov";
zemiaky-na-masle-s-koprom;Zemiaky na masle s kôprom;Príloha;VYHODIT;"36 % ingrediencií (5/14) bez množstva – plánovač neurčí výživu ani nákup; 3 surovín s výskytom najviac 2× v celej DB: 'Celý klinček', 'Biely vínny ocot 8%', 'Smotana sladká na varenie'";
zemiaky-pecene-v-supke-s-tvarohom;Zemiaky pečené v šupke s tvarohom;Príloha;VYHODIT;"Duplicita: identický postup aj sada ingrediencií ako ""Pečené zemiaky z plechu"" (id=priloha-pecene-zemiaky), ktorý zostáva (dlhší postup / úplnejšie dáta)";
zemiaky-s-kyslymi-uhorkami;Zemiaky s kyslými uhorkami;Hlavné jedlo;VYHODIT;2 surovín s výskytom najviac 2× v celej DB: 'Sladkokyslé nakladané uhorky', 'Nálev z kyslých zhoriek';
zemle-na-hamburgery;Žemle na hamburgery;Pečivo;NAHRADIT;"Rozmarný variant medzinárodného jedla: ""Žemle na hamburgery""";Classic Beef Burger (BBC Good Food)
zemlicky-majstrov-sveta-weltmeisterbrotchen;Žemličky majstrov sveta - Weltmeisterbrötchen;Snack;VYHODIT;3 surovín s výskytom najviac 2× v celej DB: 'Panenský olej', 'Ľanové semiačka', 'Tekvicové semiačka';
zemlovka;Žemľovka s jablkami;Dezert;VYHODIT;2 surovín s výskytom najviac 2× v celej DB: 'Veka', 'Jablková marmeláda';
zemplinsky-bravcovy-gulas;Zemplínsky bravčový guláš;Hlavné jedlo;VYHODIT;36 % ingrediencií (5/14) bez množstva – plánovač neurčí výživu ani nákup;
zemplinsky-rezancovy-koch-zapekane-cestoviny;Zemplínsky rezancový koch - zapekané cestoviny;Cestoviny;PONECHAT;Bez medzinárodnej predlohy, použiteľný postup (6 krokov / 931 znakov, 12 % ingrediencií bez množstva);
zivanska-pochutka;Živánska pochúťka;Hlavné jedlo;VYHODIT;"Názov nie je jedlo (marketingové slovo namiesto jedla): ""Živánska pochúťka""";
